date,open,high,low,close,volume,hl_pct,parkinson_volatility,ohlcv_date,har_daily_vol,har_weekly_vol,har_monthly_vol
2010-07-27 00:00:00+07:00,11119.9287109375,11119.9287109375,10472.7373046875,11119.9287109375,365442,0.059963444539140535,0.001296843867306052,2010-07-27 00:00:00+07:00,0.001296843867306052,0.001296843867306052,0.001296843867306052
2010-07-28 00:00:00+07:00,10708.0791015625,11472.9423828125,10708.0791015625,11472.9423828125,347340,0.06899291404632672,0.0017168151015050429,2010-07-28 00:00:00+07:00,0.0017168151015050429,0.0015068294844055475,0.0015068294844055475
2010-07-29 00:00:00+07:00,11472.9423828125,11472.9423828125,11002.2578125,11472.9423828125,370659,0.04189091940531723,0.0006329280338431022,2010-07-29 00:00:00+07:00,0.0006329280338431022,0.0012155290008847323,0.0012155290008847323
2010-07-30 00:00:00+07:00,10943.421875,11296.435546875,10472.7373046875,11296.435546875,316169,0.0757118042516839,0.0020674820095259545,2010-07-30 00:00:00+07:00,0.0020674820095259545,0.0014285172530450379,0.0014285172530450379
2010-08-02 00:00:00+07:00,11296.435546875,11296.435546875,11178.7646484375,11296.435546875,235520,0.010471272567696983,3.9546993864429615e-05,2010-08-02 00:00:00+07:00,3.9546993864429615e-05,0.0011507232012089163,0.0011507232012089163
2010-08-03 00:00:00+07:00,11296.435546875,11296.435546875,10766.9150390625,10766.9150390625,80988,0.0480092276895144,0.000831311880069136,2010-08-03 00:00:00+07:00,0.000831311880069136,0.001057616803761533,0.0010974879810189528
2010-08-04 00:00:00+07:00,11061.0927734375,11178.7646484375,10237.39453125,10237.39453125,110103,0.08796881813149979,0.0027910785690571085,2010-08-04 00:00:00+07:00,0.0027910785690571085,0.0012724694972719463,0.0013394294935958322
2010-08-05 00:00:00+07:00,10472.7373046875,10472.7373046875,10237.39453125,10237.39453125,148141,0.022728286447512878,0.00018631504943253635,2010-08-05 00:00:00+07:00,0.00018631504943253635,0.001183146900389833,0.0011952901880754201
2010-08-06 00:00:00+07:00,10531.572265625,10590.408203125,10060.8876953125,10355.0654296875,209583,0.051293304094074774,0.0009489337613556416,2010-08-06 00:00:00+07:00,0.0009489337613556416,0.0009594372507557703,0.0011679172517732226
2010-08-09 00:00:00+07:00,10531.572265625,10531.572265625,9884.380859375,10002.0517578125,134204,0.0634218076712907,0.001450747330835578,2010-08-09 00:00:00+07:00,0.001450747330835578,0.00124167731815,0.0011962002596794582
2010-08-10 00:00:00+07:00,9766.7099609375,10002.0517578125,9531.3671875,9531.3671875,311121,0.048202078915555384,0.0008380039899695196,2010-08-10 00:00:00+07:00,0.0008380039899695196,0.0012430157401300767,0.0011636369624331002
2010-08-11 00:00:00+07:00,9531.3671875,10002.0517578125,9531.3671875,10002.0517578125,380993,0.048202078915555384,0.0008380039899695196,2010-08-11 00:00:00+07:00,0.0008380039899695196,0.0008524008243125589,0.0011365008813944684
2010-08-12 00:00:00+07:00,10002.0517578125,10355.0654296875,9590.203125,10355.0654296875,665889,0.07673374389537416,0.0021236714284274777,2010-08-12 00:00:00+07:00,0.0021236714284274777,0.0012398721001115472,0.0012124370773200846
2010-08-13 00:00:00+07:00,10413.9013671875,10708.0791015625,10002.0517578125,10708.0791015625,354309,0.06820826504749006,0.001677986851591292,2010-08-13 00:00:00+07:00,0.001677986851591292,0.0013856827181586771,0.0012456906326251706
2010-08-16 00:00:00+07:00,10943.421875,11061.0927734375,10590.408203125,11061.0927734375,300158,0.043485090358211666,0.0006820171590160202,2010-08-16 00:00:00+07:00,0.0006820171590160202,0.0012319366837947657,0.0012081124010512273
2010-08-17 00:00:00+07:00,11061.0927734375,11296.435546875,10590.408203125,11119.9287109375,245803,0.06453853266406856,0.0015022863524692736,2010-08-17 00:00:00+07:00,0.0015022863524692736,0.0013647931562947167,0.0012264982730148552
2010-08-18 00:00:00+07:00,11119.9287109375,11178.7646484375,10590.408203125,10590.408203125,225985,0.05406726009637148,0.001054346283269586,2010-08-18 00:00:00+07:00,0.001054346283269586,0.0014080616149547299,0.0012163716853827806
2010-08-19 00:00:00+07:00,10708.0791015625,10708.0791015625,10119.7236328125,10531.572265625,117258,0.05651215830131457,0.0011518563897543847,2010-08-19 00:00:00+07:00,0.0011518563897543847,0.0012136986072201115,0.0012127875022923142
2010-08-20 00:00:00+07:00,10590.408203125,10590.408203125,10060.8876953125,10590.408203125,171494,0.051293304094074774,0.0009489337613556416,2010-08-20 00:00:00+07:00,0.0009489337613556416,0.0010678879891729812,0.001198900463295647
2010-08-23 00:00:00+07:00,10590.408203125,10590.408203125,10060.8876953125,10060.8876953125,92936,0.051293304094074774,0.0009489337613556416,2010-08-23 00:00:00+07:00,0.0009489337613556416,0.0011212713096409054,0.001186402128198647
2010-08-24 00:00:00+07:00,10178.55859375,10296.23046875,9590.203125,10119.7236328125,193284,0.07103578475437189,0.0018199896274529587,2010-08-24 00:00:00+07:00,0.0018199896274529587,0.0011848119646376426,0.0012165729614964714
2010-08-25 00:00:00+07:00,10119.7236328125,10119.7236328125,9649.0390625,9943.216796875,273252,0.04762802309876804,0.0008181626672939349,2010-08-25 00:00:00+07:00,0.0008181626672939349,0.0011375752414425123,0.0011984634026690833
2010-08-26 00:00:00+07:00,10413.9013671875,10413.9013671875,9707.8740234375,10002.0517578125,227056,0.0702042723132332,0.0017776310678523923,2010-08-26 00:00:00+07:00,0.0017776310678523923,0.0012627301770621138,0.0012203173663302804
2010-08-27 00:00:00+07:00,10002.0517578125,10002.0517578125,9649.0390625,9884.380859375,83622,0.035931916352592526,0.0004656668341804097,2010-08-27 00:00:00+07:00,0.0004656668341804097,0.0011660767916270675,0.0011634469905427971
2010-08-30 00:00:00+07:00,10002.0517578125,10178.55859375,9707.8740234375,9825.544921875,245888,0.04734609791973768,0.0008085054123766734,2010-08-30 00:00:00+07:00,0.0008085054123766734,0.0011379911218312737,0.0011714277804761415
2010-08-31 00:00:00+07:00,9884.380859375,9884.380859375,9766.7099609375,9766.7099609375,119264,0.011976160097772609,5.173086420535355e-05,2010-08-31 00:00:00+07:00,5.173086420535355e-05,0.0007843393691817528,0.001079802728416114
2010-09-01 00:00:00+07:00,9649.0390625,9766.7099609375,9413.6962890625,9413.6962890625,90217,0.03681397937202214,0.0004888099941879747,2010-09-01 00:00:00+07:00,0.0004888099941879747,0.0007184688345605607,0.0011002237738853662
2010-09-02 00:00:00+07:00,9413.6962890625,9413.6962890625,9413.6962890625,9413.6962890625,0,0.0,0.0,2010-09-02 00:00:00+07:00,0.0,0.0003629426209900823,0.00106243687024586
2010-09-03 00:00:00+07:00,9413.6962890625,9413.6962890625,9413.6962890625,9413.6962890625,0,0.0,0.0,2010-09-03 00:00:00+07:00,0.0,0.0002698092541540004,0.0009355696625614457
2010-09-06 00:00:00+07:00,9766.7099609375,9884.380859375,9649.0390625,9884.380859375,127490,0.024097488926323202,0.00020943927525073793,2010-09-06 00:00:00+07:00,0.00020943927525073793,0.00014999602672881323,0.0009366207637350005
2010-09-07 00:00:00+07:00,9884.380859375,10119.7236328125,9884.380859375,10060.8876953125,79985,0.02353053417244474,0.0001997000254669237,2010-09-07 00:00:00+07:00,0.0001997000254669237,0.00017958985898112724,0.0009025646848309679
2010-09-08 00:00:00+07:00,9707.8740234375,10060.8876953125,9590.203125,10060.8876953125,105072,0.047913331280714115,0.0008279941759847209,2010-09-08 00:00:00+07:00,0.0008279941759847209,0.0002474266953404765,0.000874257723246838
2010-09-09 00:00:00+07:00,10060.8876953125,10060.8876953125,9707.8740234375,9707.8740234375,82484,0.035718089661369565,0.0004601410655768015,2010-09-09 00:00:00+07:00,0.0004601410655768015,0.0003394549084558368,0.0008570821357744417
2010-09-10 00:00:00+07:00,9649.0390625,9884.380859375,9354.8603515625,9354.8603515625,167823,0.055059788367769,0.0010934114644506338,2010-09-10 00:00:00+07:00,0.0010934114644506338,0.0005581372013459636,0.0008686915664326742
2010-09-13 00:00:00+07:00,9178.353515625,9766.7099609375,9178.353515625,9531.3671875,321692,0.06213182725572625,0.0013923319846071108,2010-09-13 00:00:00+07:00,0.0013923319846071108,0.0007947157432172381,0.0008354488644408395
2010-09-14 00:00:00+07:00,9825.544921875,9825.544921875,9354.8603515625,9590.203125,261712,0.04908958706799569,0.0008691471400632512,2010-09-14 00:00:00+07:00,0.0008691471400632512,0.0009286051661365037,0.0007986834230077466
2010-09-15 00:00:00+07:00,9649.0390625,9649.0390625,9354.8603515625,9472.5322265625,395253,0.030962299441445778,0.0003457649448733657,2010-09-15 00:00:00+07:00,0.0003457649448733657,0.0008321593199142327,0.0007833992314558078
2010-09-16 00:00:00+07:00,9590.203125,9590.203125,9354.8603515625,9531.3671875,76314,0.02484603765307158,0.00022265314076555734,2010-09-16 00:00:00+07:00,0.00022265314076555734,0.0007846617349519839,0.0007252340854692753
2010-09-17 00:00:00+07:00,9413.6962890625,9707.8740234375,9413.6962890625,9649.0390625,45482,0.03077163037444187,0.00034151954392151767,2010-09-17 00:00:00+07:00,0.00034151954392151767,0.0006342833508461606,0.000692832870044363
2010-09-20 00:00:00+07:00,9707.8740234375,9943.216796875,9472.5322265625,9649.0390625,119825,0.048494323707558476,0.0008481962769990978,2010-09-20 00:00:00+07:00,0.0008481962769990978,0.000525456209324558,0.0006790301376463954
2010-09-21 00:00:00+07:00,9649.0390625,9649.0390625,9413.6962890625,9590.203125,161364,0.024692650543471518,0.00021991252650319096,2010-09-21 00:00:00+07:00,0.00021991252650319096,0.0003956092866125459,0.0006458928087894659
2010-09-22 00:00:00+07:00,9590.203125,9707.8740234375,9531.3671875,9649.0390625,206915,0.018349142393933128,0.00012143561859432392,2010-09-22 00:00:00+07:00,0.00012143561859432392,0.00035074342135673757,0.0006082792568457697
2010-09-23 00:00:00+07:00,9649.0390625,9649.0390625,9649.0390625,9649.0390625,0,0.0,0.0,2010-09-23 00:00:00+07:00,0.0,0.0003062127932036261,0.0005255524555979079
2010-09-24 00:00:00+07:00,9413.6962890625,9943.216796875,9413.6962890625,9943.216796875,2377183,0.05472490889680354,0.001080151423015291,2010-09-24 00:00:00+07:00,0.001080151423015291,0.0004539391690223807,0.000537461035403424
2010-09-27 00:00:00+07:00,10178.55859375,10296.23046875,9943.216796875,10119.7236328125,432901,0.034887264612665676,0.00043898369144736594,2010-09-27 00:00:00+07:00,0.00043898369144736594,0.00037209665191203443,0.0004766134273850137
2010-09-28 00:00:00+07:00,10119.7236328125,10237.39453125,9707.8740234375,9707.8740234375,327318,0.05310983572031615,0.0010173361189900387,2010-09-28 00:00:00+07:00,0.0010173361189900387,0.0005315813704094039,0.0005016893039672696
2010-09-29 00:00:00+07:00,9707.8740234375,9825.544921875,9707.8740234375,9825.544921875,138028,0.01204830779557941,5.23560236585517e-05,2010-09-29 00:00:00+07:00,5.23560236585517e-05,0.0005177654514222495,0.00046731887720735497
2010-09-30 00:00:00+07:00,9707.8740234375,9884.380859375,9354.8603515625,9413.6962890625,483329,0.055059788367769,0.0010934114644506338,2010-09-30 00:00:00+07:00,0.0010934114644506338,0.0007364477443123763,0.0005146679954003223
2010-10-01 00:00:00+07:00,9531.3671875,9531.3671875,9060.6826171875,9060.6826171875,200898,0.050643707536971026,0.0009250506909002879,2010-10-01 00:00:00+07:00,0.0009250506909002879,0.0007054275978893756,0.0005344971179781547
2010-10-04 00:00:00+07:00,9114.8623046875,9114.8623046875,8344.591796875,8472.970703125,114692,0.08829266153961929,0.0028116662306309353,2010-10-04 00:00:00+07:00,0.0028116662306309353,0.0011799641057260895,0.000662300128461379
2010-10-05 00:00:00+07:00,8152.0244140625,8408.78125,8087.83544921875,8152.0244140625,274018,0.038915410258528925,0.0005462076446614962,2010-10-05 00:00:00+07:00,0.0005462076446614962,0.001085738410860381,0.0006871277486732653
2010-10-06 00:00:00+07:00,8408.78125,8537.1591796875,8280.4033203125,8537.1591796875,126267,0.030536626318539505,0.00033632306855985096,2010-10-06 00:00:00+07:00,0.00033632306855985096,0.0011425318198406407,0.0006928951938236793
2010-10-07 00:00:00+07:00,8537.1591796875,8922.294921875,8537.1591796875,8729.7275390625,193490,0.04412488802658106,0.0007022338826313433,2010-10-07 00:00:00+07:00,0.0007022338826313433,0.0010642963034767827,0.0007157376418766077
2010-10-08 00:00:00+07:00,8858.10546875,8858.10546875,8537.1591796875,8793.916015625,107666,0.03690460832789307,0.0004912196695133962,2010-10-08 00:00:00+07:00,0.0004912196695133962,0.0009775300991994042,0.0007004297097642746
2010-10-11 00:00:00+07:00,8665.5380859375,8793.916015625,8665.5380859375,8793.916015625,55725,0.014706100502008684,7.800269482466592e-05,2010-10-11 00:00:00+07:00,7.800269482466592e-05,0.0004307973920381505,0.0006830597838209957
2010-10-12 00:00:00+07:00,8601.3486328125,8665.5380859375,8472.970703125,8665.5380859375,77723,0.022472840484563585,0.00018215054955451982,2010-10-12 00:00:00+07:00,0.00018215054955451982,0.00035798597301675523,0.0006416388331438997
2010-10-13 00:00:00+07:00,8537.1591796875,8665.5380859375,8537.1591796875,8537.1591796875,55679,0.014925716308461177,8.034982092140155e-05,2010-10-13 00:00:00+07:00,8.034982092140155e-05,0.00030679132348906534,0.0005820032802490946
2010-10-14 00:00:00+07:00,8537.1591796875,8729.7275390625,8537.1591796875,8665.5380859375,150196,0.02230585592302116,0.0001794536652578754,2010-10-14 00:00:00+07:00,0.0001794536652578754,0.00020223528001437176,0.0005506535768488503
2010-10-15 00:00:00+07:00,8601.3486328125,8601.3486328125,8537.1591796875,8537.1591796875,38962,0.007490705021662036,2.023764335167062e-05,2010-10-15 00:00:00+07:00,2.023764335167062e-05,0.00010803887478202665,0.0005358568813251369
2010-10-18 00:00:00+07:00,8537.1591796875,8665.5380859375,8472.970703125,8537.1591796875,101777,0.022472840484563585,0.00018215054955451982,2010-10-18 00:00:00+07:00,0.00018215054955451982,0.00012886844572799743,0.000534015854451908
2010-10-19 00:00:00+07:00,8537.1591796875,8537.1591796875,8152.0244140625,8537.1591796875,104706,0.04616201294057845,0.0007685710547811437,2010-10-19 00:00:00+07:00,0.0007685710547811437,0.00024615254677332217,0.0005534272867637091
2010-10-20 00:00:00+07:00,8344.591796875,8344.591796875,8152.0244140625,8344.591796875,234868,0.02334734925313095,0.00019660280400597138,2010-10-20 00:00:00+07:00,0.00019660280400597138,0.0002694031433902362,0.0005238094016276579
2010-10-21 00:00:00+07:00,8087.83544921875,8344.591796875,8087.83544921875,8087.83544921875,106715,0.03125250356550337,0.0003522769068766815,2010-10-21 00:00:00+07:00,0.0003522769068766815,0.0003039677917139974,0.0005298259643719075
2010-10-22 00:00:00+07:00,7702.7001953125,8087.83544921875,7702.7001953125,7895.26806640625,86868,0.048790194355583794,0.000858577778291118,2010-10-22 00:00:00+07:00,0.000858577778291118,0.00047163581870188686,0.0005633324261763072
2010-10-25 00:00:00+07:00,8280.4033203125,8280.4033203125,7702.7001953125,8152.0244140625,318683,0.07232073528999512,0.0018864279115513246,2010-10-25 00:00:00+07:00,0.0018864279115513246,0.0008124912911012479,0.00064907914942864
2010-10-26 00:00:00+07:00,8280.4033203125,8537.1591796875,7766.8896484375,8344.591796875,172661,0.09455852212140733,0.0032248973798615238,2010-10-26 00:00:00+07:00,0.0032248973798615238,0.0013037565561173237,0.0007465676020125598
2010-10-27 00:00:00+07:00,8537.1591796875,8665.5380859375,7959.45703125,8344.591796875,246786,0.08499323464532134,0.002605453119508835,2010-10-27 00:00:00+07:00,0.002605453119508835,0.0017855266192178965,0.000845043485106263
2010-10-28 00:00:00+07:00,8472.970703125,8537.1591796875,8023.646484375,8537.1591796875,171602,0.062035311304271666,0.0013880096307645146,2010-10-28 00:00:00+07:00,0.0013880096307645146,0.001992673163995463,0.000861892281096012
2010-10-29 00:00:00+07:00,8408.78125,8665.5380859375,8344.591796875,8537.1591796875,488244,0.03774037999590852,0.0005137207227348707,2010-10-29 00:00:00+07:00,0.0005137207227348707,0.0019237017528842138,0.0008828634037812991
2010-11-01 00:00:00+07:00,8472.970703125,8472.970703125,8280.4033203125,8280.4033203125,32108,0.022989502142436835,0.0001906222890245891,2010-11-01 00:00:00+07:00,0.0001906222890245891,0.0015845406283788665,0.0008418275321710242
2010-11-02 00:00:00+07:00,7959.45703125,8280.4033203125,7959.45703125,8216.2138671875,11388,0.0395308920183207,0.0005636217918760563,2010-11-02 00:00:00+07:00,0.0005636217918760563,0.001052285510781773,0.0008253989458517411
2010-11-03 00:00:00+07:00,8087.83544921875,8087.83544921875,7895.26806640625,7895.26806640625,55180,0.02409753538161359,0.00020944008276821486,2010-11-03 00:00:00+07:00,0.00020944008276821486,0.000573082903433649,0.0007071159391307083
2010-11-04 00:00:00+07:00,8023.646484375,8280.4033203125,8023.646484375,8216.2138671875,107619,0.031498684985732155,0.0003578486588623521,2010-11-04 00:00:00+07:00,0.0003578486588623521,0.0003670507090532165,0.000698554167048929
2010-11-05 00:00:00+07:00,8152.0244140625,8216.2138671875,8152.0244140625,8152.0244140625,51192,0.007843212088938973,2.2187198331523174e-05,2010-11-05 00:00:00+07:00,2.2187198331523174e-05,0.000268744004172547,0.0006842752638567324
2010-11-08 00:00:00+07:00,8023.646484375,8280.4033203125,7831.07861328125,7831.07861328125,288880,0.055791422946830635,0.001122663036700813,2010-11-08 00:00:00+07:00,0.001122663036700813,0.0004551521537077918,0.0007033856799507992
2010-11-09 00:00:00+07:00,8087.83544921875,8087.83544921875,7702.7001953125,8023.646484375,125737,0.048790194355583794,0.000858577778291118,2010-11-09 00:00:00+07:00,0.000858577778291118,0.0005141433509908041,0.000720083775804332
2010-11-10 00:00:00+07:00,8152.0244140625,8152.0244140625,7895.26806640625,8023.646484375,94953,0.032002689693986,0.00036939201960765406,2010-11-10 00:00:00+07:00,0.00036939201960765406,0.000546133738358692,0.0007333287451126495
2010-11-11 00:00:00+07:00,7959.45703125,8152.0244140625,7895.26806640625,7895.26806640625,17510,0.032002689693986,0.00036939201960765406,2010-11-11 00:00:00+07:00,0.00036939201960765406,0.0005484424105077524,0.0007418397210241556
2010-11-12 00:00:00+07:00,7959.45703125,7959.45703125,7510.1328125,7574.322265625,36517,0.05810763500188248,0.0012178139579188511,2010-11-12 00:00:00+07:00,0.0012178139579188511,0.0007875677624252179,0.0007935426363422216
2010-11-15 00:00:00+07:00,7638.51123046875,7638.51123046875,7317.5654296875,7317.5654296875,10671,0.04292503798823236,0.0006645626419495484,2010-11-15 00:00:00+07:00,0.0006645626419495484,0.000695947683474965,0.0008155930443736612
2010-11-16 00:00:00+07:00,7060.80859375,7510.1328125,7060.80859375,7317.5654296875,21530,0.06169357373379999,0.0013727593312047866,2010-11-16 00:00:00+07:00,0.0013727593312047866,0.0007987839940576987,0.0008770713029124393
2010-11-17 00:00:00+07:00,7189.18701171875,7445.94384765625,7060.80859375,7060.80859375,48434,0.053109857506201404,0.001017336953621598,2010-11-17 00:00:00+07:00,0.001017336953621598,0.0009283729808604875,0.0009150343212791247
2010-11-18 00:00:00+07:00,7317.5654296875,7381.75439453125,6932.43017578125,7317.5654296875,76913,0.06280090675128423,0.0014224806792106734,2010-11-18 00:00:00+07:00,0.0014224806792106734,0.0011389907127810916,0.0009447574860259215
2010-11-19 00:00:00+07:00,7510.1328125,7510.1328125,7317.5654296875,7381.75439453125,59200,0.025975469293701,0.0002433556046794204,2010-11-19 00:00:00+07:00,0.0002433556046794204,0.0009440990421332052,0.0009468826133292599
2010-11-22 00:00:00+07:00,7060.80859375,7445.94384765625,7060.80859375,7189.18701171875,4144,0.053109857506201404,0.001017336953621598,2010-11-22 00:00:00+07:00,0.001017336953621598,0.0010146539044676153,0.000977112615454029
2010-11-23 00:00:00+07:00,7317.5654296875,7317.5654296875,7317.5654296875,7189.18701171875,33962,0.0,0.0,2010-11-23 00:00:00+07:00,0.0,0.0007401020382266579,0.0009380863528044327
2010-11-24 00:00:00+07:00,7317.5654296875,7317.5654296875,7189.18701171875,7189.18701171875,48357,0.017699587823428342,0.00011299021979220181,2010-11-24 00:00:00+07:00,0.00011299021979220181,0.0005592326914607786,0.0008574755486335635
2010-11-25 00:00:00+07:00,7381.75439453125,7381.75439453125,7253.37646484375,7381.75439453125,16591,0.017544253455190388,0.00011101568250314061,2010-11-25 00:00:00+07:00,0.00011101568250314061,0.0002969396921192721,0.0007159354714809097
2010-11-26 00:00:00+07:00,7381.75439453125,7381.75439453125,7124.998046875,7124.998046875,51722,0.03540188116512812,0.0004520299675089947,2010-11-26 00:00:00+07:00,0.0004520299675089947,0.0003386745646851869,0.0006180526009354624
2010-11-29 00:00:00+07:00,7317.5654296875,7317.5654296875,7060.80859375,7317.5654296875,81633,0.035718104440098916,0.00046014144635313876,2010-11-29 00:00:00+07:00,0.00046014144635313876,0.0002272354632314951,0.000575876774371309
2010-11-30 00:00:00+07:00,7574.322265625,7638.51123046875,7381.75439453125,7574.322265625,82007,0.034191385870865336,0.0004216459723698274,2010-11-30 00:00:00+07:00,0.0004216459723698274,0.0003115646577054606,0.0005716915584456252
2010-12-01 00:00:00+07:00,7574.322265625,7574.322265625,7381.75439453125,7574.322265625,8646,0.025752544311277745,0.00023919650728744795,2010-12-01 00:00:00+07:00,0.00023919650728744795,0.0003368059152045098,0.0005738994774575733
2010-12-02 00:00:00+07:00,7574.322265625,7895.26806640625,7510.1328125,7895.26806640625,164498,0.050010450704178214,0.0009020613694246795,2010-12-02 00:00:00+07:00,0.0009020613694246795,0.0004950150525888175,0.0005892830946188743
2010-12-03 00:00:00+07:00,8280.4033203125,8280.4033203125,8280.4033203125,8280.4033203125,1022649,0.0,0.0,2010-12-03 00:00:00+07:00,0.0,0.00040460905908701865,0.0005797630908566828
2010-12-06 00:00:00+07:00,8665.5380859375,8665.5380859375,8665.5380859375,8665.5380859375,831993,0.0,0.0,2010-12-06 00:00:00+07:00,0.0,0.0003125807698163909,0.0005634972427265759
2010-12-07 00:00:00+07:00,9050.6728515625,9050.6728515625,8986.4833984375,9050.6728515625,1148511,0.0071174993679851035,1.827129889367242e-05,2010-12-07 00:00:00+07:00,1.827129889367242e-05,0.0002319058351211599,0.0005633192472975826
2010-12-08 00:00:00+07:00,8665.5380859375,9243.240234375,8601.3486328125,8601.3486328125,314367,0.071973490163758,0.001868356184529186,2010-12-08 00:00:00+07:00,0.001868356184529186,0.0005577377705695075,0.0005972143903806905
2010-12-09 00:00:00+07:00,8216.2138671875,8665.5380859375,8216.2138671875,8216.2138671875,649455,0.05324451716010047,0.001022502394557117,2010-12-09 00:00:00+07:00,0.001022502394557117,0.0005818259755959951,0.0006046655093018723
2010-12-10 00:00:00+07:00,8472.970703125,8601.3486328125,8087.83544921875,8601.3486328125,659161,0.06155787227461282,0.0013667269179095472,2010-12-10 00:00:00+07:00,0.0013667269179095472,0.0008551713591779045,0.0006499989137701401
2010-12-13 00:00:00+07:00,8922.294921875,8986.4833984375,8537.1591796875,8537.1591796875,861391,0.05129330010703209,0.0009489336138338811,2010-12-13 00:00:00+07:00,0.0009489336138338811,0.0010449580819446808,0.000676341713507696
2010-12-14 00:00:00+07:00,8280.4033203125,8472.970703125,8152.0244140625,8152.0244140625,479426,0.03861488876447585,0.0005378041187040102,2010-12-14 00:00:00+07:00,0.0005378041187040102,0.001148864645906748,0.0006454321753615668
2010-12-15 00:00:00+07:00,8023.646484375,8152.0244140625,7766.8896484375,7766.8896484375,444623,0.048396509180828946,0.0008447780524036549,2010-12-15 00:00:00+07:00,0.0008447780524036549,0.000944149019481642,0.0006536237849276626
2010-12-16 00:00:00+07:00,7445.94384765625,7831.07861328125,7445.94384765625,7445.94384765625,416347,0.050430820300971124,0.0009172899016101864,2010-12-16 00:00:00+07:00,0.0009172899016101864,0.0009231065208922558,0.000632920629036999
2010-12-17 00:00:00+07:00,7766.8896484375,7766.8896484375,7445.94384765625,7766.8896484375,466729,0.042200347444934005,0.0006423128357221723,2010-12-17 00:00:00+07:00,0.0006423128357221723,0.0007782237044547808,0.0006158740782233886
2010-12-20 00:00:00+07:00,8023.646484375,8087.83544921875,7831.07861328125,7831.07861328125,479317,0.032260882012419216,0.0003753764486852823,2010-12-20 00:00:00+07:00,0.0003753764486852823,0.0006635122714250611,0.0005682784313813254
2010-12-21 00:00:00+07:00,7702.7001953125,7831.07861328125,7445.94384765625,7766.8896484375,267085,0.050430820300971124,0.0009172899016101864,2010-12-21 00:00:00+07:00,0.0009172899016101864,0.0007394094280062963,0.000598911808514542
2010-12-22 00:00:00+07:00,7895.26806640625,7895.26806640625,7574.322265625,7574.322265625,86369,0.041499723569234495,0.0006211621083604531,2010-12-22 00:00:00+07:00,0.0006211621083604531,0.0006946862391976561,0.0005809038610026718
2010-12-23 00:00:00+07:00,7574.322265625,7574.322265625,7574.322265625,7574.322265625,0,0.0,0.0,2010-12-23 00:00:00+07:00,0.0,0.0005112282588756187,0.0005809038610026718
2010-12-24 00:00:00+07:00,7253.37646484375,7381.75439453125,7124.998046875,7124.998046875,138808,0.03540188116512812,0.0004520299675089947,2010-12-24 00:00:00+07:00,0.0004520299675089947,0.0004731716852329832,0.0005963147586261623
2010-12-27 00:00:00+07:00,7124.998046875,7253.37646484375,7060.80859375,7189.18701171875,100780,0.026907503102275694,0.0002611327519986794,2010-12-27 00:00:00+07:00,0.0002611327519986794,0.0004503229458956627,0.0006031382617850506
2010-12-28 00:00:00+07:00,7381.75439453125,7510.1328125,7189.18701171875,7510.1328125,201872,0.0436750571171295,0.0006879890258817684,2010-12-28 00:00:00+07:00,0.0006879890258817684,0.000404462770749979,0.0006138636735292676
2010-12-29 00:00:00+07:00,7574.322265625,7702.7001953125,7317.5654296875,7317.5654296875,199363,0.05129326102390914,0.0009489321677473593,2010-12-29 00:00:00+07:00,0.0009489321677473593,0.00047001678262736024,0.0006360814335926412
2010-12-30 00:00:00+07:00,7253.37646484375,7381.75439453125,7124.998046875,7124.998046875,148233,0.03540188116512812,0.0004520299675089947,2010-12-30 00:00:00+07:00,0.0004520299675089947,0.0005604227761291592,0.0006374625242807851
2010-12-31 00:00:00+07:00,7189.18701171875,7445.94384765625,7189.18701171875,7445.94384765625,231970,0.035091340889530795,0.00044413446377668736,2010-12-31 00:00:00+07:00,0.00044413446377668736,0.0005588436753826977,0.0006467778859393869
2011-01-03 00:00:00+07:00,7445.94384765625,7445.94384765625,7445.94384765625,7445.94384765625,0,0.0,0.0,2011-01-03 00:00:00+07:00,0.0,0.0005066171249829618,0.0006057750964200833
2011-01-04 00:00:00+07:00,7766.8896484375,7766.8896484375,7702.7001953125,7766.8896484375,452147,0.008298839487127417,2.4839867622872456e-05,2011-01-04 00:00:00+07:00,2.4839867622872456e-05,0.0003739872933311827,0.000606904181312032
2011-01-05 00:00:00+07:00,8023.646484375,8023.646484375,7702.7001953125,7702.7001953125,835436,0.04082205030426295,0.0006010411056197235,2011-01-05 00:00:00+07:00,0.0006010411056197235,0.00030440908090565555,0.000634224231567474
2011-01-06 00:00:00+07:00,7574.322265625,7702.7001953125,7445.94384765625,7574.322265625,99892,0.03390150795780658,0.00041452676792422846,2011-01-06 00:00:00+07:00,0.00041452676792422846,0.0002969084409887023,0.0006522358437961356
2011-01-07 00:00:00+07:00,7510.1328125,7638.51123046875,7445.94384765625,7445.94384765625,206467,0.025533284922129963,0.00023514076706912572,2011-01-07 00:00:00+07:00,0.00023514076706912572,0.00025510970164719,0.0005779987793661329
2011-01-10 00:00:00+07:00,7445.94384765625,7445.94384765625,7445.94384765625,7445.94384765625,0,0.0,0.0,2011-01-10 00:00:00+07:00,0.0,0.00025510970164719,0.0005315213977953549
2011-01-11 00:00:00+07:00,7381.75439453125,7381.75439453125,7124.998046875,7124.998046875,263860,0.03540188116512812,0.0004520299675089947,2011-01-11 00:00:00+07:00,0.0004520299675089947,0.0003405477216244144,0.0004899442636862389
2011-01-12 00:00:00+07:00,7189.18701171875,7381.75439453125,7189.18701171875,7253.37646484375,207449,0.02643323994079552,0.0002520085897208813,2011-01-12 00:00:00+07:00,0.0002520085897208813,0.0002707412184446459,0.00045826585349928434
2011-01-13 00:00:00+07:00,7445.94384765625,7510.1328125,7253.37646484375,7445.94384765625,198522,0.034786070631524245,0.0004364407531037859,2011-01-13 00:00:00+07:00,0.0004364407531037859,0.00027512401548055745,0.0004536584277901833
2011-01-14 00:00:00+07:00,7574.322265625,7574.322265625,7317.5654296875,7510.1328125,125176,0.034486196428644804,0.000428948489393812,2011-01-14 00:00:00+07:00,0.000428948489393812,0.00031388555994549467,0.0004347570840170086
2011-01-17 00:00:00+07:00,7510.1328125,7574.322265625,7381.75439453125,7381.75439453125,331987,0.025752544311277745,0.00023919650728744795,2011-01-17 00:00:00+07:00,0.00023919650728744795,0.0003617248614029843,0.00040393465700233865
2011-01-18 00:00:00+07:00,7445.94384765625,7445.94384765625,7253.37646484375,7253.37646484375,131751,0.02620235440392582,0.0002476253945642194,2011-01-18 00:00:00+07:00,0.0002476253945642194,0.00032084394681402927,0.0003859943187678862
2011-01-19 00:00:00+07:00,7253.37646484375,7445.94384765625,7253.37646484375,7381.75439453125,143856,0.02620235440392582,0.0002476253945642194,2011-01-19 00:00:00+07:00,0.0002476253945642194,0.00031996730778269684,0.0003801874526714743
2011-01-20 00:00:00+07:00,7317.5654296875,7445.94384765625,7253.37646484375,7253.37646484375,36345,0.02620235440392582,0.0002476253945642194,2011-01-20 00:00:00+07:00,0.0002476253945642194,0.00028220423607478357,0.0003497481568966576
2011-01-21 00:00:00+07:00,7253.37646484375,7381.75439453125,7189.18701171875,7189.18701171875,234120,0.02643323994079552,0.0002520085897208813,2011-01-21 00:00:00+07:00,0.0002520085897208813,0.00024681625614019745,0.0003329684515039498
2011-01-24 00:00:00+07:00,7253.37646484375,7253.37646484375,7060.80859375,7060.80859375,266883,0.026907503102275694,0.0002611327519986794,2011-01-24 00:00:00+07:00,0.0002611327519986794,0.00025120350508244367,0.0003448381220493443
2011-01-25 00:00:00+07:00,7060.80859375,7124.998046875,6932.43017578125,6932.43017578125,123432,0.027399025586156252,0.0002707601733532269,2011-01-25 00:00:00+07:00,0.0002707601733532269,0.00025583046084024516,0.0003365985859513549
2011-01-26 00:00:00+07:00,7124.998046875,7124.998046875,6932.43017578125,7124.998046875,34709,0.027399025586156252,0.0002707601733532269,2011-01-26 00:00:00+07:00,0.0002707601733532269,0.0002604574165980467,0.0003370361960129252
2011-01-27 00:00:00+07:00,7124.998046875,7253.37646484375,7124.998046875,7253.37646484375,324229,0.017857627709937755,0.00011501701095037414,2011-01-27 00:00:00+07:00,0.00011501701095037414,0.00023393573987527764,0.00031099201351604365
2011-01-28 00:00:00+07:00,7060.80859375,7189.18701171875,6932.43017578125,6932.43017578125,584833,0.03636766681048886,0.0004770297082397028,2011-01-28 00:00:00+07:00,0.0004770297082397028,0.00027893996357904194,0.0002895419017202411
2011-01-31 00:00:00+07:00,6932.43017578125,6932.43017578125,6932.43017578125,6932.43017578125,0,0.0,0.0,2011-01-31 00:00:00+07:00,0.0,0.00022671341317930606,0.0002689950850152868
2011-02-01 00:00:00+07:00,6932.43017578125,6932.43017578125,6932.43017578125,6932.43017578125,0,0.0,0.0,2011-02-01 00:00:00+07:00,0.0,0.00017256137850866067,0.0002488071548436192
2011-02-02 00:00:00+07:00,6932.43017578125,6932.43017578125,6932.43017578125,6932.43017578125,0,0.0,0.0,2011-02-02 00:00:00+07:00,0.0,0.00011840934383801531,0.0002488071548436192
2011-02-03 00:00:00+07:00,6932.43017578125,6932.43017578125,6932.43017578125,6932.43017578125,0,0.0,0.0,2011-02-03 00:00:00+07:00,0.0,9.540594164794048e-05,0.0002476780699516704
2011-02-04 00:00:00+07:00,6932.43017578125,6932.43017578125,6932.43017578125,6932.43017578125,0,0.0,0.0,2011-02-04 00:00:00+07:00,0.0,0.0,0.00022035801969622843
2011-02-07 00:00:00+07:00,6932.43017578125,6932.43017578125,6932.43017578125,6932.43017578125,0,0.0,0.0,2011-02-07 00:00:00+07:00,0.0,0.0,0.0002015158938814908
2011-02-08 00:00:00+07:00,6996.61962890625,7060.80859375,6932.43017578125,6932.43017578125,373692,0.01834915019381817,0.00012143572183446956,2011-02-08 00:00:00+07:00,0.00012143572183446956,2.4287144366893826e-05,0.00019634748273446095
2011-02-09 00:00:00+07:00,6932.43017578125,6996.61962890625,6804.05224609375,6932.43017578125,89220,0.027908769024088023,0.0002809285712634208,2011-02-09 00:00:00+07:00,0.0002809285712634208,8.047285861957798e-05,0.00020911696324643462
2011-02-10 00:00:00+07:00,6868.2412109375,6868.2412109375,6804.05224609375,6804.05224609375,74498,0.009389710169010947,3.179939972734358e-05,2011-02-10 00:00:00+07:00,3.179939972734358e-05,8.68327385650467e-05,0.00019001557380181412
2011-02-11 00:00:00+07:00,6804.05224609375,6868.2412109375,6675.673828125,6739.86279296875,137016,0.02843791618021349,0.00029168230765201403,2011-02-11 00:00:00+07:00,0.00029168230765201403,0.0001451692000954495,0.0001918189246168656
2011-02-14 00:00:00+07:00,6675.673828125,6804.05224609375,6611.484375,6611.484375,105173,0.02871015953072585,0.00029729373623573553,2011-02-14 00:00:00+07:00,0.00029729373623573553,0.00020462794734259663,0.0001854940602137724
2011-02-15 00:00:00+07:00,6611.484375,6675.673828125,6483.10595703125,6547.29541015625,68843,0.029270437338686773,0.0003090103105179889,2011-02-15 00:00:00+07:00,0.0003090103105179889,0.00024214286507930047,0.0001800423248103259
2011-02-16 00:00:00+07:00,6547.29541015625,6547.29541015625,6354.72802734375,6418.9169921875,157378,0.029852942810349545,0.0003214318038912254,2011-02-16 00:00:00+07:00,0.0003214318038912254,0.00025024351160486143,0.00018378029283777031
2011-02-17 00:00:00+07:00,6418.9169921875,6418.9169921875,6162.16015625,6226.349609375,165837,0.04082201987662276,0.0006010402096208432,2011-02-17 00:00:00+07:00,0.0006010402096208432,0.0003640916735835613,0.00019984460261307142
2011-02-18 00:00:00+07:00,6162.16015625,6354.72802734375,6097.97119140625,6097.97119140625,145647,0.041242982798514835,0.0006135001619513494,2011-02-18 00:00:00+07:00,0.0006135001619513494,0.0004284552444434284,0.00021647527385794095
2011-02-21 00:00:00+07:00,5905.40380859375,5969.5927734375,5841.21435546875,5841.21435546875,100593,0.02174000011905441,0.00017046437554383575,2011-02-21 00:00:00+07:00,0.00017046437554383575,0.0004030893723050485,0.00021296795481155986
2011-02-22 00:00:00+07:00,5584.4580078125,5648.64697265625,5584.4580078125,5584.4580078125,324525,0.011428659060865327,4.71091319393325e-05,2011-02-22 00:00:00+07:00,4.71091319393325e-05,0.00035070913658931716,0.00020365434309421675
2011-02-23 00:00:00+07:00,5648.64697265625,5777.025390625,5520.2685546875,5584.4580078125,311018,0.0454624015952953,0.0007454513329846702,2011-02-23 00:00:00+07:00,0.0007454513329846702,0.00043551304240800604,0.00022566882404812544
2011-02-24 00:00:00+07:00,5456.07958984375,5584.4580078125,5327.701171875,5584.4580078125,222701,0.0470675382474968,0.0007990197532398331,2011-02-24 00:00:00+07:00,0.0007990197532398331,0.0004751089511318041,0.0002496806231338803
2011-02-25 00:00:00+07:00,5584.4580078125,5648.64697265625,5520.2685546875,5648.64697265625,151349,0.022989532296678473,0.00019062278908538202,2011-02-25 00:00:00+07:00,0.00019062278908538202,0.00039053347655861064,0.00024603801475806913
2011-02-28 00:00:00+07:00,5520.2685546875,5712.8359375,5456.07958984375,5456.07958984375,98427,0.04598505391496258,0.0007626898164159585,2011-02-28 00:00:00+07:00,0.0007626898164159585,0.0005089785647330352,0.0002754776877337775
2011-03-01 00:00:00+07:00,5456.07958984375,5520.2685546875,5199.32275390625,5456.07958984375,239526,0.05989813284502509,0.0012940203823024827,2011-03-01 00:00:00+07:00,0.0012940203823024827,0.0007583608148056651,0.00031261362746390386
2011-03-02 00:00:00+07:00,5391.89013671875,5391.89013671875,5199.32275390625,5199.32275390625,342659,0.036367620692756786,0.00047702849840051,2011-03-02 00:00:00+07:00,0.00047702849840051,0.0007046762478888332,0.0003342967410275634
2011-03-03 00:00:00+07:00,5006.75537109375,5135.1337890625,4942.56591796875,4942.56591796875,220956,0.038221284443702444,0.0005268962442241625,2011-03-03 00:00:00+07:00,0.0005268962442241625,0.000650251546085699,0.0003582465703104799
2011-03-04 00:00:00+07:00,4942.56591796875,5006.75537109375,4814.18798828125,4942.56591796875,100437,0.03922068584642525,0.0005548108112556004,2011-03-04 00:00:00+07:00,0.0005548108112556004,0.0007230891505197427,0.0003834652435493708
2011-03-07 00:00:00+07:00,4942.56591796875,4942.56591796875,4814.18798828125,4942.56591796875,133947,0.026317224015685557,0.00024980130458450266,2011-03-07 00:00:00+07:00,0.00024980130458450266,0.0006205114481534515,0.00039481984830321183
2011-03-08 00:00:00+07:00,4878.376953125,5006.75537109375,4749.99853515625,4749.99853515625,116624,0.05264376511498587,0.0009995589981492135,2011-03-08 00:00:00+07:00,0.0009995589981492135,0.0005616191713227977,0.0004402543482190852
2011-03-09 00:00:00+07:00,4621.6201171875,4621.6201171875,4557.43115234375,4557.43115234375,189891,0.013986197333248046,7.05527344447005e-05,2011-03-09 00:00:00+07:00,7.05527344447005e-05,0.0004803240185316358,0.00044346129069384424
2011-03-10 00:00:00+07:00,4749.99853515625,4749.99853515625,4749.99853515625,4749.99853515625,90295,0.0,0.0,2011-03-10 00:00:00+07:00,0.0,0.0003749447696868033,0.0004379414851559138
2011-03-11 00:00:00+07:00,4942.56591796875,4942.56591796875,4942.56591796875,4942.56591796875,48107,0.0,0.0,2011-03-11 00:00:00+07:00,0.0,0.00026398260743568325,0.00042517200464394015
2011-03-14 00:00:00+07:00,5135.1337890625,5135.1337890625,4878.376953125,4878.376953125,276853,0.05129332441482686,0.0009489345132296679,2011-03-14 00:00:00+07:00,0.0009489345132296679,0.00040380924916471624,0.0004668599643485913
2011-03-15 00:00:00+07:00,4814.18798828125,5006.75537109375,4814.18798828125,4942.56591796875,62035,0.03922068584642525,0.0005548108112556004,2011-03-15 00:00:00+07:00,0.0005548108112556004,0.0003148596117859937,0.0004788203508760271
2011-03-16 00:00:00+07:00,4942.56591796875,5006.75537109375,4814.18798828125,4878.376953125,83549,0.03922068584642525,0.0005548108112556004,2011-03-16 00:00:00+07:00,0.0005548108112556004,0.00041171122714817363,0.0004905256724678391
2011-03-17 00:00:00+07:00,4878.376953125,5006.75537109375,4814.18798828125,4878.376953125,69544,0.03922068584642525,0.0005548108112556004,2011-03-17 00:00:00+07:00,0.0005548108112556004,0.0005226733893992938,0.0005016984225013669
2011-03-18 00:00:00+07:00,4942.56591796875,5070.9443359375,4814.18798828125,5070.9443359375,156412,0.05195967088577735,0.0009737496863138475,2011-03-18 00:00:00+07:00,0.0009737496863138475,0.0007174233266620632,0.0005313492353387588
2011-03-21 00:00:00+07:00,5135.1337890625,5199.32275390625,5070.9443359375,5135.1337890625,161491,0.025001317659368506,0.00022544486302306834,2011-03-21 00:00:00+07:00,0.00022544486302306834,0.0005727253966207434,0.0005142767195843146
2011-03-22 00:00:00+07:00,5135.1337890625,5135.1337890625,4942.56591796875,4942.56591796875,145787,0.038221284443702444,0.0005268962442241625,2011-03-22 00:00:00+07:00,0.0005268962442241625,0.0005671424832144557,0.0005103401778694425
2011-03-23 00:00:00+07:00,5006.75537109375,5006.75537109375,4878.376953125,4942.56591796875,53591,0.025975501801864014,0.00024335621379631666,2011-03-23 00:00:00+07:00,0.00024335621379631666,0.0005048515637225989,0.0005136534432445551
2011-03-24 00:00:00+07:00,5006.75537109375,5006.75537109375,4878.376953125,4878.376953125,84079,0.025975501801864014,0.00024335621379631666,2011-03-24 00:00:00+07:00,0.00024335621379631666,0.0004425606442307422,0.0005225737651471453
2011-03-25 00:00:00+07:00,4942.56591796875,4942.56591796875,4749.99853515625,4749.99853515625,120503,0.03974030328424615,0.000569609077774819,2011-03-25 00:00:00+07:00,0.000569609077774819,0.00036173252252293657,0.0005145809353648794
2011-03-28 00:00:00+07:00,4878.376953125,4942.56591796875,4878.376953125,4942.56591796875,304552,0.013072039971124409,6.163129339595439e-05,2011-03-28 00:00:00+07:00,6.163129339595439e-05,0.0003289698085975138,0.0004810632780992485
2011-03-29 00:00:00+07:00,4942.56591796875,5006.75537109375,4878.376953125,4878.376953125,116483,0.025975501801864014,0.00024335621379631666,2011-03-29 00:00:00+07:00,0.00024335621379631666,0.0002722618025119446,0.00048346025194974553
2011-03-30 00:00:00+07:00,4749.99853515625,4878.376953125,4749.99853515625,4814.18798828125,262084,0.026668263313121974,0.00025650983228536024,2011-03-30 00:00:00+07:00,0.00025650983228536024,0.0002748925262097533,0.0004604520708529002
2011-03-31 00:00:00+07:00,4878.376953125,4878.376953125,4814.18798828125,4814.18798828125,84406,0.013245184044561343,6.327476519221385e-05,2011-03-31 00:00:00+07:00,6.327476519221385e-05,0.00023887623648893272,0.00040450908825697887
2011-04-01 00:00:00+07:00,4878.376953125,4942.56591796875,4814.18798828125,4814.18798828125,64418,0.026317224015685557,0.00024980130458450266,2011-04-01 00:00:00+07:00,0.00024980130458450266,0.00017491468185086947,0.0003941805794471603
2011-04-04 00:00:00+07:00,4878.376953125,4878.376953125,4814.18798828125,4814.18798828125,88488,0.013245184044561343,6.327476519221385e-05,2011-04-04 00:00:00+07:00,6.327476519221385e-05,0.00017524337621012135,0.000373106875854799
2011-04-05 00:00:00+07:00,4878.376953125,4878.376953125,4749.99853515625,4878.376953125,61801,0.026668263313121974,0.00025650983228536024,2011-04-05 00:00:00+07:00,0.00025650983228536024,0.00017787409990793006,0.0003595477404470608
2011-04-06 00:00:00+07:00,4942.56591796875,5006.75537109375,4942.56591796875,5006.75537109375,136861,0.012903461830739609,6.005193842195635e-05,2011-04-06 00:00:00+07:00,6.005193842195635e-05,0.0001385825211352493,0.0003509227692578542
2011-04-07 00:00:00+07:00,5006.75537109375,5070.9443359375,4942.56591796875,5006.75537109375,181977,0.025642446870091675,0.00023715565031740357,2011-04-07 00:00:00+07:00,0.00023715565031740357,0.00017335869816028723,0.00031626807162913554
2011-04-08 00:00:00+07:00,5006.75537109375,5006.75537109375,4942.56591796875,5006.75537109375,41564,0.012903461830739609,6.005193842195635e-05,2011-04-08 00:00:00+07:00,6.005193842195635e-05,0.000135408824927778,0.0003157907627190108
2011-04-11 00:00:00+07:00,5006.75537109375,5006.75537109375,5006.75537109375,5006.75537109375,0,0.0,0.0,2011-04-11 00:00:00+07:00,0.0,0.00012275387188933522,0.0003157907627190108
2011-04-12 00:00:00+07:00,5006.75537109375,5006.75537109375,5006.75537109375,5006.75537109375,0,0.0,0.0,2011-04-12 00:00:00+07:00,0.0,7.145190543226316e-05,0.0003157907627190108
2011-04-13 00:00:00+07:00,5006.75537109375,5006.75537109375,4878.376953125,4942.56591796875,32669,0.025975501801864014,0.00024335621379631666,2011-04-13 00:00:00+07:00,0.00024335621379631666,0.00010811276050713522,0.0002837190218356767
2011-04-14 00:00:00+07:00,4942.56591796875,4942.56591796875,4814.18798828125,4814.18798828125,27683,0.026317224015685557,0.00024980130458450266,2011-04-14 00:00:00+07:00,0.00024980130458450266,0.00011064189136055504,0.0002698549533506267
2011-04-15 00:00:00+07:00,4814.18798828125,4878.376953125,4685.8095703125,4814.18798828125,20237,0.040273871715769814,0.0005850073362730825,2011-04-15 00:00:00+07:00,0.0005850073362730825,0.00021563297093078027,0.0002712275226696032
2011-04-18 00:00:00+07:00,4814.18798828125,4814.18798828125,4621.6201171875,4685.8095703125,117340,0.04082207058935596,0.0006010417029526684,2011-04-18 00:00:00+07:00,0.0006010417029526684,0.000335841311521314,0.00027332892683765175
2011-04-19 00:00:00+07:00,4814.18798828125,4814.18798828125,4493.24169921875,4493.24169921875,58467,0.06899296566774384,0.00171681767059385,2011-04-19 00:00:00+07:00,0.00171681767059385,0.0006792048456400839,0.0003071047443049246
2011-04-20 00:00:00+07:00,4557.43115234375,4557.43115234375,4493.24169921875,4493.24169921875,7244,0.01418469774513966,7.256959840709088e-05,2011-04-20 00:00:00+07:00,7.256959840709088e-05,0.0006450475225622388,0.000300155868640562
2011-04-21 00:00:00+07:00,4364.86376953125,4493.24169921875,4364.86376953125,4429.052734375,31095,0.028987444184011,0.0003030640331113934,2011-04-21 00:00:00+07:00,0.0003030640331113934,0.000655700068267617,0.00028998167722634523
2011-04-22 00:00:00+07:00,4364.86376953125,4364.86376953125,4236.4853515625,4300.67431640625,97212,0.029852980099123835,0.00032143260688110464,2011-04-22 00:00:00+07:00,0.00032143260688110464,0.0006029851223892214,0.0002935306041847447
2011-04-25 00:00:00+07:00,4364.86376953125,4429.052734375,4364.86376953125,4364.86376953125,14644,0.014598752404871832,7.686808002543681e-05,2011-04-25 00:00:00+07:00,7.686808002543681e-05,0.0004981503978037751,0.0002859629617406138
2011-04-26 00:00:00+07:00,4493.24169921875,4493.24169921875,4172.2958984375,4172.2958984375,47064,0.0741079637944795,0.001980816791798564,2011-04-26 00:00:00+07:00,0.001980816791798564,0.0005509502220447179,0.0003501087669235113
2011-04-27 00:00:00+07:00,4364.86376953125,4364.86376953125,4043.917724609375,4172.2958984375,53030,0.07637302317597218,0.002103751855531476,2011-04-27 00:00:00+07:00,0.002103751855531476,0.0009571866734695948,0.00044293242883876224
2011-04-28 00:00:00+07:00,4236.4853515625,4236.4853515625,3979.728515625,3979.728515625,77848,0.06252039416075772,0.0014098014807110881,2011-04-28 00:00:00+07:00,0.0014098014807110881,0.001178534162989534,0.0004959526682439792
2011-04-29 00:00:00+07:00,3851.35009765625,4043.917724609375,3851.35009765625,4043.917724609375,45069,0.048790194355583794,0.000858577778291118,2011-04-29 00:00:00+07:00,0.000858577778291118,0.0012859631972715366,0.0005233193930624227
2011-05-02 00:00:00+07:00,4043.917724609375,4043.917724609375,4043.917724609375,4043.917724609375,0,0.0,0.0,2011-05-02 00:00:00+07:00,0.0,0.0012705895812664494,0.0005204432673718676
2011-05-03 00:00:00+07:00,4043.917724609375,4043.917724609375,4043.917724609375,4043.917724609375,0,0.0,0.0,2011-05-03 00:00:00+07:00,0.0,0.0008744262229067365,0.0005090886626180265
2011-05-04 00:00:00+07:00,4172.2958984375,4172.2958984375,3915.539306640625,4108.10693359375,36236,0.06351338557792269,0.0014549399682730912,2011-05-04 00:00:00+07:00,0.0014549399682730912,0.0007446638454550594,0.0005723461718489755
2011-05-05 00:00:00+07:00,4108.10693359375,4236.4853515625,3979.728515625,4236.4853515625,92118,0.06252039416075772,0.0014098014807110881,2011-05-05 00:00:00+07:00,0.0014098014807110881,0.0007446638454550594,0.0006247685195046904
2011-05-06 00:00:00+07:00,4108.10693359375,4364.86376953125,4108.10693359375,4364.86376953125,69996,0.06062465677466056,0.0013256019472214896,2011-05-06 00:00:00+07:00,0.0013256019472214896,0.0008380686792411336,0.0006822935199046692
2011-05-09 00:00:00+07:00,4300.67431640625,4493.24169921875,4236.4853515625,4429.052734375,222358,0.058840424283134816,0.001248723080364568,2011-05-09 00:00:00+07:00,0.001248723080364568,0.0010878132953140473,0.0007282738576340857
2011-05-10 00:00:00+07:00,4300.67431640625,4493.24169921875,4300.67431640625,4429.052734375,174624,0.04380259508537023,0.0006920129627674972,2011-05-10 00:00:00+07:00,0.0006920129627674972,0.0012262158878675467,0.0007569993587407012
2011-05-11 00:00:00+07:00,4300.67431640625,4300.67431640625,4108.10693359375,4300.67431640625,136253,0.04580950587330145,0.0007568777913302625,2011-05-11 00:00:00+07:00,0.0007568777913302625,0.0010866034524789812,0.0007914028947102586
2011-05-12 00:00:00+07:00,4300.67431640625,4300.67431640625,4172.2958984375,4300.67431640625,130878,0.030305368709109506,0.0003312483258797756,2011-05-12 00:00:00+07:00,0.0003312483258797756,0.0008708928215127185,0.0008064596367957029
2011-05-13 00:00:00+07:00,4300.67431640625,4300.67431640625,4172.2958984375,4236.4853515625,89750,0.030305368709109506,0.0003312483258797756,2011-05-13 00:00:00+07:00,0.0003312483258797756,0.0006720220972443757,0.0008104547327994965
2011-05-16 00:00:00+07:00,4172.2958984375,4236.4853515625,4043.917724609375,4108.10693359375,49759,0.04652004307684836,0.0007805392810382601,2011-05-16 00:00:00+07:00,0.0007805392810382601,0.0005783853373791141,0.0008345791862746674
2011-05-17 00:00:00+07:00,4043.917724609375,4043.917724609375,3915.539306640625,3915.539306640625,167987,0.032260882012419216,0.0003753764486852823,2011-05-17 00:00:00+07:00,0.0003753764486852823,0.0005150580345626712,0.000825050509566131
2011-05-18 00:00:00+07:00,3851.35009765625,3851.35009765625,3722.971923828125,3722.971923828125,191667,0.03390150795780658,0.00041452676792422846,2011-05-18 00:00:00+07:00,0.00041452676792422846,0.00044658782988146436,0.000816572557973929
2011-05-19 00:00:00+07:00,3722.971923828125,3851.35009765625,3594.593505859375,3594.593505859375,184423,0.06899284884733757,0.0017168118566919244,2011-05-19 00:00:00+07:00,0.0017168118566919244,0.000723700536043894,0.0008165722937056596
2011-05-20 00:00:00+07:00,3530.404296875,3594.593505859375,3466.215087890625,3466.215087890625,368644,0.03636766681048886,0.0004770297082397028,2011-05-20 00:00:00+07:00,0.0004770297082397028,0.0007528568125158795,0.0008349568441525967
2011-05-23 00:00:00+07:00,3530.404296875,3530.404296875,3337.8369140625,3337.8369140625,130816,0.05608942941442044,0.0011346883390241157,2011-05-23 00:00:00+07:00,0.0011346883390241157,0.0008236866241130506,0.0008727579489668113
2011-05-24 00:00:00+07:00,3337.8369140625,3337.8369140625,3209.45849609375,3209.45849609375,70837,0.0392207365591585,0.0005548122460082195,2011-05-24 00:00:00+07:00,0.0005548122460082195,0.0008595737835776381,0.0008833661143816801
2011-05-25 00:00:00+07:00,3145.269287109375,3145.269287109375,3081.080078125,3081.080078125,175637,0.020619300139658025,0.0001533424466596863,2011-05-25 00:00:00+07:00,0.0001533424466596863,0.0008073369193247295,0.0008868422219559642
2011-05-26 00:00:00+07:00,2952.701904296875,3145.269287109375,2952.701904296875,3145.269287109375,426318,0.06317885943591647,0.0014396539405955539,2011-05-26 00:00:00+07:00,0.0014396539405955539,0.0007519053361054555,0.0008622439105376457
2011-05-27 00:00:00+07:00,3209.45849609375,3209.45849609375,3016.89111328125,3145.269287109375,204146,0.061875361637308716,0.0013808612676801586,2011-05-27 00:00:00+07:00,0.0013808612676801586,0.0009326716479935467,0.000829385247453495
2011-05-30 00:00:00+07:00,3145.269287109375,3145.269287109375,3016.89111328125,3016.89111328125,144541,0.041672641900344025,0.0006263493279852278,2011-05-30 00:00:00+07:00,0.0006263493279852278,0.0008310038457857692,0.0007937737859659558
2011-05-31 00:00:00+07:00,3016.89111328125,3016.89111328125,2888.5126953125,2888.5126953125,325771,0.04348513711627305,0.0006820186257172306,2011-05-31 00:00:00+07:00,0.0006820186257172306,0.0008564451217275713,0.00078574836993987
2011-06-01 00:00:00+07:00,2824.323486328125,2952.701904296875,2760.13427734375,2888.5126953125,412639,0.06744132117599563,0.001640463933752683,2011-06-01 00:00:00+07:00,0.001640463933752683,0.0011538694191461705,0.0008603149123831737
2011-06-02 00:00:00+07:00,3016.89111328125,3016.89111328125,3016.89111328125,3016.89111328125,37451,0.0,0.0,2011-06-02 00:00:00+07:00,0.0,0.0008659386310270599,0.0008603149123831737
2011-06-03 00:00:00+07:00,3145.269287109375,3145.269287109375,3081.080078125,3145.269287109375,446118,0.020619300139658025,0.0001533424466596863,2011-06-03 00:00:00+07:00,0.0001533424466596863,0.0006204348668229654,0.0008011513886734735
2011-06-06 00:00:00+07:00,3145.269287109375,3273.647705078125,3145.269287109375,3273.647705078125,457958,0.04000535896555249,0.0005772326537741365,2011-06-06 00:00:00+07:00,0.0005772326537741365,0.0006106115319807472,0.0007633073510854301
2011-06-07 00:00:00+07:00,3402.026123046875,3402.026123046875,3273.647705078125,3402.026123046875,448564,0.038466303341773034,0.0005336732710886842,2011-06-07 00:00:00+07:00,0.0005336732710886842,0.0005809424610550379,0.0007273105930793936
2011-06-08 00:00:00+07:00,3466.215087890625,3530.404296875,3337.8369140625,3337.8369140625,273099,0.05608942941442044,0.0011346883390241157,2011-06-08 00:00:00+07:00,0.0011346883390241157,0.00047978734210932445,0.0007221271957457367
2011-06-09 00:00:00+07:00,3337.8369140625,3466.215087890625,3337.8369140625,3466.215087890625,238544,0.03774027922060215,0.0005137179792386945,2011-06-09 00:00:00+07:00,0.0005137179792386945,0.0005825309379570633,0.0007140228783126093
2011-06-10 00:00:00+07:00,3594.593505859375,3594.593505859375,3530.404296875,3594.593505859375,324899,0.018018516616670536,0.00011709884645384997,2011-06-10 00:00:00+07:00,0.00011709884645384997,0.0005752822179158961,0.0006849420171818633
2011-06-13 00:00:00+07:00,3658.78271484375,3722.971923828125,3658.78271484375,3722.971923828125,260931,0.017391753066102574,0.00010909410122246381,2011-06-13 00:00:00+07:00,0.00010909410122246381,0.0004816545074055615,0.0006748440978792583
2011-06-14 00:00:00+07:00,3851.35009765625,3851.35009765625,3851.35009765625,3851.35009765625,285531,0.0,0.0,2011-06-14 00:00:00+07:00,0.0,0.0003749198531878247,0.0006597873557938139
2011-06-15 00:00:00+07:00,4043.917724609375,4043.917724609375,3722.971923828125,3787.1611328125,890430,0.08269170231339032,0.0024662574642381452,2011-06-15 00:00:00+07:00,0.0024662574642381452,0.0006412336782306306,0.0007364109095756268
2011-06-16 00:00:00+07:00,3722.971923828125,3915.539306640625,3658.78271484375,3851.35009765625,390081,0.06782257336707377,0.0016590637555562748,2011-06-16 00:00:00+07:00,0.0016590637555562748,0.0008703028334941466,0.0007947603326152173
2011-06-17 00:00:00+07:00,3851.35009765625,3851.35009765625,3658.78271484375,3658.78271484375,321082,0.05129326102390914,0.0009489321677473593,2011-06-17 00:00:00+07:00,0.0009489321677473593,0.0010366694977528485,0.0008190514871526324
2011-06-20 00:00:00+07:00,3530.404296875,3658.78271484375,3530.404296875,3530.404296875,191761,0.035718104440098916,0.00046014144635313876,2011-06-20 00:00:00+07:00,0.00046014144635313876,0.0011068789667789834,0.0007619301048645058
2011-06-21 00:00:00+07:00,3530.404296875,3658.78271484375,3402.026123046875,3594.593505859375,251070,0.07275932784331714,0.0019093779563291002,2011-06-21 00:00:00+07:00,0.0019093779563291002,0.0014887545580448036,0.0008270368434140238
2011-06-22 00:00:00+07:00,3722.971923828125,3722.971923828125,3658.78271484375,3722.971923828125,237314,0.017391753066102574,0.00010909410122246381,2011-06-22 00:00:00+07:00,0.00010909410122246381,0.0010173218854416673,0.0007804189235139488
2011-06-23 00:00:00+07:00,3722.971923828125,3787.1611328125,3594.593505859375,3594.593505859375,224321,0.052185784252073326,0.000982243077077777,2011-06-23 00:00:00+07:00,0.000982243077077777,0.0008819577497459676,0.000799847597653474
2011-06-24 00:00:00+07:00,3594.593505859375,3722.971923828125,3594.593505859375,3722.971923828125,122045,0.035091340889530795,0.00044413446377668736,2011-06-24 00:00:00+07:00,0.00044413446377668736,0.0007809982089518332,0.0008130654166133379
2011-06-27 00:00:00+07:00,3787.1611328125,3787.1611328125,3658.78271484375,3722.971923828125,85637,0.034486196428644804,0.000428948489393812,2011-06-27 00:00:00+07:00,0.000428948489393812,0.000774759617559968,0.0007671242597405314
2011-06-28 00:00:00+07:00,3787.1611328125,3787.1611328125,3594.593505859375,3594.593505859375,143809,0.052185784252073326,0.000982243077077777,2011-06-28 00:00:00+07:00,0.000982243077077777,0.0005893326417097033,0.0007490052510767867
2011-06-29 00:00:00+07:00,3594.593505859375,3594.593505859375,3466.215087890625,3466.215087890625,414088,0.03636766681048886,0.0004770297082397028,2011-06-29 00:00:00+07:00,0.0004770297082397028,0.0006629197631131511,0.0007422179956338083
2011-06-30 00:00:00+07:00,3594.593505859375,3594.593505859375,3466.215087890625,3530.404296875,97633,0.03636766681048886,0.0004770297082397028,2011-06-30 00:00:00+07:00,0.0004770297082397028,0.0005618770893455363,0.0007329003175666479
2011-07-01 00:00:00+07:00,3594.593505859375,3594.593505859375,3402.026123046875,3466.215087890625,116218,0.05505974001988866,0.0010934095442070224,2011-07-01 00:00:00+07:00,0.0010934095442070224,0.0006917321054316034,0.0007080342089509362
2011-07-04 00:00:00+07:00,3530.404296875,3530.404296875,3402.026123046875,3530.404296875,92398,0.03704122340321804,0.000494863237450783,2011-07-04 00:00:00+07:00,0.000494863237450783,0.0007049150550429975,0.0007305279924714262
2011-07-05 00:00:00+07:00,3466.215087890625,3658.78271484375,3466.215087890625,3594.593505859375,106108,0.05406725463391719,0.0010543460702268656,2011-07-05 00:00:00+07:00,0.0010543460702268656,0.0007193356536728152,0.0007714827026335708
2011-07-06 00:00:00+07:00,3594.593505859375,3658.78271484375,3530.404296875,3530.404296875,114349,0.035718104440098916,0.00046014144635313876,2011-07-06 00:00:00+07:00,0.00046014144635313876,0.0007159580012955025,0.0007661603750235255
2011-07-07 00:00:00+07:00,3530.404296875,3530.404296875,3466.215087890625,3466.215087890625,34772,0.01834915019381817,0.00012143572183446956,2011-07-07 00:00:00+07:00,0.00012143572183446956,0.0006448392040144557,0.0007474223046028794
2011-07-08 00:00:00+07:00,3402.026123046875,3530.404296875,3402.026123046875,3466.215087890625,33120,0.03704122340321804,0.000494863237450783,2011-07-08 00:00:00+07:00,0.000494863237450783,0.000525129942663208,0.0007183393454404551
2011-07-11 00:00:00+07:00,3402.026123046875,3466.215087890625,3402.026123046875,3402.026123046875,48310,0.01869207320939994,0.00012601710382177282,2011-07-11 00:00:00+07:00,0.00012601710382177282,0.0004513607159374059,0.0007007165783760495
2011-07-12 00:00:00+07:00,3337.8369140625,3402.026123046875,3273.647705078125,3273.647705078125,61723,0.038466303341773034,0.0005336732710886842,2011-07-12 00:00:00+07:00,0.0005336732710886842,0.00034722615610976955,0.0007196517794958148
2011-07-13 00:00:00+07:00,3273.647705078125,3337.8369140625,3209.45849609375,3273.647705078125,94875,0.0392207365591585,0.0005548122460082195,2011-07-13 00:00:00+07:00,0.0005548122460082195,0.0003661603160407857,0.0007399116951678945
2011-07-14 00:00:00+07:00,3273.647705078125,3337.8369140625,3209.45849609375,3209.45849609375,36579,0.0392207365591585,0.0005548122460082195,2011-07-14 00:00:00+07:00,0.0005548122460082195,0.0004528356208755357,0.0007651304336228136
2011-07-15 00:00:00+07:00,3273.647705078125,3273.647705078125,3081.080078125,3081.080078125,170231,0.06062465910521055,0.0013256020491398126,2011-07-15 00:00:00+07:00,0.0013256020491398126,0.0006189833832133416,0.0007132824602092531
2011-07-18 00:00:00+07:00,3081.080078125,3145.269287109375,2952.701904296875,2952.701904296875,68609,0.06317885943591647,0.0014396539405955539,2011-07-18 00:00:00+07:00,0.0014396539405955539,0.0008817107505680978,0.0007033092868019475
2011-07-19 00:00:00+07:00,3016.89111328125,3016.89111328125,2952.701904296875,2952.701904296875,55632,0.02150621753557257,0.00016681788718874018,2011-07-19 00:00:00+07:00,0.00016681788718874018,0.0008083396737881091,0.0006677586376856467
2011-07-20 00:00:00+07:00,3016.89111328125,3081.080078125,3016.89111328125,3081.080078125,17043,0.021053341760685833,0.00015986619138166758,2011-07-20 00:00:00+07:00,0.00015986619138166758,0.0007293504628627987,0.0006541097624596708
2011-07-21 00:00:00+07:00,3209.45849609375,3209.45849609375,3081.080078125,3145.269287109375,99191,0.04082201987662276,0.0006010402096208432,2011-07-21 00:00:00+07:00,0.0006010402096208432,0.0007385960555853233,0.0005946398648820227
2011-07-22 00:00:00+07:00,3209.45849609375,3209.45849609375,3081.080078125,3081.080078125,28821,0.04082201987662276,0.0006010402096208432,2011-07-22 00:00:00+07:00,0.0006010402096208432,0.0005936836876815296,0.0006170010516274036
2011-07-25 00:00:00+07:00,3081.080078125,3081.080078125,2952.701904296875,3016.89111328125,29662,0.0425595592962585,0.0006532941842266845,2011-07-25 00:00:00+07:00,0.0006532941842266845,0.0004364117364077557,0.0006020488292250812
2011-07-26 00:00:00+07:00,3016.89111328125,3016.89111328125,2952.701904296875,3016.89111328125,36283,0.02150621753557257,0.00016681788718874018,2011-07-26 00:00:00+07:00,0.00016681788718874018,0.0004364117364077557,0.0005894435302892653
2011-07-27 00:00:00+07:00,3016.89111328125,3016.89111328125,2888.5126953125,2952.701904296875,64496,0.04348513711627305,0.0006820186257172306,2011-07-27 00:00:00+07:00,0.0006820186257172306,0.0005408422232748682,0.0006009467183039662
2011-07-28 00:00:00+07:00,2952.701904296875,3016.89111328125,2888.5126953125,2888.5126953125,21265,0.04348513711627305,0.0006820186257172306,2011-07-28 00:00:00+07:00,0.0006820186257172306,0.0005570379064941458,0.0005873001523330323
2011-07-29 00:00:00+07:00,2888.5126953125,2952.701904296875,2888.5126953125,2888.5126953125,54323,0.021978919580700303,0.00017423172144502206,2011-07-29 00:00:00+07:00,0.00017423172144502206,0.0004716762088589815,0.0005735366074787287
2011-08-01 00:00:00+07:00,2888.5126953125,3016.89111328125,2888.5126953125,2952.701904296875,27045,0.04348513711627305,0.0006820186257172306,2011-08-01 00:00:00+07:00,0.0006820186257172306,0.0004774210971570907,0.000582854285545889
2011-08-02 00:00:00+07:00,2952.701904296875,2952.701904296875,2824.323486328125,2824.323486328125,63172,0.04445178887931721,0.0007126774767283723,2011-08-02 00:00:00+07:00,0.0007126774767283723,0.0005865930150650171,0.0005655482824786776
2011-08-03 00:00:00+07:00,2824.323486328125,2824.323486328125,2760.13427734375,2760.13427734375,39866,0.022989532296678473,0.00019062278908538202,2011-08-03 00:00:00+07:00,0.00019062278908538202,0.0004883138477386475,0.0005517191711893412
2011-08-04 00:00:00+07:00,2824.323486328125,2888.5126953125,2824.323486328125,2888.5126953125,59823,0.022472869298616957,0.0001821510166515942,2011-08-04 00:00:00+07:00,0.0001821510166515942,0.0003883403259255202,0.0005120739414813742
2011-08-05 00:00:00+07:00,2888.5126953125,2952.701904296875,2888.5126953125,2888.5126953125,72161,0.021978919580700303,0.00017423172144502206,2011-08-05 00:00:00+07:00,0.00017423172144502206,0.0003883403259255201,0.0004990780448946417
2011-08-08 00:00:00+07:00,2888.5126953125,2952.701904296875,2824.323486328125,2952.701904296875,70027,0.04445178887931721,0.0007126774767283723,2011-08-08 00:00:00+07:00,0.0007126774767283723,0.00039447209612774854,0.0005259526701170918
2011-08-09 00:00:00+07:00,2952.701904296875,2952.701904296875,2824.323486328125,2888.5126953125,115190,0.04445178887931721,0.0007126774767283723,2011-08-09 00:00:00+07:00,0.0007126774767283723,0.00039447209612774854,0.0005358533173569823
2011-08-10 00:00:00+07:00,2888.5126953125,2952.701904296875,2824.323486328125,2888.5126953125,51550,0.04445178887931721,0.0007126774767283723,2011-08-10 00:00:00+07:00,0.0007126774767283723,0.0004988830336563465,0.0005625196979436458
2011-08-11 00:00:00+07:00,2888.5126953125,2952.701904296875,2824.323486328125,2888.5126953125,38137,0.04445178887931721,0.0007126774767283723,2011-08-11 00:00:00+07:00,0.0007126774767283723,0.0006049883256717022,0.0005706562527454498
2011-08-12 00:00:00+07:00,2888.5126953125,2888.5126953125,2824.323486328125,2888.5126953125,45802,0.022472869298616957,0.0001821510166515942,2011-08-12 00:00:00+07:00,0.0001821510166515942,0.0006065721847130166,0.0005537171059565123
2011-08-15 00:00:00+07:00,2824.323486328125,2888.5126953125,2824.323486328125,2888.5126953125,43387,0.022472869298616957,0.0001821510166515942,2011-08-15 00:00:00+07:00,0.0001821510166515942,0.000500466892697661,0.0005367779591675749
2011-08-16 00:00:00+07:00,2888.5126953125,2952.701904296875,2824.323486328125,2952.701904296875,28821,0.04445178887931721,0.0007126774767283723,2011-08-16 00:00:00+07:00,0.0007126774767283723,0.000500466892697661,0.0005089177513306912
2011-08-17 00:00:00+07:00,2888.5126953125,3016.89111328125,2888.5126953125,3016.89111328125,29194,0.04348513711627305,0.0006820186257172306,2011-08-17 00:00:00+07:00,0.0006820186257172306,0.0004943351224954327,0.0004744797824725857
2011-08-18 00:00:00+07:00,2952.701904296875,3081.080078125,2952.701904296875,2952.701904296875,76445,0.0425595592962585,0.0006532941842266845,2011-08-18 00:00:00+07:00,0.0006532941842266845,0.00048245846399509507,0.0004965923414288558
2011-08-19 00:00:00+07:00,2888.5126953125,2888.5126953125,2888.5126953125,2888.5126953125,55788,0.0,0.0,2011-08-19 00:00:00+07:00,0.0,0.0004460282606647762,0.0004893256963660528
2011-08-22 00:00:00+07:00,2952.701904296875,3016.89111328125,2888.5126953125,3016.89111328125,99269,0.04348513711627305,0.0006820186257172306,2011-08-22 00:00:00+07:00,0.0006820186257172306,0.0005460017824779035,0.0004930065334613431
2011-08-23 00:00:00+07:00,2952.701904296875,3081.080078125,2888.5126953125,2952.701904296875,26593,0.0645384788769588,0.0015022838484269926,2011-08-23 00:00:00+07:00,0.0015022838484269926,0.0007039230568176276,0.0005339721534070772
2011-08-24 00:00:00+07:00,2952.701904296875,3016.89111328125,2888.5126953125,2952.701904296875,60025,0.04348513711627305,0.0006820186257172306,2011-08-24 00:00:00+07:00,0.0006820186257172306,0.0007039230568176276,0.0005352778098384656
2011-08-25 00:00:00+07:00,3016.89111328125,3016.89111328125,2888.5126953125,2888.5126953125,17760,0.04348513711627305,0.0006820186257172306,2011-08-25 00:00:00+07:00,0.0006820186257172306,0.0007096679451157368,0.0005586960252261243
2011-08-26 00:00:00+07:00,2888.5126953125,2952.701904296875,2824.323486328125,2952.701904296875,40380,0.04445178887931721,0.0007126774767283723,2011-08-26 00:00:00+07:00,0.0007126774767283723,0.0008522034404614112,0.0005600896093629944
2011-08-29 00:00:00+07:00,2952.701904296875,3081.080078125,2888.5126953125,3016.89111328125,144214,0.0645384788769588,0.0015022838484269926,2011-08-29 00:00:00+07:00,0.0015022838484269926,0.0010162564850033635,0.0005973743922134381
2011-08-30 00:00:00+07:00,3081.080078125,3081.080078125,2952.701904296875,3016.89111328125,160167,0.0425595592962585,0.0006532941842266845,2011-08-30 00:00:00+07:00,0.0006532941842266845,0.000846458552163302,0.0006191499587035136
2011-08-31 00:00:00+07:00,3016.89111328125,3081.080078125,2952.701904296875,3081.080078125,89376,0.0425595592962585,0.0006532941842266845,2011-08-31 00:00:00+07:00,0.0006532941842266845,0.000840713663865193,0.0006178443022721252
2011-09-01 00:00:00+07:00,3081.080078125,3209.45849609375,3016.89111328125,3209.45849609375,230365,0.061875361637308716,0.0013808612676801586,2011-09-01 00:00:00+07:00,0.0013808612676801586,0.0009804821922577782,0.0006482162927699336
2011-09-02 00:00:00+07:00,3209.45849609375,3209.45849609375,3209.45849609375,3209.45849609375,0,0.0,0.0,2011-09-02 00:00:00+07:00,0.0,0.0008379466969121039,0.0006395516205387799
2011-09-05 00:00:00+07:00,3209.45849609375,3337.8369140625,3209.45849609375,3209.45849609375,372835,0.0392207365591585,0.0005548122460082195,2011-09-05 00:00:00+07:00,0.0005548122460082195,0.0006484523764283493,0.0006564907673277174
2011-09-06 00:00:00+07:00,3145.269287109375,3209.45849609375,3081.080078125,3081.080078125,109395,0.04082201987662276,0.0006010402096208432,2011-09-06 00:00:00+07:00,0.0006010402096208432,0.000638001581507181,0.0006758911531538911
2011-09-07 00:00:00+07:00,3145.269287109375,3209.45849609375,3081.080078125,3145.269287109375,96885,0.04082201987662276,0.0006010402096208432,2011-09-07 00:00:00+07:00,0.0006010402096208432,0.0006275507865860128,0.0006708167319217307
2011-09-08 00:00:00+07:00,3209.45849609375,3273.647705078125,3209.45849609375,3209.45849609375,178690,0.019802639228587663,0.00014143623872956275,2011-09-08 00:00:00+07:00,0.00014143623872956275,0.00037966578079589366,0.000644851221103603
2011-09-09 00:00:00+07:00,3209.45849609375,3337.8369140625,3145.269287109375,3337.8369140625,420211,0.05942345629612322,0.0012735921234378748,2011-09-09 00:00:00+07:00,0.0012735921234378748,0.0006343842054834686,0.0006703473414085804
2011-09-12 00:00:00+07:00,3402.026123046875,3466.215087890625,3402.026123046875,3466.215087890625,332548,0.01869207320939994,0.00012601710382177282,2011-09-12 00:00:00+07:00,0.00012601710382177282,0.0005486251770461792,0.0006436809608219168
2011-09-13 00:00:00+07:00,3594.593505859375,3594.593505859375,3594.593505859375,3594.593505859375,155914,0.0,0.0,2011-09-13 00:00:00+07:00,0.0,0.00042841713512201064,0.0006354013691559353
2011-09-14 00:00:00+07:00,3722.971923828125,3722.971923828125,3594.593505859375,3658.78271484375,396063,0.035091340889530795,0.00044413446377668736,2011-09-14 00:00:00+07:00,0.00044413446377668736,0.00039703598595317946,0.0006473097076616212
2011-09-15 00:00:00+07:00,3530.404296875,3594.593505859375,3530.404296875,3530.404296875,397325,0.018018516616670536,0.00011709884645384997,2011-09-15 00:00:00+07:00,0.00011709884645384997,0.00039216850749803684,0.0006202379517400522
2011-09-16 00:00:00+07:00,3530.404296875,3530.404296875,3402.026123046875,3402.026123046875,117013,0.03704122340321804,0.000494863237450783,2011-09-16 00:00:00+07:00,0.000494863237450783,0.00023642273030061853,0.0006117308886370317
2011-09-19 00:00:00+07:00,3273.647705078125,3402.026123046875,3273.647705078125,3337.8369140625,112651,0.038466303341773034,0.0005336732710886842,2011-09-19 00:00:00+07:00,0.0005336732710886842,0.0003179539637540008,0.0006062935744034863
2011-09-20 00:00:00+07:00,3337.8369140625,3337.8369140625,3273.647705078125,3273.647705078125,82443,0.01941809733057079,0.00013599655113468036,2011-09-20 00:00:00+07:00,0.00013599655113468036,0.0003451532739809369,0.000612475235818699
2011-09-21 00:00:00+07:00,3273.647705078125,3337.8369140625,3209.45849609375,3209.45849609375,146520,0.0392207365591585,0.0005548122460082195,2011-09-21 00:00:00+07:00,0.0005548122460082195,0.00036728883042724326,0.0006066931276501076
2011-09-22 00:00:00+07:00,3273.647705078125,3337.8369140625,3209.45849609375,3337.8369140625,115221,0.0392207365591585,0.0005548122460082195,2011-09-22 00:00:00+07:00,0.0005548122460082195,0.00045483151033811725,0.0005636262366310725
2011-09-23 00:00:00+07:00,3337.8369140625,3402.026123046875,3209.45849609375,3209.45849609375,237828,0.05826894257036081,0.0012245846782227422,2011-09-23 00:00:00+07:00,0.0012245846782227422,0.000600775798492509,0.0005882883299267775
2011-09-26 00:00:00+07:00,3273.647705078125,3273.647705078125,3145.269287109375,3145.269287109375,123416,0.04000535896555249,0.0005772326537741365,2011-09-26 00:00:00+07:00,0.0005772326537741365,0.0006094876750295995,0.0005835253312020915
2011-09-27 00:00:00+07:00,3209.45849609375,3273.647705078125,3209.45849609375,3273.647705078125,171041,0.019802639228587663,0.00014143623872956275,2011-09-27 00:00:00+07:00,0.00014143623872956275,0.0006105756125485759,0.0005575598203839637
2011-09-28 00:00:00+07:00,3402.026123046875,3402.026123046875,3402.026123046875,3402.026123046875,242766,0.0,0.0,2011-09-28 00:00:00+07:00,0.0,0.0004996131633469321,0.0004892741909100095
2011-09-29 00:00:00+07:00,3530.404296875,3530.404296875,3402.026123046875,3530.404296875,703498,0.03704122340321804,0.000494863237450783,2011-09-29 00:00:00+07:00,0.000494863237450783,0.0004876233616354448,0.0004820727842383776
2011-09-30 00:00:00+07:00,3466.215087890625,3530.404296875,3402.026123046875,3402.026123046875,162379,0.03704122340321804,0.000494863237450783,2011-09-30 00:00:00+07:00,0.000494863237450783,0.00034167907348105295,0.0004748713775667457
2011-10-03 00:00:00+07:00,3337.8369140625,3402.026123046875,3273.647705078125,3273.647705078125,145242,0.038466303341773034,0.0005336732710886842,2011-10-03 00:00:00+07:00,0.0005336732710886842,0.00033296719694396253,0.00043636283226713323
2011-10-04 00:00:00+07:00,3145.269287109375,3273.647705078125,3145.269287109375,3209.45849609375,119848,0.04000535896555249,0.0005772326537741365,2011-10-04 00:00:00+07:00,0.0005772326537741365,0.0004201264799528773,0.0004626006801659577
2011-10-05 00:00:00+07:00,3209.45849609375,3273.647705078125,3081.080078125,3273.647705078125,159575,0.06062465910521055,0.0013256020491398126,2011-10-05 00:00:00+07:00,0.0013256020491398126,0.0006852468897808398,0.0004976365803083028
2011-10-06 00:00:00+07:00,3273.647705078125,3337.8369140625,3273.647705078125,3337.8369140625,146520,0.01941809733057079,0.00013599655113468036,2011-10-06 00:00:00+07:00,0.00013599655113468036,0.0006134735525176193,0.00047649823219529533
2011-10-07 00:00:00+07:00,3273.647705078125,3337.8369140625,3209.45849609375,3273.647705078125,158546,0.0392207365591585,0.0005548122460082195,2011-10-07 00:00:00+07:00,0.0005548122460082195,0.0006254633542291065,0.0004743969611219943
2011-10-10 00:00:00+07:00,3209.45849609375,3273.647705078125,3145.269287109375,3145.269287109375,75760,0.04000535896555249,0.0005772326537741365,2011-10-10 00:00:00+07:00,0.0005772326537741365,0.000634175230766197,0.0004942058890785658
2011-10-11 00:00:00+07:00,3209.45849609375,3209.45849609375,3145.269287109375,3209.45849609375,79000,0.02020271973696472,0.00014720895367439422,2011-10-11 00:00:00+07:00,0.00014720895367439422,0.0005481704907462486,0.0004430066540893167
2011-10-12 00:00:00+07:00,3145.269287109375,3145.269287109375,3081.080078125,3081.080078125,154278,0.020619300139658025,0.0001533424466596863,2011-10-12 00:00:00+07:00,0.0001533424466596863,0.0003137185702502233,0.0004442487151274037
2011-10-13 00:00:00+07:00,3016.89111328125,3145.269287109375,3016.89111328125,3145.269287109375,54292,0.041672641900344025,0.0006263493279852278,2011-10-13 00:00:00+07:00,0.0006263493279852278,0.0004117891256203328,0.00047271913912673224
2011-10-14 00:00:00+07:00,3145.269287109375,3145.269287109375,3081.080078125,3081.080078125,28057,0.020619300139658025,0.0001533424466596863,2011-10-14 00:00:00+07:00,0.0001533424466596863,0.0003314951657506262,0.00045950132016686857
2011-10-17 00:00:00+07:00,3081.080078125,3209.45849609375,3081.080078125,3209.45849609375,169062,0.04082201987662276,0.0006010402096208432,2011-10-17 00:00:00+07:00,0.0006010402096208432,0.0003362566769199675,0.00048149865485627735
2011-10-18 00:00:00+07:00,3081.080078125,3145.269287109375,3081.080078125,3081.080078125,74171,0.020619300139658025,0.0001533424466596863,2011-10-18 00:00:00+07:00,0.0001533424466596863,0.00033748337551702597,0.0004659749825475911
2011-10-19 00:00:00+07:00,3081.080078125,3081.080078125,3016.89111328125,3081.080078125,67067,0.021053341760685833,0.00015986619138166758,2011-10-19 00:00:00+07:00,0.00015986619138166758,0.0003387881244614222,0.0004489837516518176
2011-10-20 00:00:00+07:00,3016.89111328125,3081.080078125,3016.89111328125,3081.080078125,66023,0.021053341760685833,0.00015986619138166758,2011-10-20 00:00:00+07:00,0.00015986619138166758,0.00024549149714071013,0.000450068735299408
2011-10-21 00:00:00+07:00,3145.269287109375,3145.269287109375,3081.080078125,3145.269287109375,44244,0.020619300139658025,0.0001533424466596863,2011-10-21 00:00:00+07:00,0.0001533424466596863,0.00024549149714071013,0.00043182010805629283
2011-10-24 00:00:00+07:00,3145.269287109375,3209.45849609375,3081.080078125,3145.269287109375,19941,0.04082201987662276,0.0006010402096208432,2011-10-24 00:00:00+07:00,0.0006010402096208432,0.00024549149714071013,0.00043392137912959386
2011-10-25 00:00:00+07:00,3145.269287109375,3145.269287109375,3081.080078125,3081.080078125,51441,0.020619300139658025,0.0001533424466596863,2011-10-25 00:00:00+07:00,0.0001533424466596863,0.0002454914971407101,0.00038522855042218227
2011-10-26 00:00:00+07:00,3081.080078125,3081.080078125,3016.89111328125,3081.080078125,69264,0.021053341760685833,0.00015986619138166758,2011-10-26 00:00:00+07:00,0.00015986619138166758,0.00024549149714071013,0.00036625734758616096
2011-10-27 00:00:00+07:00,3016.89111328125,3081.080078125,2952.701904296875,2952.701904296875,34211,0.0425595592962585,0.0006532941842266845,2011-10-27 00:00:00+07:00,0.0006532941842266845,0.00034417709570971346,0.0003895236178360302
2011-10-28 00:00:00+07:00,2952.701904296875,3081.080078125,2952.701904296875,3081.080078125,129242,0.0425595592962585,0.0006532941842266845,2011-10-28 00:00:00+07:00,0.0006532941842266845,0.0004441674432231131,0.0004192188080281522
2011-10-31 00:00:00+07:00,3081.080078125,3145.269287109375,3016.89111328125,3016.89111328125,46269,0.041672641900344025,0.0006263493279852278,2011-10-31 00:00:00+07:00,0.0006263493279852278,0.00044922926689599005,0.0004251954485069906
2011-11-01 00:00:00+07:00,3016.89111328125,3016.89111328125,2888.5126953125,2888.5126953125,93021,0.04348513711627305,0.0006820186257172306,2011-11-01 00:00:00+07:00,0.0006820186257172306,0.0005549645027074989,0.000433702511610011
2011-11-02 00:00:00+07:00,2760.13427734375,3016.89111328125,2760.13427734375,2888.5126953125,125893,0.0889475387115684,0.002853529836352604,2011-11-02 00:00:00+07:00,0.002853529836352604,0.0010936972317016863,0.0005391505373038255
2011-11-03 00:00:00+07:00,3016.89111328125,3016.89111328125,2824.323486328125,2952.701904296875,109862,0.0659580064148899,0.0015690962656416726,2011-11-03 00:00:00+07:00,0.0015690962656416726,0.0012768576479846839,0.000584235246934168
2011-11-04 00:00:00+07:00,2952.701904296875,3016.89111328125,2888.5126953125,3016.89111328125,55040,0.04348513711627305,0.0006820186257172306,2011-11-04 00:00:00+07:00,0.0006820186257172306,0.0012826025362827928,0.0005549814549604142
2011-11-07 00:00:00+07:00,2952.701904296875,3016.89111328125,2888.5126953125,2952.701904296875,89329,0.04348513711627305,0.0006820186257172306,2011-11-07 00:00:00+07:00,0.0006820186257172306,0.0012937363958291936,0.000579800640168712
2011-11-08 00:00:00+07:00,2952.701904296875,3016.89111328125,2888.5126953125,3016.89111328125,71445,0.04348513711627305,0.0006820186257172306,2011-11-08 00:00:00+07:00,0.0006820186257172306,0.0012937363958291936,0.0005855827483373034
2011-11-09 00:00:00+07:00,3016.89111328125,3016.89111328125,2888.5126953125,3016.89111328125,78751,0.04348513711627305,0.0006820186257172306,2011-11-09 00:00:00+07:00,0.0006820186257172306,0.000859434153702119,0.0005903457470619896
2011-11-10 00:00:00+07:00,2888.5126953125,2888.5126953125,2888.5126953125,2888.5126953125,33899,0.0,0.0,2011-11-10 00:00:00+07:00,0.0,0.0005456149005737844,0.0005836544309858807
2011-11-11 00:00:00+07:00,2888.5126953125,2888.5126953125,2760.13427734375,2888.5126953125,54837,0.0454624015952953,0.0007454513329846702,2011-11-11 00:00:00+07:00,0.0007454513329846702,0.0005583014420272723,0.0006105684712733799
2011-11-14 00:00:00+07:00,2888.5126953125,2888.5126953125,2760.13427734375,2824.323486328125,146099,0.0454624015952953,0.0007454513329846702,2011-11-14 00:00:00+07:00,0.0007454513329846702,0.0005709879834807603,0.0006159821987733546
2011-11-15 00:00:00+07:00,2824.323486328125,2824.323486328125,2695.945068359375,2760.13427734375,63390,0.046520044448946904,0.0007805393270819331,2011-11-15 00:00:00+07:00,0.0007805393270819331,0.0005906921237537007,0.0006444911478834567
2011-11-16 00:00:00+07:00,2760.13427734375,2760.13427734375,2695.945068359375,2760.13427734375,41362,0.023530512152268278,0.00019969965170339496,2011-11-16 00:00:00+07:00,0.00019969965170339496,0.0004942283289509336,0.0006262483952508454
2011-11-17 00:00:00+07:00,2760.13427734375,2760.13427734375,2631.755859375,2760.13427734375,23243,0.04762807919252885,0.0008181645944723061,2011-11-17 00:00:00+07:00,0.0008181645944723061,0.0006578612478453947,0.0006564675837877828
2011-11-18 00:00:00+07:00,2631.755859375,2760.13427734375,2631.755859375,2760.13427734375,87569,0.04762807919252885,0.0008181645944723061,2011-11-18 00:00:00+07:00,0.0008181645944723061,0.000672403900142922,0.0006863902384737209
2011-11-21 00:00:00+07:00,2631.755859375,2631.755859375,2631.755859375,2631.755859375,52423,0.0,0.0,2011-11-21 00:00:00+07:00,0.0,0.000523313633545988,0.0006791235934109177
2011-11-22 00:00:00+07:00,2760.13427734375,2760.13427734375,2760.13427734375,2760.13427734375,0,0.0,0.0,2011-11-22 00:00:00+07:00,0.0,0.0003672057681296013,0.0006721534821991138
2011-11-23 00:00:00+07:00,2695.945068359375,2695.945068359375,2567.56689453125,2631.755859375,25596,0.04879010077851424,0.0008585744848787226,2011-11-23 00:00:00+07:00,0.0008585744848787226,0.0004989807347646669,0.0006838595856199266
2011-11-24 00:00:00+07:00,2631.755859375,2631.755859375,2567.56689453125,2631.755859375,32528,0.02469253373825366,0.0002199104459756454,2011-11-24 00:00:00+07:00,0.0002199104459756454,0.0003793299050653347,0.0006868854037706519
2011-11-25 00:00:00+07:00,2631.755859375,2631.755859375,2567.56689453125,2567.56689453125,54417,0.02469253373825366,0.0002199104459756454,2011-11-25 00:00:00+07:00,0.0002199104459756454,0.00025967907536600263,0.0006896146880703782
2011-11-28 00:00:00+07:00,2567.56689453125,2695.945068359375,2567.56689453125,2695.945068359375,51877,0.04879010077851424,0.0008585744848787226,2011-11-28 00:00:00+07:00,0.0008585744848787226,0.0004313939723417471,0.0006989456108272891
2011-11-29 00:00:00+07:00,2695.945068359375,2695.945068359375,2567.56689453125,2695.945068359375,79577,0.04879010077851424,0.0008585744848787226,2011-11-29 00:00:00+07:00,0.0008585744848787226,0.0006031088693174917,0.0007082765335841998
2011-11-30 00:00:00+07:00,2760.13427734375,2760.13427734375,2567.56689453125,2567.56689453125,49634,0.07232061293078262,0.0018864215282744536,2011-11-30 00:00:00+07:00,0.0018864215282744536,0.0008086782779966378,0.0007655525426882556
2011-12-01 00:00:00+07:00,2631.755859375,2631.755859375,2439.1884765625,2567.56689453125,19426,0.07598585815308048,0.0020824764210235175,2011-12-01 00:00:00+07:00,0.0020824764210235175,0.0011811914730062122,0.0008292097152021778
2011-12-02 00:00:00+07:00,2503.377685546875,2567.56689453125,2503.377685546875,2567.56689453125,16295,0.025317822612962837,0.00023118904607807806,2011-12-02 00:00:00+07:00,0.00023118904607807806,0.0011834471930266988,0.0007100124065533356
2011-12-05 00:00:00+07:00,2631.755859375,2695.945068359375,2567.56689453125,2631.755859375,71102,0.04879010077851424,0.0008585744848787226,2011-12-05 00:00:00+07:00,0.0008585744848787226,0.0011834471930266988,0.0006777159619732015
2011-12-06 00:00:00+07:00,2760.13427734375,2760.13427734375,2567.56689453125,2567.56689453125,3349,0.07232061293078262,0.0018864215282744536,2011-12-06 00:00:00+07:00,0.0018864215282744536,0.001389016601705845,0.0007324615484530753
2011-12-07 00:00:00+07:00,2631.755859375,2631.755859375,2567.56689453125,2631.755859375,10983,0.02469253373825366,0.0002199104459756454,2011-12-07 00:00:00+07:00,0.0002199104459756454,0.0010557143852460832,0.0007114566311920942
2011-12-08 00:00:00+07:00,2631.755859375,2631.755859375,2503.377685546875,2631.755859375,17588,0.05001035635121654,0.0009020579656528545,2011-12-08 00:00:00+07:00,0.0009020579656528545,0.0008196306941719508,0.0007214584193709861
2011-12-09 00:00:00+07:00,2631.755859375,2631.755859375,2503.377685546875,2503.377685546875,14768,0.05001035635121654,0.0009020579656528545,2011-12-09 00:00:00+07:00,0.0009020579656528545,0.0009538044780869062,0.0007314602075498781
2011-12-12 00:00:00+07:00,2439.1884765625,2439.1884765625,2439.1884765625,2439.1884765625,13335,0.0,0.0,2011-12-12 00:00:00+07:00,0.0,0.0007820895811111617,0.0007314602075498781
2011-12-13 00:00:00+07:00,2439.1884765625,2503.377685546875,2374.999267578125,2503.377685546875,11185,0.05264376511498587,0.0009995589981492135,2011-12-13 00:00:00+07:00,0.0009995589981492135,0.0006047170750861136,0.0007430105559664483
2011-12-14 00:00:00+07:00,2503.377685546875,2503.377685546875,2439.1884765625,2439.1884765625,9238,0.025975501801864014,0.00024335621379631666,2011-12-14 00:00:00+07:00,0.00024335621379631666,0.0006094062286502478,0.000720188050548796
2011-12-15 00:00:00+07:00,2439.1884765625,2439.1884765625,2374.999267578125,2374.999267578125,6075,0.026668263313121974,0.00025650983228536024,2011-12-15 00:00:00+07:00,0.00025650983228536024,0.00048029660197674895,0.0006963685280580427
2011-12-16 00:00:00+07:00,2439.1884765625,2439.1884765625,2310.81005859375,2374.999267578125,45490,0.05406725463391719,0.0010543460702268656,2011-12-16 00:00:00+07:00,0.0010543460702268656,0.0005107542228915511,0.0007352160925363821
2011-12-19 00:00:00+07:00,2374.999267578125,2374.999267578125,2310.81005859375,2310.81005859375,64746,0.02739899132079542,0.00027075949612554893,2011-12-19 00:00:00+07:00,0.00027075949612554893,0.000564906122116661,0.0007103340426115295
2011-12-20 00:00:00+07:00,2374.999267578125,2374.999267578125,2246.620849609375,2374.999267578125,56987,0.055569886399183074,0.0011137649986268149,2011-12-20 00:00:00+07:00,0.0011137649986268149,0.0005877473222121812,0.0007237704246185525
2011-12-21 00:00:00+07:00,2310.81005859375,2374.999267578125,2310.81005859375,2374.999267578125,38853,0.02739899132079542,0.00027075949612554893,2011-12-21 00:00:00+07:00,0.00027075949612554893,0.0005932279786780276,0.0007360776744424412
2011-12-22 00:00:00+07:00,2310.81005859375,2374.999267578125,2310.81005859375,2310.81005859375,8677,0.02739899132079542,0.00027075949612554893,2011-12-22 00:00:00+07:00,0.00027075949612554893,0.0005960779114460654,0.0007483849242663298
2011-12-23 00:00:00+07:00,2246.620849609375,2246.620849609375,2246.620849609375,2246.620849609375,14410,0.0,0.0,2011-12-23 00:00:00+07:00,0.0,0.0003852086974006922,0.000709358811317297
2011-12-26 00:00:00+07:00,2182.431884765625,2182.431884765625,2182.431884765625,2182.431884765625,218,0.0,0.0,2011-12-26 00:00:00+07:00,0.0,0.00033105679817558247,0.0006993628819547677
2011-12-27 00:00:00+07:00,2118.24267578125,2118.24267578125,2118.24267578125,2118.24267578125,1838,0.0,0.0,2011-12-27 00:00:00+07:00,0.0,0.00010830379845021944,0.0006893669525922383
2011-12-28 00:00:00+07:00,2054.053466796875,2054.053466796875,2054.053466796875,2054.053466796875,3645,0.0,0.0,2011-12-28 00:00:00+07:00,0.0,5.4151899225109654e-05,0.0006503408396432056
2011-12-29 00:00:00+07:00,1989.8642578125,1989.8642578125,1989.8642578125,1989.8642578125,12899,0.0,0.0,2011-12-29 00:00:00+07:00,0.0,0.0,0.0006113147266941727
2011-12-30 00:00:00+07:00,1925.675048828125,1925.675048828125,1925.675048828125,1925.675048828125,5639,0.0,0.0,2011-12-30 00:00:00+07:00,0.0,0.0,0.0005255682935907884
2012-01-02 00:00:00+07:00,1925.675048828125,1925.675048828125,1925.675048828125,1925.675048828125,0,0.0,0.0,2012-01-02 00:00:00+07:00,0.0,0.0,0.0004309102744533558
2012-01-03 00:00:00+07:00,1861.4859619140625,1989.8642578125,1861.4859619140625,1861.4859619140625,60352,0.06669135122948099,0.0016041817861904087,2012-01-03 00:00:00+07:00,0.0016041817861904087,0.0003208363572380816,0.0004933190353675526
2012-01-04 00:00:00+07:00,1797.2967529296875,1861.4859619140625,1797.2967529296875,1861.4859619140625,381871,0.035091340889530795,0.00044413446377668736,2012-01-04 00:00:00+07:00,0.00044413446377668736,0.0004096632499934191,0.00047448085259018736
2012-01-05 00:00:00+07:00,1925.675048828125,1925.675048828125,1861.4859619140625,1925.675048828125,178877,0.03390150795780658,0.00041452676792422846,2012-01-05 00:00:00+07:00,0.00041452676792422846,0.0004925686035782648,0.0004075765453015407
2012-01-06 00:00:00+07:00,1989.8642578125,1989.8642578125,1925.675048828125,1989.8642578125,66428,0.03278984327167437,0.00038778698519425955,2012-01-06 00:00:00+07:00,0.00038778698519425955,0.0005701260006171166,0.00041520729708420507
2012-01-09 00:00:00+07:00,1925.675048828125,2054.053466796875,1925.675048828125,2054.053466796875,49914,0.06453856075689528,0.0015022876603229733,2012-01-09 00:00:00+07:00,0.0015022876603229733,0.0008705835326817113,0.00044249046502375586
2012-01-10 00:00:00+07:00,2118.24267578125,2118.24267578125,2054.053466796875,2118.24267578125,28182,0.03077167667553689,0.0003415205716695153,2012-01-10 00:00:00+07:00,0.0003415205716695153,0.0006180512897775327,0.00041701149256996773
2012-01-11 00:00:00+07:00,2118.24267578125,2182.431884765625,2054.053466796875,2118.24267578125,66163,0.06062465677466056,0.0013256019472214896,2012-01-11 00:00:00+07:00,0.0013256019472214896,0.0007943447864664931,0.0004772661265345809
2012-01-12 00:00:00+07:00,2118.24267578125,2118.24267578125,2054.053466796875,2118.24267578125,29771,0.03077167667553689,0.0003415205716695153,2012-01-12 00:00:00+07:00,0.0003415205716695153,0.0007797435472155505,0.0004473552889673219
2012-01-13 00:00:00+07:00,2054.053466796875,2118.24267578125,2054.053466796875,2118.24267578125,3193,0.03077167667553689,0.0003415205716695153,2012-01-13 00:00:00+07:00,0.0003415205716695153,0.0007704902645106017,0.00045181730523428547
2012-01-16 00:00:00+07:00,2054.053466796875,2054.053466796875,2054.053466796875,2054.053466796875,71896,0.0,0.0,2012-01-16 00:00:00+07:00,0.0,0.00047003273244600706,0.00044015776740313273
2012-01-17 00:00:00+07:00,1989.8642578125,2054.053466796875,1989.8642578125,2054.053466796875,64668,0.03174871748522073,0.00036355231984860805,2012-01-17 00:00:00+07:00,0.00036355231984860805,0.00047443908208182555,0.00040875805147684834
2012-01-18 00:00:00+07:00,2054.053466796875,2118.24267578125,2054.053466796875,2118.24267578125,34273,0.03077167667553689,0.0003415205716695153,2012-01-18 00:00:00+07:00,0.0003415205716695153,0.0002776228069714307,0.00041197446400157404
2012-01-19 00:00:00+07:00,2118.24267578125,2182.431884765625,2118.24267578125,2182.431884765625,10749,0.029852980099123835,0.00032143260688110464,2012-01-19 00:00:00+07:00,0.00032143260688110464,0.00027360521401374857,0.00037595935528585996
2012-01-20 00:00:00+07:00,2246.620849609375,2246.620849609375,2246.620849609375,2246.620849609375,5795,0.0,0.0,2012-01-20 00:00:00+07:00,0.0,0.0002053010996798455,0.00036365210546197136
2012-01-23 00:00:00+07:00,2246.620849609375,2246.620849609375,2246.620849609375,2246.620849609375,0,0.0,0.0,2012-01-23 00:00:00+07:00,0.0,0.0002053010996798455,0.0003513448556380828
2012-01-24 00:00:00+07:00,2246.620849609375,2246.620849609375,2246.620849609375,2246.620849609375,0,0.0,0.0,2012-01-24 00:00:00+07:00,0.0,0.00013259063571012392,0.0003513448556380828
2012-01-25 00:00:00+07:00,2246.620849609375,2246.620849609375,2246.620849609375,2246.620849609375,0,0.0,0.0,2012-01-25 00:00:00+07:00,0.0,6.428652137622084e-05,0.0003513448556380828
2012-01-26 00:00:00+07:00,2246.620849609375,2246.620849609375,2246.620849609375,2246.620849609375,0,0.0,0.0,2012-01-26 00:00:00+07:00,0.0,0.0,0.0003513448556380828
2012-01-27 00:00:00+07:00,2246.620849609375,2246.620849609375,2246.620849609375,2246.620849609375,0,0.0,0.0,2012-01-27 00:00:00+07:00,0.0,0.0,0.0003513448556380828
2012-01-30 00:00:00+07:00,2246.620849609375,2310.81005859375,2246.620849609375,2310.81005859375,17152,0.028170895078387805,0.00028623045428693826,2012-01-30 00:00:00+07:00,0.00028623045428693826,5.7246090857387566e-05,0.0003643553308329436
2012-01-31 00:00:00+07:00,2374.999267578125,2374.999267578125,2246.620849609375,2374.999267578125,27933,0.055569886399183074,0.0011137649986268149,2012-01-31 00:00:00+07:00,0.0011137649986268149,0.00027999909058275057,0.0004149810125887079
2012-02-01 00:00:00+07:00,2374.999267578125,2374.999267578125,2310.81005859375,2310.81005859375,5000,0.02739899132079542,0.00027075949612554893,2012-02-01 00:00:00+07:00,0.00027075949612554893,0.0003341509898078603,0.0004272882624125965
2012-02-02 00:00:00+07:00,2374.999267578125,2374.999267578125,2246.620849609375,2374.999267578125,123182,0.055569886399183074,0.0011137649986268149,2012-02-02 00:00:00+07:00,0.0011137649986268149,0.0005569039895332234,0.0004049965902506149
2012-02-03 00:00:00+07:00,2374.999267578125,2439.1884765625,2310.81005859375,2374.999267578125,119926,0.05406725463391719,0.0010543460702268656,2012-02-03 00:00:00+07:00,0.0010543460702268656,0.0007677732035785964,0.0004327334814528958
2012-02-06 00:00:00+07:00,2310.81005859375,2310.81005859375,2310.81005859375,2310.81005859375,21810,0.0,0.0,2012-02-06 00:00:00+07:00,0.0,0.0007105271127212087,0.0004138913556381582
2012-02-07 00:00:00+07:00,2374.999267578125,2374.999267578125,2246.620849609375,2310.81005859375,18679,0.055569886399183074,0.0011137649986268149,2012-02-07 00:00:00+07:00,0.0011137649986268149,0.0007105271127212087,0.0004468903562487289
2012-02-08 00:00:00+07:00,2310.81005859375,2374.999267578125,2246.620849609375,2246.620849609375,29584,0.055569886399183074,0.0011137649986268149,2012-02-08 00:00:00+07:00,0.0011137649986268149,0.000879128213221462,0.00042923023526253976
2012-02-09 00:00:00+07:00,2246.620849609375,2246.620849609375,2182.431884765625,2182.431884765625,24100,0.028987444184011,0.0003030640331113934,2012-02-09 00:00:00+07:00,0.0003030640331113934,0.0007169880201183777,0.0004274822107826251
2012-02-10 00:00:00+07:00,2118.24267578125,2118.24267578125,2118.24267578125,2118.24267578125,33884,0.0,0.0,2012-02-10 00:00:00+07:00,0.0,0.0005061188060730045,0.00036722757681801206
2012-02-13 00:00:00+07:00,2054.053466796875,2118.24267578125,2054.053466796875,2054.053466796875,24038,0.03077167667553689,0.0003415205716695153,2012-02-13 00:00:00+07:00,0.0003415205716695153,0.0005744229204069077,0.00036722757681801206
2012-02-14 00:00:00+07:00,1989.8642578125,2054.053466796875,1989.8642578125,2054.053466796875,15407,0.03174871748522073,0.00036355231984860805,2012-02-14 00:00:00+07:00,0.00036355231984860805,0.00042438038465126627,0.0003682290199170617
2012-02-15 00:00:00+07:00,1989.8642578125,2118.24267578125,1989.8642578125,1989.8642578125,25456,0.06252039416075772,0.0014098014807110881,2012-02-15 00:00:00+07:00,0.0014098014807110881,0.0004835876810681209,0.0004323109054039294
2012-02-16 00:00:00+07:00,2054.053466796875,2054.053466796875,2054.053466796875,2054.053466796875,9020,0.0,0.0,2012-02-16 00:00:00+07:00,0.0,0.00042297487444584224,0.00041578579995626535
2012-02-17 00:00:00+07:00,2118.24267578125,2118.24267578125,1989.8642578125,1989.8642578125,15734,0.06252039416075772,0.0014098014807110881,2012-02-17 00:00:00+07:00,0.0014098014807110881,0.0007049351705880598,0.00046434402309451865
2012-02-20 00:00:00+07:00,2054.053466796875,2054.053466796875,2054.053466796875,2054.053466796875,4268,0.0,0.0,2012-02-20 00:00:00+07:00,0.0,0.0006366310562541568,0.0004497334500544684
2012-02-21 00:00:00+07:00,2118.24267578125,2118.24267578125,2054.053466796875,2118.24267578125,139493,0.03077167667553689,0.0003415205716695153,2012-02-21 00:00:00+07:00,0.0003415205716695153,0.0006322247066183382,0.0004652571124030827
2012-02-22 00:00:00+07:00,2054.053466796875,2118.24267578125,2054.053466796875,2054.053466796875,51223,0.03077167667553689,0.0003415205716695153,2012-02-22 00:00:00+07:00,0.0003415205716695153,0.00041856852481002364,0.0004807807747516971
2012-02-23 00:00:00+07:00,2054.053466796875,2118.24267578125,2054.053466796875,2118.24267578125,95467,0.03077167667553689,0.0003415205716695153,2012-02-23 00:00:00+07:00,0.0003415205716695153,0.00048687263914392676,0.0004963044371003114
2012-02-24 00:00:00+07:00,2182.431884765625,2182.431884765625,2118.24267578125,2182.431884765625,199363,0.029852980099123835,0.00032143260688110464,2012-02-24 00:00:00+07:00,0.00032143260688110464,0.00026919886437793,0.0005109150101403616
2012-02-27 00:00:00+07:00,2246.620849609375,2246.620849609375,2182.431884765625,2246.620849609375,120549,0.028987444184011,0.0003030640331113934,2012-02-27 00:00:00+07:00,0.0003030640331113934,0.00032981167100020874,0.0005246906480090613
2012-02-28 00:00:00+07:00,2310.81005859375,2310.81005859375,2246.620849609375,2310.81005859375,271837,0.028170895078387805,0.00028623045428693826,2012-02-28 00:00:00+07:00,0.00028623045428693826,0.00031875364752369326,0.0005377011232039221
2012-02-29 00:00:00+07:00,2310.81005859375,2374.999267578125,2246.620849609375,2374.999267578125,138122,0.055569886399183074,0.0011137649986268149,2012-02-29 00:00:00+07:00,0.0011137649986268149,0.00047320253291515324,0.0005753163297648257
2012-03-01 00:00:00+07:00,2374.999267578125,2439.1884765625,2310.81005859375,2439.1884765625,282150,0.05406725463391719,0.0010543460702268656,2012-03-01 00:00:00+07:00,0.0010543460702268656,0.0006157676326266233,0.0005726154693830097
2012-03-02 00:00:00+07:00,2439.1884765625,2439.1884765625,2374.999267578125,2374.999267578125,165682,0.026668263313121974,0.00025650983228536024,2012-03-02 00:00:00+07:00,0.00025650983228536024,0.0006027830777074744,0.0005719677573902739
2012-03-05 00:00:00+07:00,2374.999267578125,2439.1884765625,2374.999267578125,2439.1884765625,258392,0.026668263313121974,0.00025650983228536024,2012-03-05 00:00:00+07:00,0.00025650983228536024,0.0005934722375422677,0.0005330016134656623
2012-03-06 00:00:00+07:00,2503.377685546875,2503.377685546875,2374.999267578125,2374.999267578125,231082,0.05264376511498587,0.0009995589981492135,2012-03-06 00:00:00+07:00,0.0009995589981492135,0.0007361379463147229,0.0005305112920075873
2012-03-07 00:00:00+07:00,2374.999267578125,2439.1884765625,2310.81005859375,2439.1884765625,395534,0.05406725463391719,0.0010543460702268656,2012-03-07 00:00:00+07:00,0.0010543460702268656,0.000724254160634733,0.0005784361133815357
2012-03-08 00:00:00+07:00,2439.1884765625,2503.377685546875,2439.1884765625,2503.377685546875,412702,0.025975501801864014,0.00024335621379631666,2012-03-08 00:00:00+07:00,0.00024335621379631666,0.0005620561893486232,0.0005388720777074221
2012-03-09 00:00:00+07:00,2567.56689453125,2567.56689453125,2503.377685546875,2567.56689453125,301405,0.025317822612962837,0.00023118904607807806,2012-03-09 00:00:00+07:00,0.00023118904607807806,0.0005569920321071667,0.0004987549889552069
2012-03-12 00:00:00+07:00,2695.945068359375,2695.945068359375,2567.56689453125,2695.945068359375,946686,0.04879010077851424,0.0008585744848787226,2012-03-12 00:00:00+07:00,0.0008585744848787226,0.0006774049626258392,0.00052400546403554
2012-03-13 00:00:00+07:00,2695.945068359375,2695.945068359375,2567.56689453125,2567.56689453125,191605,0.04879010077851424,0.0008585744848787226,2012-03-13 00:00:00+07:00,0.0008585744848787226,0.000649208059971741,0.0005630315769845728
2012-03-14 00:00:00+07:00,2567.56689453125,2567.56689453125,2439.1884765625,2439.1884765625,190764,0.05129332441482686,0.0009489345132296679,2012-03-14 00:00:00+07:00,0.0009489345132296679,0.0006281257485723016,0.0005906413016009434
2012-03-15 00:00:00+07:00,2374.999267578125,2503.377685546875,2374.999267578125,2503.377685546875,190717,0.05264376511498587,0.0009995589981492135,2012-03-15 00:00:00+07:00,0.0009995589981492135,0.0007793663054428809,0.0006195506960691527
2012-03-16 00:00:00+07:00,2567.56689453125,2567.56689453125,2439.1884765625,2503.377685546875,514775,0.05129332441482686,0.0009489345132296679,2012-03-16 00:00:00+07:00,0.0009489345132296679,0.0009229153988731989,0.0005986021975472699
2012-03-19 00:00:00+07:00,2503.377685546875,2567.56689453125,2439.1884765625,2567.56689453125,174640,0.05129332441482686,0.0009489345132296679,2012-03-19 00:00:00+07:00,0.0009489345132296679,0.000940987404543388,0.0006417355845122548
2012-03-20 00:00:00+07:00,2503.377685546875,2567.56689453125,2439.1884765625,2567.56689453125,164108,0.05129332441482686,0.0009489345132296679,2012-03-20 00:00:00+07:00,0.0009489345132296679,0.0009590594102135769,0.0006207870859903721
2012-03-21 00:00:00+07:00,2503.377685546875,2631.755859375,2503.377685546875,2567.56689453125,222389,0.05001035635121654,0.0009020579656528545,2012-03-21 00:00:00+07:00,0.0009020579656528545,0.0009496841006982141,0.0006617897207927746
2012-03-22 00:00:00+07:00,2567.56689453125,2631.755859375,2503.377685546875,2503.377685546875,302901,0.05001035635121654,0.0009020579656528545,2012-03-22 00:00:00+07:00,0.0009020579656528545,0.0009301838941989423,0.0006872686932465628
2012-03-23 00:00:00+07:00,2567.56689453125,2567.56689453125,2503.377685546875,2567.56689453125,278442,0.025317822612962837,0.00023118904607807806,2012-03-23 00:00:00+07:00,0.00023118904607807806,0.0007866348007686244,0.0006822536239014975
2012-03-26 00:00:00+07:00,2695.945068359375,2695.945068359375,2695.945068359375,2695.945068359375,348438,0.0,0.0,2012-03-26 00:00:00+07:00,0.0,0.0005968478981226909,0.0006667299615528831
2012-03-27 00:00:00+07:00,2695.945068359375,2824.323486328125,2695.945068359375,2760.13427734375,532021,0.046520044448946904,0.0007805393270819331,2012-03-27 00:00:00+07:00,0.0007805393270819331,0.000563168860893144,0.000687598448834739
2012-03-28 00:00:00+07:00,2695.945068359375,2760.13427734375,2631.755859375,2760.13427734375,287182,0.04762807919252885,0.0008181645944723061,2012-03-28 00:00:00+07:00,0.0008181645944723061,0.0005463901866570342,0.0007110121107147805
2012-03-29 00:00:00+07:00,2695.945068359375,2695.945068359375,2631.755859375,2631.755859375,79951,0.02409756704026063,0.0002094406330812578,2012-03-29 00:00:00+07:00,0.0002094406330812578,0.00040786672014271494,0.0007075216642963404
2012-03-30 00:00:00+07:00,2503.377685546875,2567.56689453125,2503.377685546875,2503.377685546875,180653,0.025317822612962837,0.00023118904607807806,2012-03-30 00:00:00+07:00,0.00023118904607807806,0.00040786672014271494,0.0006674045755441252
2012-04-02 00:00:00+07:00,2503.377685546875,2503.377685546875,2503.377685546875,2503.377685546875,0,0.0,0.0,2012-04-02 00:00:00+07:00,0.0,0.00040786672014271494,0.0006194797541701768
2012-04-03 00:00:00+07:00,2439.1884765625,2567.56689453125,2439.1884765625,2503.377685546875,38199,0.05129332441482686,0.0009489345132296679,2012-04-03 00:00:00+07:00,0.0009489345132296679,0.0004415457573722619,0.0006509536033040089
2012-04-04 00:00:00+07:00,2503.377685546875,2567.56689453125,2439.1884765625,2503.377685546875,127093,0.05129332441482686,0.0009489345132296679,2012-04-04 00:00:00+07:00,0.0009489345132296679,0.00046769974112373424,0.000682427452437841
2012-04-05 00:00:00+07:00,2503.377685546875,2503.377685546875,2439.1884765625,2439.1884765625,74264,0.025975501801864014,0.00024335621379631666,2012-04-05 00:00:00+07:00,0.00024335621379631666,0.000474482857266746,0.0006480545986036184
2012-04-06 00:00:00+07:00,2439.1884765625,2503.377685546875,2439.1884765625,2503.377685546875,128837,0.025975501801864014,0.00024335621379631666,2012-04-06 00:00:00+07:00,0.00024335621379631666,0.0004769162908103938,0.0006111914233113206
2012-04-09 00:00:00+07:00,2503.377685546875,2567.56689453125,2503.377685546875,2567.56689453125,32715,0.025317822612962837,0.00023118904607807806,2012-04-09 00:00:00+07:00,0.00023118904607807806,0.0005231541000260095,0.000610638370233219
2012-04-10 00:00:00+07:00,2567.56689453125,2631.755859375,2567.56689453125,2567.56689453125,58779,0.02469253373825366,0.0002199104459756454,2012-04-10 00:00:00+07:00,0.0002199104459756454,0.00037734928657520483,0.0006101257065921993
2012-04-11 00:00:00+07:00,2631.755859375,2695.945068359375,2567.56689453125,2695.945068359375,379814,0.04879010077851424,0.0008585744848787226,2012-04-11 00:00:00+07:00,0.0008585744848787226,0.0003592772809050158,0.0006101257065921993
2012-04-12 00:00:00+07:00,2760.13427734375,2760.13427734375,2695.945068359375,2695.945068359375,587466,0.023530512152268278,0.00019969965170339496,2012-04-12 00:00:00+07:00,0.00019969965170339496,0.0003505459684864314,0.0005801768505387753
2012-04-13 00:00:00+07:00,2695.945068359375,2695.945068359375,2567.56689453125,2567.56689453125,237547,0.04879010077851424,0.0008585744848787226,2012-04-13 00:00:00+07:00,0.0008585744848787226,0.0004735896227029126,0.0005760695765228232
2012-04-16 00:00:00+07:00,2567.56689453125,2695.945068359375,2503.377685546875,2695.945068359375,334386,0.07410792339147709,0.001980814631951776,2012-04-16 00:00:00+07:00,0.001980814631951776,0.0008235147398776522,0.0006206721053320306
2012-04-17 00:00:00+07:00,2695.945068359375,2824.323486328125,2695.945068359375,2695.945068359375,308634,0.046520044448946904,0.0007805393270819331,2012-04-17 00:00:00+07:00,0.0007805393270819331,0.0009356405160989099,0.0006130177786889518
2012-04-18 00:00:00+07:00,2695.945068359375,2824.323486328125,2631.755859375,2824.323486328125,535853,0.07061761148920742,0.0017986248780569641,2012-04-18 00:00:00+07:00,0.0017986248780569641,0.0011236505947345582,0.0006516400679992835
2012-04-19 00:00:00+07:00,2760.13427734375,2888.5126953125,2695.945068359375,2695.945068359375,186885,0.06899291374756367,0.0017168150866362427,2012-04-19 00:00:00+07:00,0.0017168150866362427,0.0014270736817211275,0.000686543730426855
2012-04-20 00:00:00+07:00,2695.945068359375,2695.945068359375,2567.56689453125,2631.755859375,156895,0.04879010077851424,0.0008585744848787226,2012-04-20 00:00:00+07:00,0.0008585744848787226,0.0014270736817211277,0.0006845672085734854
2012-04-23 00:00:00+07:00,2631.755859375,2631.755859375,2503.377685546875,2631.755859375,80449,0.05001035635121654,0.0009020579656528545,2012-04-23 00:00:00+07:00,0.0009020579656528545,0.0012113223484613433,0.0006845672085734854
2012-04-24 00:00:00+07:00,2631.755859375,2695.945068359375,2503.377685546875,2631.755859375,178830,0.07410792339147709,0.001980814631951776,2012-04-24 00:00:00+07:00,0.001980814631951776,0.0014513774094353118,0.0007640956442950171
2012-04-25 00:00:00+07:00,2695.945068359375,2760.13427734375,2631.755859375,2695.945068359375,246848,0.04762807919252885,0.0008181645944723061,2012-04-25 00:00:00+07:00,0.0008181645944723061,0.0012552853527183802,0.0008012849440437582
2012-04-26 00:00:00+07:00,2695.945068359375,2760.13427734375,2567.56689453125,2695.945068359375,72301,0.07232061293078262,0.0018864215282744536,2012-04-26 00:00:00+07:00,0.0018864215282744536,0.0012892066410460225,0.0008515523168252365
2012-04-27 00:00:00+07:00,2695.945068359375,2760.13427734375,2631.755859375,2695.945068359375,276448,0.04762807919252885,0.0008181645944723061,2012-04-27 00:00:00+07:00,0.0008181645944723061,0.0012811246629647393,0.0008515523168252365
2012-04-30 00:00:00+07:00,2695.945068359375,2695.945068359375,2695.945068359375,2695.945068359375,0,0.0,0.0,2012-04-30 00:00:00+07:00,0.0,0.0011007130698341683,0.0008420322880488159
2012-05-01 00:00:00+07:00,2695.945068359375,2695.945068359375,2695.945068359375,2695.945068359375,0,0.0,0.0,2012-05-01 00:00:00+07:00,0.0,0.0007045501434438132,0.0008315236950452668
2012-05-02 00:00:00+07:00,2695.945068359375,2760.13427734375,2631.755859375,2695.945068359375,511675,0.04762807919252885,0.0008181645944723061,2012-05-02 00:00:00+07:00,0.0008181645944723061,0.0007045501434438132,0.0008687129947940079
2012-05-03 00:00:00+07:00,2695.945068359375,2760.13427734375,2631.755859375,2760.13427734375,401033,0.04762807919252885,0.0008181645944723061,2012-05-03 00:00:00+07:00,0.0008181645944723061,0.0004908987566833837,0.0008627689075777642
2012-05-04 00:00:00+07:00,2888.5126953125,2888.5126953125,2888.5126953125,2888.5126953125,466651,0.0,0.0,2012-05-04 00:00:00+07:00,0.0,0.00032726583778892247,0.0008196355206127793
2012-05-07 00:00:00+07:00,3016.89111328125,3016.89111328125,3016.89111328125,3016.89111328125,433172,0.0,0.0,2012-05-07 00:00:00+07:00,0.0,0.00032726583778892247,0.0008085738745311287
2012-05-08 00:00:00+07:00,3145.269287109375,3145.269287109375,3145.269287109375,3145.269287109375,3941,0.0,0.0,2012-05-08 00:00:00+07:00,0.0,0.00032726583778892247,0.0007975122284494779
2012-05-09 00:00:00+07:00,3145.269287109375,3273.647705078125,3016.89111328125,3273.647705078125,1149430,0.08167800086589647,0.0024061613509197676,2012-05-09 00:00:00+07:00,0.0024061613509197676,0.0006448651890784147,0.0008963746059422818
2012-05-10 00:00:00+07:00,3402.026123046875,3402.026123046875,3402.026123046875,3402.026123046875,435821,0.0,0.0,2012-05-10 00:00:00+07:00,0.0,0.0004812322701839535,0.0008863786765797525
2012-05-11 00:00:00+07:00,3466.215087890625,3530.404296875,3337.8369140625,3337.8369140625,874898,0.05608942941442044,0.0011346883390241157,2012-05-11 00:00:00+07:00,0.0011346883390241157,0.0007081699379887766,0.000898929306313634
2012-05-14 00:00:00+07:00,3402.026123046875,3402.026123046875,3209.45849609375,3209.45849609375,129242,0.05826894257036081,0.0012245846782227422,2012-05-14 00:00:00+07:00,0.0012245846782227422,0.0009530868736333251,0.0009455149893372407
2012-05-15 00:00:00+07:00,3081.080078125,3209.45849609375,3081.080078125,3081.080078125,170745,0.04082201987662276,0.0006010402096208432,2012-05-15 00:00:00+07:00,0.0006010402096208432,0.0010732949155574938,0.000933808885916428
2012-05-16 00:00:00+07:00,3016.89111328125,3081.080078125,2952.701904296875,2952.701904296875,397606,0.0425595592962585,0.0006532941842266845,2012-05-16 00:00:00+07:00,0.0006532941842266845,0.0007227214822188771,0.0008734670473834693
2012-05-17 00:00:00+07:00,2888.5126953125,3016.89111328125,2824.323486328125,2824.323486328125,432051,0.0659580064148899,0.0015690962656416726,2012-05-17 00:00:00+07:00,0.0015690962656416726,0.0010365407353472116,0.0009093105445907302
2012-05-18 00:00:00+07:00,2760.13427734375,2760.13427734375,2695.945068359375,2695.945068359375,419463,0.023530512152268278,0.00019969965170339496,2012-05-18 00:00:00+07:00,0.00019969965170339496,0.0008495429978830673,0.0008366321252110225
2012-05-21 00:00:00+07:00,2695.945068359375,2824.323486328125,2695.945068359375,2824.323486328125,113103,0.046520044448946904,0.0007805393270819331,2012-05-21 00:00:00+07:00,0.0007805393270819331,0.0007607339276549057,0.0007940741361403721
2012-05-22 00:00:00+07:00,2888.5126953125,2952.701904296875,2760.13427734375,2760.13427734375,183613,0.06744132117599563,0.001640463933752683,2012-05-22 00:00:00+07:00,0.001640463933752683,0.0009686186724812735,0.000829614565634643
2012-05-23 00:00:00+07:00,2760.13427734375,2824.323486328125,2631.755859375,2631.755859375,473631,0.07061761148920742,0.0017986248780569641,2012-05-23 00:00:00+07:00,0.0017986248780569641,0.0011976848112473296,0.0008703676071075572
2012-05-24 00:00:00+07:00,2567.56689453125,2695.945068359375,2503.377685546875,2567.56689453125,194222,0.07410792339147709,0.001980814631951776,2012-05-24 00:00:00+07:00,0.001980814631951776,0.0012800284845093505,0.0008703676071075572
2012-05-25 00:00:00+07:00,2695.945068359375,2695.945068359375,2631.755859375,2695.945068359375,207573,0.02409756704026063,0.0002094406330812578,2012-05-25 00:00:00+07:00,0.0002094406330812578,0.0012819766807849228,0.0008426983361352366
2012-05-28 00:00:00+07:00,2824.323486328125,2824.323486328125,2760.13427734375,2824.323486328125,173580,0.022989532296678473,0.00019062278908538202,2012-05-28 00:00:00+07:00,0.00019062278908538202,0.0011639933731856125,0.0007656165752630062
2012-05-29 00:00:00+07:00,2824.323486328125,2824.323486328125,2695.945068359375,2695.945068359375,119334,0.046520044448946904,0.0007805393270819331,2012-05-29 00:00:00+07:00,0.0007805393270819331,0.0009920084518514627,0.000763906335836171
2012-05-30 00:00:00+07:00,2631.755859375,2824.323486328125,2631.755859375,2760.13427734375,91464,0.07061761148920742,0.0017986248780569641,2012-05-30 00:00:00+07:00,0.0017986248780569641,0.0009920084518514627,0.0008456620121114875
2012-05-31 00:00:00+07:00,2631.755859375,2760.13427734375,2631.755859375,2631.755859375,89547,0.04762807919252885,0.0008181645944723061,2012-05-31 00:00:00+07:00,0.0008181645944723061,0.0007594784443555687,0.0008828513118602288
2012-06-01 00:00:00+07:00,2695.945068359375,2695.945068359375,2503.377685546875,2503.377685546875,118742,0.07410792339147709,0.001980814631951776,2012-06-01 00:00:00+07:00,0.001980814631951776,0.0011137532441296723,0.0009356990408365684
2012-06-04 00:00:00+07:00,2567.56689453125,2567.56689453125,2503.377685546875,2503.377685546875,180669,0.025317822612962837,0.00023118904607807806,2012-06-04 00:00:00+07:00,0.00023118904607807806,0.0011218664955282116,0.000909018334091376
2012-06-05 00:00:00+07:00,2567.56689453125,2567.56689453125,2503.377685546875,2567.56689453125,216048,0.025317822612962837,0.00023118904607807806,2012-06-05 00:00:00+07:00,0.00023118904607807806,0.0010119964393274406,0.0009195269270949251
2012-06-06 00:00:00+07:00,2631.755859375,2695.945068359375,2567.56689453125,2695.945068359375,151458,0.04879010077851424,0.0008585744848787226,2012-06-06 00:00:00+07:00,0.0008585744848787226,0.0008239863606917923,0.000958553040043958
2012-06-07 00:00:00+07:00,2695.945068359375,2824.323486328125,2695.945068359375,2824.323486328125,206265,0.046520044448946904,0.0007805393270819331,2012-06-07 00:00:00+07:00,0.0007805393270819331,0.0008164613072137176,0.000994032100365864
2012-06-08 00:00:00+07:00,2888.5126953125,2888.5126953125,2760.13427734375,2824.323486328125,182491,0.0454624015952953,0.0007454513329846702,2012-06-08 00:00:00+07:00,0.0007454513329846702,0.0005693886474202964,0.0009185452813688142
2012-06-11 00:00:00+07:00,2760.13427734375,2888.5126953125,2760.13427734375,2760.13427734375,244122,0.0454624015952953,0.0007454513329846702,2012-06-11 00:00:00+07:00,0.0007454513329846702,0.0006722411048016147,0.0009524294328681174
2012-06-12 00:00:00+07:00,2824.323486328125,2824.323486328125,2695.945068359375,2695.945068359375,87834,0.046520044448946904,0.0007805393270819331,2012-06-12 00:00:00+07:00,0.0007805393270819331,0.0007821111610023858,0.0009363317505071089
2012-06-13 00:00:00+07:00,2695.945068359375,2695.945068359375,2567.56689453125,2631.755859375,129632,0.04879010077851424,0.0008585744848787226,2012-06-13 00:00:00+07:00,0.0008585744848787226,0.0007821111610023858,0.0009196949235369263
2012-06-14 00:00:00+07:00,2567.56689453125,2695.945068359375,2567.56689453125,2695.945068359375,116109,0.04879010077851424,0.0008585744848787226,2012-06-14 00:00:00+07:00,0.0008585744848787226,0.0007977181925617437,0.000931401026957739
2012-06-15 00:00:00+07:00,2760.13427734375,2760.13427734375,2695.945068359375,2695.945068359375,57112,0.023530512152268278,0.00019969965170339496,2012-06-15 00:00:00+07:00,0.00019969965170339496,0.0006885678563054887,0.000910783093661226
2012-06-18 00:00:00+07:00,2824.323486328125,2824.323486328125,2695.945068359375,2695.945068359375,105422,0.046520044448946904,0.0007805393270819331,2012-06-18 00:00:00+07:00,0.0007805393270819331,0.0006955854551249413,0.0008749395964539649
2012-06-19 00:00:00+07:00,2695.945068359375,2695.945068359375,2567.56689453125,2567.56689453125,349030,0.04879010077851424,0.0008585744848787226,2012-06-19 00:00:00+07:00,0.0008585744848787226,0.0007111924866842992,0.0009048884525073888
2012-06-20 00:00:00+07:00,2567.56689453125,2631.755859375,2439.1884765625,2631.755859375,332844,0.07598585815308048,0.0020824764210235175,2012-06-20 00:00:00+07:00,0.0020824764210235175,0.0009559728739132582,0.0009640674113229154
2012-06-21 00:00:00+07:00,2567.56689453125,2631.755859375,2503.377685546875,2503.377685546875,180497,0.05001035635121654,0.0009020579656528545,2012-06-21 00:00:00+07:00,0.0009020579656528545,0.0009646695700680847,0.0009305035036820141
2012-06-22 00:00:00+07:00,2503.377685546875,2567.56689453125,2439.1884765625,2567.56689453125,13101,0.05129332441482686,0.0009489345132296679,2012-06-22 00:00:00+07:00,0.0009489345132296679,0.001114516542373339,0.0008918812143716825
2012-06-25 00:00:00+07:00,2503.377685546875,2567.56689453125,2439.1884765625,2439.1884765625,99627,0.05129332441482686,0.0009489345132296679,2012-06-25 00:00:00+07:00,0.0009489345132296679,0.0011481955796028862,0.0008449775726115867
2012-06-26 00:00:00+07:00,2439.1884765625,2439.1884765625,2374.999267578125,2374.999267578125,74155,0.026668263313121974,0.00025650983228536024,2012-06-26 00:00:00+07:00,0.00025650983228536024,0.0010277826490842135,0.0008471170816663188
2012-06-27 00:00:00+07:00,2374.999267578125,2439.1884765625,2310.81005859375,2374.999267578125,97306,0.05406725463391719,0.0010543460702268656,2012-06-27 00:00:00+07:00,0.0010543460702268656,0.0008221565789248833,0.0008863772308091134
2012-06-28 00:00:00+07:00,2374.999267578125,2374.999267578125,2310.81005859375,2310.81005859375,86977,0.02739899132079542,0.00027075949612554893,2012-06-28 00:00:00+07:00,0.00027075949612554893,0.0006958968850194221,0.0008632054203110959
2012-06-29 00:00:00+07:00,2374.999267578125,2374.999267578125,2374.999267578125,2374.999267578125,143715,0.0,0.0,2012-06-29 00:00:00+07:00,0.0,0.0005061099823734886,0.0007814497440357793
2012-07-02 00:00:00+07:00,2439.1884765625,2439.1884765625,2374.999267578125,2374.999267578125,73844,0.026668263313121974,0.00025650983228536024,2012-07-02 00:00:00+07:00,0.00025650983228536024,0.00036762504618462704,0.0007559199821181909
2012-07-03 00:00:00+07:00,2374.999267578125,2374.999267578125,2310.81005859375,2374.999267578125,73376,0.02739899132079542,0.00027075949612554893,2012-07-03 00:00:00+07:00,0.00027075949612554893,0.00037047497895266473,0.0006781902032169987
2012-07-04 00:00:00+07:00,2374.999267578125,2374.999267578125,2310.81005859375,2374.999267578125,69014,0.02739899132079542,0.00027075949612554893,2012-07-04 00:00:00+07:00,0.00027075949612554893,0.00021375766413240144,0.0006799888600373384
2012-07-05 00:00:00+07:00,2310.81005859375,2374.999267578125,2310.81005859375,2374.999267578125,158173,0.02739899132079542,0.00027075949612554893,2012-07-05 00:00:00+07:00,0.00027075949612554893,0.00021375766413240144,0.000681787516857678
2012-07-06 00:00:00+07:00,2374.999267578125,2439.1884765625,2310.81005859375,2439.1884765625,111638,0.05406725463391719,0.0010543460702268656,2012-07-06 00:00:00+07:00,0.0010543460702268656,0.00042462687817777453,0.0006906862252825936
2012-07-09 00:00:00+07:00,2374.999267578125,2374.999267578125,2374.999267578125,2374.999267578125,50849,0.0,0.0,2012-07-09 00:00:00+07:00,0.0,0.0003733249117207025,0.0006552071649606876
2012-07-10 00:00:00+07:00,2310.81005859375,2374.999267578125,2310.81005859375,2310.81005859375,172801,0.02739899132079542,0.00027075949612554893,2012-07-10 00:00:00+07:00,0.00027075949612554893,0.0003733249117207025,0.0006336302632852729
2012-07-11 00:00:00+07:00,2310.81005859375,2310.81005859375,2246.620849609375,2246.620849609375,148592,0.028170895078387805,0.00028623045428693826,2012-07-11 00:00:00+07:00,0.00028623045428693826,0.0003764191033529803,0.0006127565869808306
2012-07-12 00:00:00+07:00,2182.431884765625,2310.81005859375,2182.431884765625,2310.81005859375,91760,0.057158339262398744,0.0011783484946863057,2012-07-12 00:00:00+07:00,0.0011783484946863057,0.0005579369030651318,0.0006308388218719383
2012-07-13 00:00:00+07:00,2310.81005859375,2374.999267578125,2310.81005859375,2374.999267578125,155,0.02739899132079542,0.00027075949612554893,2012-07-13 00:00:00+07:00,0.00027075949612554893,0.0004012195882448683,0.000604119958746794
2012-07-16 00:00:00+07:00,2374.999267578125,2439.1884765625,2310.81005859375,2310.81005859375,111997,0.05406725463391719,0.0010543460702268656,2012-07-16 00:00:00+07:00,0.0010543460702268656,0.0006120888022902414,0.0006130186671717097
2012-07-17 00:00:00+07:00,2310.81005859375,2374.999267578125,2246.620849609375,2374.999267578125,130271,0.055569886399183074,0.0011137649986268149,2012-07-17 00:00:00+07:00,0.0011137649986268149,0.0007806899027904947,0.0006545670920318652
2012-07-18 00:00:00+07:00,2374.999267578125,2439.1884765625,2310.81005859375,2374.999267578125,87880,0.05406725463391719,0.0010543460702268656,2012-07-18 00:00:00+07:00,0.0010543460702268656,0.00093431302597848,0.0006670128530839076
2012-07-19 00:00:00+07:00,2374.999267578125,2439.1884765625,2310.81005859375,2439.1884765625,238061,0.05406725463391719,0.0010543460702268656,2012-07-19 00:00:00+07:00,0.0010543460702268656,0.000909512541086592,0.0006759115615088231
2012-07-20 00:00:00+07:00,2439.1884765625,2503.377685546875,2439.1884765625,2439.1884765625,108741,0.025975501801864014,0.00024335621379631666,2012-07-20 00:00:00+07:00,0.00024335621379631666,0.0009040318846207455,0.0005923151884530413
2012-07-23 00:00:00+07:00,2439.1884765625,2439.1884765625,2374.999267578125,2374.999267578125,91682,0.026668263313121974,0.00025650983228536024,2012-07-23 00:00:00+07:00,0.00025650983228536024,0.0007444646370324445,0.0005629720914817915
2012-07-24 00:00:00+07:00,2310.81005859375,2374.999267578125,2310.81005859375,2310.81005859375,151801,0.02739899132079542,0.00027075949612554893,2012-07-24 00:00:00+07:00,0.00027075949612554893,0.0005758635365321913,0.0005321459543406953
2012-07-25 00:00:00+07:00,2310.81005859375,2310.81005859375,2246.620849609375,2246.620849609375,96605,0.028170895078387805,0.00028623045428693826,2012-07-25 00:00:00+07:00,0.00028623045428693826,0.00042224041334420586,0.0005020230425705711
2012-07-26 00:00:00+07:00,2246.620849609375,2310.81005859375,2246.620849609375,2246.620849609375,107058,0.028170895078387805,0.00028623045428693826,2012-07-26 00:00:00+07:00,0.00028623045428693826,0.0002686172901562204,0.0005033739799342792
2012-07-27 00:00:00+07:00,2182.431884765625,2246.620849609375,2118.24267578125,2182.431884765625,90015,0.058840424283134816,0.001248723080364568,2012-07-27 00:00:00+07:00,0.001248723080364568,0.00046969066346987066,0.000512209298576902
2012-07-30 00:00:00+07:00,2182.431884765625,2246.620849609375,2118.24267578125,2182.431884765625,90015,0.058840424283134816,0.001248723080364568,2012-07-30 00:00:00+07:00,0.001248723080364568,0.0006681333130857122,0.0005566621887695848
2012-07-31 00:00:00+07:00,2246.620849609375,2246.620849609375,2182.431884765625,2182.431884765625,58514,0.028987444184011,0.0003030640331113934,2012-07-31 00:00:00+07:00,0.0003030640331113934,0.0006745942204828811,0.0005704378266382844
2012-08-01 00:00:00+07:00,2182.431884765625,2182.431884765625,2118.24267578125,2182.431884765625,75573,0.029852980099123835,0.00032143260688110464,2012-08-01 00:00:00+07:00,0.00032143260688110464,0.0006816346510017145,0.0005733888618471819
2012-08-02 00:00:00+07:00,2182.431884765625,2246.620849609375,2182.431884765625,2246.620849609375,108912,0.028987444184011,0.0003030640331113934,2012-08-02 00:00:00+07:00,0.0003030640331113934,0.0006850013667666054,0.0005748572498919931
2012-08-03 00:00:00+07:00,2182.431884765625,2246.620849609375,2182.431884765625,2182.431884765625,35286,0.028987444184011,0.0003030640331113934,2012-08-03 00:00:00+07:00,0.0003030640331113934,0.0004958695573159705,0.0005763256379368041
2012-08-06 00:00:00+07:00,2182.431884765625,2246.620849609375,2182.431884765625,2246.620849609375,192742,0.028987444184011,0.0003030640331113934,2012-08-06 00:00:00+07:00,0.0003030640331113934,0.0003067377478653356,0.0005777940259816153
2012-08-07 00:00:00+07:00,2182.431884765625,2310.81005859375,2182.431884765625,2246.620849609375,34709,0.057158339262398744,0.0011783484946863057,2012-08-07 00:00:00+07:00,0.0011783484946863057,0.000481794640180318,0.0005834304998206806
2012-08-08 00:00:00+07:00,2246.620849609375,2246.620849609375,2246.620849609375,2246.620849609375,17339,0.0,0.0,2012-08-08 00:00:00+07:00,0.0,0.00041750811880409707,0.0005834304998206806
2012-08-09 00:00:00+07:00,2246.620849609375,2310.81005859375,2246.620849609375,2246.620849609375,131096,0.028170895078387805,0.00028623045428693826,2012-08-09 00:00:00+07:00,0.00028623045428693826,0.0004141414030392061,0.000584133725191653
2012-08-10 00:00:00+07:00,2246.620849609375,2310.81005859375,2246.620849609375,2246.620849609375,96558,0.028170895078387805,0.00028623045428693826,2012-08-10 00:00:00+07:00,0.00028623045428693826,0.000410774687274315,0.000584133725191653
2012-08-13 00:00:00+07:00,2246.620849609375,2246.620849609375,2182.431884765625,2246.620849609375,71413,0.028987444184011,0.0003030640331113934,2012-08-13 00:00:00+07:00,0.0003030640331113934,0.000410774687274315,0.0005443480678473388
2012-08-14 00:00:00+07:00,2246.620849609375,2246.620849609375,2182.431884765625,2246.620849609375,31173,0.028987444184011,0.0003030640331113934,2012-08-14 00:00:00+07:00,0.0003030640331113934,0.0002357177949593326,0.0005458164558921498
2012-08-15 00:00:00+07:00,2246.620849609375,2246.620849609375,2182.431884765625,2182.431884765625,88535,0.028987444184011,0.0003030640331113934,2012-08-15 00:00:00+07:00,0.0003030640331113934,0.00029633060158161127,0.0005116672723869012
2012-08-16 00:00:00+07:00,2182.431884765625,2246.620849609375,2182.431884765625,2246.620849609375,71632,0.028987444184011,0.0003030640331113934,2012-08-16 00:00:00+07:00,0.0003030640331113934,0.0002996973173465023,0.00047481722849983656
2012-08-17 00:00:00+07:00,2182.431884765625,2246.620849609375,2182.431884765625,2182.431884765625,21888,0.028987444184011,0.0003030640331113934,2012-08-17 00:00:00+07:00,0.0003030640331113934,0.0003030640331113934,0.0004406680449945878
2012-08-20 00:00:00+07:00,2246.620849609375,2246.620849609375,2182.431884765625,2246.620849609375,32902,0.028987444184011,0.0003030640331113934,2012-08-20 00:00:00+07:00,0.0003030640331113934,0.0003030640331113934,0.0004065188614893391
2012-08-21 00:00:00+07:00,2246.620849609375,2246.620849609375,2182.431884765625,2182.431884765625,12167,0.028987444184011,0.0003030640331113934,2012-08-21 00:00:00+07:00,0.0003030640331113934,0.0003030640331113934,0.00040923285327638796
2012-08-22 00:00:00+07:00,2118.24267578125,2118.24267578125,2118.24267578125,2118.24267578125,31905,0.0,0.0,2012-08-22 00:00:00+07:00,0.0,0.00024245122648911465,0.0003975733154452353
2012-08-23 00:00:00+07:00,2054.053466796875,2054.053466796875,2054.053466796875,2054.053466796875,13989,0.0,0.0,2012-08-23 00:00:00+07:00,0.0,0.00018183841986683596,0.0003852660656213467
2012-08-24 00:00:00+07:00,1989.8642578125,2054.053466796875,1989.8642578125,1989.8642578125,216080,0.03174871748522073,0.00036355231984860805,2012-08-24 00:00:00+07:00,0.00036355231984860805,0.00019393607721427888,0.00038878069587414984
2012-08-27 00:00:00+07:00,2054.053466796875,2054.053466796875,1925.675048828125,1925.675048828125,117402,0.06453856075689528,0.0015022876603229733,2012-08-27 00:00:00+07:00,0.0015022876603229733,0.0004337808026565949,0.0004440560234212424
2012-08-28 00:00:00+07:00,1861.4859619140625,1925.675048828125,1861.4859619140625,1861.4859619140625,54962,0.03390150795780658,0.00041452676792422846,2012-08-28 00:00:00+07:00,0.00041452676792422846,0.0004560733496191619,0.0004061380092194087
2012-08-29 00:00:00+07:00,1861.4859619140625,1925.675048828125,1861.4859619140625,1925.675048828125,73657,0.03390150795780658,0.00041452676792422846,2012-08-29 00:00:00+07:00,0.00041452676792422846,0.0005389787032040076,0.0003682199950175751
2012-08-30 00:00:00+07:00,1925.675048828125,1989.8642578125,1925.675048828125,1989.8642578125,47422,0.03278984327167437,0.00038778698519425955,2012-08-30 00:00:00+07:00,0.00038778698519425955,0.0006165361002428595,0.000372071038294069
2012-08-31 00:00:00+07:00,1989.8642578125,1989.8642578125,1925.675048828125,1925.675048828125,54370,0.03278984327167437,0.00038778698519425955,2012-08-31 00:00:00+07:00,0.00038778698519425955,0.0006213830333119898,0.0003750871463992125
2012-09-03 00:00:00+07:00,1925.675048828125,1925.675048828125,1925.675048828125,1925.675048828125,0,0.0,0.0,2012-09-03 00:00:00+07:00,0.0,0.00032092550124739516,0.00036131150853051274
2012-09-04 00:00:00+07:00,1925.675048828125,1925.675048828125,1861.4859619140625,1861.4859619140625,48092,0.03390150795780658,0.00041452676792422846,2012-09-04 00:00:00+07:00,0.00041452676792422846,0.00032092550124739516,0.0003663779964765507
2012-09-05 00:00:00+07:00,1925.675048828125,1925.675048828125,1797.2967529296875,1925.675048828125,93333,0.06899284884733757,0.0017168118566919244,2012-09-05 00:00:00+07:00,0.0017168118566919244,0.0005813825190009343,0.0004306392611847566
2012-09-06 00:00:00+07:00,1861.4859619140625,1861.4859619140625,1861.4859619140625,1861.4859619140625,45210,0.0,0.0,2012-09-06 00:00:00+07:00,0.0,0.0005038251219620824,0.0003770779659717427
2012-09-07 00:00:00+07:00,1797.2967529296875,1861.4859619140625,1797.2967529296875,1797.2967529296875,102540,0.035091340889530795,0.00044413446377668736,2012-09-07 00:00:00+07:00,0.00044413446377668736,0.000515094617678568,0.00039726589614341035
2012-09-10 00:00:00+07:00,1797.2967529296875,1797.2967529296875,1733.1075439453125,1733.1075439453125,26016,0.03636766681048886,0.0004770297082397028,2012-09-10 00:00:00+07:00,0.0004770297082397028,0.0006105005593265085,0.0004059385895048997
2012-09-11 00:00:00+07:00,1668.91845703125,1733.1075439453125,1668.91845703125,1668.91845703125,98022,0.03774027922060215,0.0005137179792386945,2012-09-11 00:00:00+07:00,0.0005137179792386945,0.0006303388015894017,0.00041627893154816127
2012-09-12 00:00:00+07:00,1668.91845703125,1733.1075439453125,1604.729248046875,1733.1075439453125,174546,0.07696101577976065,0.0021362699423619494,2012-09-12 00:00:00+07:00,0.0021362699423619494,0.0007142304187234067,0.0004996064728777321
2012-09-13 00:00:00+07:00,1733.1075439453125,1733.1075439453125,1668.91845703125,1733.1075439453125,41829,0.03774027922060215,0.0005137179792386945,2012-09-13 00:00:00+07:00,0.0005137179792386945,0.0008169740145711457,0.0005091816522471548
2012-09-14 00:00:00+07:00,1733.1075439453125,1797.2967529296875,1668.91845703125,1797.2967529296875,174608,0.07410794603109104,0.0019808158422106354,2012-09-14 00:00:00+07:00,0.0019808158422106354,0.0011243102902579352,0.0005854430981153022
2012-09-17 00:00:00+07:00,1797.2967529296875,1797.2967529296875,1733.1075439453125,1797.2967529296875,37778,0.03636766681048886,0.0004770297082397028,2012-09-17 00:00:00+07:00,0.0004770297082397028,0.0011243102902579352,0.0005933506288029526
2012-09-18 00:00:00+07:00,1797.2967529296875,1797.2967529296875,1733.1075439453125,1733.1075439453125,59698,0.03636766681048886,0.0004770297082397028,2012-09-18 00:00:00+07:00,0.0004770297082397028,0.0011169726360581369,0.000601258159490603
2012-09-19 00:00:00+07:00,1668.91845703125,1733.1075439453125,1668.91845703125,1733.1075439453125,74669,0.03774027922060215,0.0005137179792386945,2012-09-19 00:00:00+07:00,0.0005137179792386945,0.0007924622434334859,0.0006108333388600257
2012-09-20 00:00:00+07:00,1733.1075439453125,1733.1075439453125,1668.91845703125,1733.1075439453125,50055,0.03774027922060215,0.0005137179792386945,2012-09-20 00:00:00+07:00,0.0005137179792386945,0.0007924622434334859,0.0006204085182294485
2012-09-21 00:00:00+07:00,1733.1075439453125,1733.1075439453125,1668.91845703125,1733.1075439453125,103350,0.03774027922060215,0.0005137179792386945,2012-09-21 00:00:00+07:00,0.0005137179792386945,0.0004990426708390977,0.0006437593354675711
2012-09-24 00:00:00+07:00,1733.1075439453125,1733.1075439453125,1668.91845703125,1733.1075439453125,54978,0.03774027922060215,0.0005137179792386945,2012-09-24 00:00:00+07:00,0.0005137179792386945,0.000506380325038896,0.0006671101527056935
2012-09-25 00:00:00+07:00,1733.1075439453125,1733.1075439453125,1668.91845703125,1668.91845703125,32248,0.03774027922060215,0.0005137179792386945,2012-09-25 00:00:00+07:00,0.0005137179792386945,0.0005137179792386945,0.0006739358644961519
2012-09-26 00:00:00+07:00,1604.729248046875,1733.1075439453125,1604.729248046875,1733.1075439453125,31251,0.07696101577976065,0.0021362699423619494,2012-09-26 00:00:00+07:00,0.0021362699423619494,0.0008382283718633453,0.0007027532409524691
2012-09-27 00:00:00+07:00,1733.1075439453125,1733.1075439453125,1668.91845703125,1668.91845703125,17105,0.03774027922060215,0.0005137179792386945,2012-09-27 00:00:00+07:00,0.0005137179792386945,0.0008382283718633453,0.0007072619323758539
2012-09-28 00:00:00+07:00,1604.729248046875,1668.91845703125,1604.729248046875,1604.729248046875,23570,0.0392207365591585,0.0005548122460082195,2012-09-28 00:00:00+07:00,0.0005548122460082195,0.0008464472252172504,0.0007136385450160353
2012-10-01 00:00:00+07:00,1604.729248046875,1668.91845703125,1604.729248046875,1668.91845703125,52360,0.0392207365591585,0.0005548122460082195,2012-10-01 00:00:00+07:00,0.0005548122460082195,0.0008546660785711555,0.0007212306023257607
2012-10-02 00:00:00+07:00,1668.91845703125,1668.91845703125,1604.729248046875,1668.91845703125,50787,0.0392207365591585,0.0005548122460082195,2012-10-02 00:00:00+07:00,0.0005548122460082195,0.0008628849319250604,0.0007288226596354863
2012-10-03 00:00:00+07:00,1668.91845703125,1668.91845703125,1604.729248046875,1668.91845703125,28852,0.0392207365591585,0.0005548122460082195,2012-10-03 00:00:00+07:00,0.0005548122460082195,0.0005465933926543144,0.0007540413980904053
2012-10-04 00:00:00+07:00,1604.729248046875,1668.91845703125,1604.729248046875,1668.91845703125,69357,0.0392207365591585,0.0005548122460082195,2012-10-04 00:00:00+07:00,0.0005548122460082195,0.0005548122460082195,0.0007604180107305867
2012-10-05 00:00:00+07:00,1604.729248046875,1668.91845703125,1604.729248046875,1604.729248046875,94190,0.0392207365591585,0.0005548122460082195,2012-10-05 00:00:00+07:00,0.0005548122460082195,0.0005548122460082195,0.0007075998466086001
2012-10-08 00:00:00+07:00,1540.5400390625,1668.91845703125,1540.5400390625,1668.91845703125,77738,0.0800427564357813,0.0023107801046893706,2012-10-08 00:00:00+07:00,0.0023107801046893706,0.0009060058177444496,0.0008126353059126624
2012-10-09 00:00:00+07:00,1668.91845703125,1668.91845703125,1604.729248046875,1668.91845703125,26811,0.0392207365591585,0.0005548122460082195,2012-10-09 00:00:00+07:00,0.0005548122460082195,0.0009060058177444496,0.0008176661141959138
2012-10-10 00:00:00+07:00,1668.91845703125,1733.1075439453125,1604.729248046875,1668.91845703125,53202,0.07696101577976065,0.0021362699423619494,2012-10-10 00:00:00+07:00,0.0021362699423619494,0.0012222973570151954,0.0008930861248378342
2012-10-11 00:00:00+07:00,1668.91845703125,1733.1075439453125,1668.91845703125,1733.1075439453125,84858,0.03774027922060215,0.0005137179792386945,2012-10-11 00:00:00+07:00,0.0005137179792386945,0.0012140785036612906,0.000893086124837834
2012-10-12 00:00:00+07:00,1668.91845703125,1733.1075439453125,1668.91845703125,1668.91845703125,41455,0.03774027922060215,0.0005137179792386945,2012-10-12 00:00:00+07:00,0.0005137179792386945,0.0012058596503073857,0.0008193337628776863
2012-10-15 00:00:00+07:00,1604.729248046875,1668.91845703125,1604.729248046875,1604.729248046875,42904,0.0392207365591585,0.0005548122460082195,2012-10-15 00:00:00+07:00,0.0005548122460082195,0.0008546660785711555,0.0008212016840944829
2012-10-16 00:00:00+07:00,1604.729248046875,1668.91845703125,1604.729248046875,1668.91845703125,49400,0.0392207365591585,0.0005548122460082195,2012-10-16 00:00:00+07:00,0.0005548122460082195,0.0008546660785711555,0.0007563833388125548
2012-10-17 00:00:00+07:00,1668.91845703125,1733.1075439453125,1668.91845703125,1668.91845703125,69637,0.03774027922060215,0.0005137179792386945,2012-10-17 00:00:00+07:00,0.0005137179792386945,0.0005301556859465044,0.0007580509874943272
2012-10-18 00:00:00+07:00,1668.91845703125,1733.1075439453125,1668.91845703125,1668.91845703125,23570,0.03774027922060215,0.0005137179792386945,2012-10-18 00:00:00+07:00,0.0005137179792386945,0.0005301556859465044,0.0007597186361760995
2012-10-19 00:00:00+07:00,1668.91845703125,1733.1075439453125,1604.729248046875,1604.729248046875,32809,0.07696101577976065,0.0021362699423619494,2012-10-19 00:00:00+07:00,0.0021362699423619494,0.0008546660785711555,0.0008334709981362474
2012-10-22 00:00:00+07:00,1540.5400390625,1604.729248046875,1540.5400390625,1540.5400390625,71086,0.04082201987662276,0.0006010402096208432,2012-10-22 00:00:00+07:00,0.0006010402096208432,0.00086391167129368,0.0008374401904263452
2012-10-23 00:00:00+07:00,1476.3509521484375,1604.729248046875,1476.3509521484375,1540.5400390625,25175,0.08338157917288118,0.002507579898019286,2012-10-23 00:00:00+07:00,0.002507579898019286,0.0012544652016958935,0.0009280702776436448
2012-10-24 00:00:00+07:00,1476.3509521484375,1540.5400390625,1476.3509521484375,1540.5400390625,78362,0.0425595592962585,0.0006532941842266845,2012-10-24 00:00:00+07:00,0.0006532941842266845,0.0012823804426934913,0.0009344146505976443
2012-10-25 00:00:00+07:00,1540.5400390625,1540.5400390625,1476.3509521484375,1540.5400390625,20346,0.0425595592962585,0.0006532941842266845,2012-10-25 00:00:00+07:00,0.0006532941842266845,0.0013102956836910894,0.0009407590235516437
2012-10-26 00:00:00+07:00,1476.3509521484375,1540.5400390625,1476.3509521484375,1540.5400390625,35800,0.0425595592962585,0.0006532941842266845,2012-10-26 00:00:00+07:00,0.0006532941842266845,0.0010137005320640365,0.0008733510345454953
2012-10-29 00:00:00+07:00,1540.5400390625,1604.729248046875,1540.5400390625,1604.729248046875,4907,0.04082201987662276,0.0006010402096208432,2012-10-29 00:00:00+07:00,0.0006010402096208432,0.0010137005320640362,0.0008773202268355932
2012-10-30 00:00:00+07:00,1604.729248046875,1604.729248046875,1540.5400390625,1540.5400390625,32949,0.04082201987662276,0.0006010402096208432,2012-10-30 00:00:00+07:00,0.0006010402096208432,0.0006323925943843478,0.0008794214979088943
2012-10-31 00:00:00+07:00,1540.5400390625,1540.5400390625,1476.3509521484375,1540.5400390625,10048,0.0425595592962585,0.0006532941842266845,2012-10-31 00:00:00+07:00,0.0006532941842266845,0.0006323925943843478,0.0008838979496460972
2012-11-01 00:00:00+07:00,1540.5400390625,1540.5400390625,1476.3509521484375,1540.5400390625,12291,0.0425595592962585,0.0006532941842266845,2012-11-01 00:00:00+07:00,0.0006532941842266845,0.0006323925943843478,0.0008883744013833002
2012-11-02 00:00:00+07:00,1476.3509521484375,1476.3509521484375,1476.3509521484375,1476.3509521484375,29132,0.0,0.0,2012-11-02 00:00:00+07:00,0.0,0.0005017337575390109,0.000863155662928381
2012-11-05 00:00:00+07:00,1412.1617431640625,1476.3509521484375,1412.1617431640625,1476.3509521484375,10048,0.04445178887931721,0.0007126774767283723,2012-11-05 00:00:00+07:00,0.0007126774767283723,0.0005240612109605168,0.0008703313552338425
2012-11-06 00:00:00+07:00,1412.1617431640625,1412.1617431640625,1412.1617431640625,1412.1617431640625,2383,0.0,0.0,2012-11-06 00:00:00+07:00,0.0,0.00040385316903634815,0.0008451126167789234
2012-11-07 00:00:00+07:00,1412.1617431640625,1412.1617431640625,1347.9725341796875,1347.9725341796875,88021,0.046520044448946904,0.0007805393270819331,2012-11-07 00:00:00+07:00,0.0007805393270819331,0.0004293021976073978,0.0007755562177967672
2012-11-08 00:00:00+07:00,1412.1617431640625,1412.1617431640625,1283.783447265625,1412.1617431640625,13413,0.09531014522746115,0.003276369015863768,2012-11-08 00:00:00+07:00,0.003276369015863768,0.0009539171639348145,0.0008992633436992921
2012-11-09 00:00:00+07:00,1347.9725341796875,1412.1617431640625,1347.9725341796875,1412.1617431640625,22901,0.046520044448946904,0.0007805393270819331,2012-11-09 00:00:00+07:00,0.0007805393270819331,0.001110025029351201,0.0008376392248229278
2012-11-12 00:00:00+07:00,1412.1617431640625,1412.1617431640625,1347.9725341796875,1412.1617431640625,31703,0.046520044448946904,0.0007805393270819331,2012-11-12 00:00:00+07:00,0.0007805393270819331,0.0011235973994219131,0.0008497674679067113
2012-11-13 00:00:00+07:00,1347.9725341796875,1476.3509521484375,1347.9725341796875,1412.1617431640625,62611,0.09097183332826415,0.002984890760292775,2012-11-13 00:00:00+07:00,0.002984890760292775,0.001720575551480468,0.0009620935034091695
2012-11-14 00:00:00+07:00,1412.1617431640625,1476.3509521484375,1347.9725341796875,1412.1617431640625,24007,0.09097183332826415,0.002984890760292775,2012-11-14 00:00:00+07:00,0.002984890760292775,0.0021614458381226365,0.001072551617694831
2012-11-15 00:00:00+07:00,1412.1617431640625,1412.1617431640625,1347.9725341796875,1347.9725341796875,74669,0.046520044448946904,0.0007805393270819331,2012-11-15 00:00:00+07:00,0.0007805393270819331,0.0016622799003662696,0.0010828119395618183
2012-11-16 00:00:00+07:00,1347.9725341796875,1347.9725341796875,1283.783447265625,1347.9725341796875,50584,0.04879010077851424,0.0008585744848787226,2012-11-16 00:00:00+07:00,0.0008585744848787226,0.0016778869319256276,0.0010984872352727286
2012-11-19 00:00:00+07:00,1347.9725341796875,1347.9725341796875,1283.783447265625,1283.783447265625,25315,0.04879010077851424,0.0008585744848787226,2012-11-19 00:00:00+07:00,0.0008585744848787226,0.0016934939634849857,0.001114162530983639
2012-11-20 00:00:00+07:00,1283.783447265625,1347.9725341796875,1219.59423828125,1347.9725341796875,184080,0.10008342519334106,0.003612757968062175,2012-11-20 00:00:00+07:00,0.003612757968062175,0.0018190674050388655,0.001181275623060922
2012-11-21 00:00:00+07:00,1347.9725341796875,1347.9725341796875,1283.783447265625,1347.9725341796875,27528,0.04879010077851424,0.0008585744848787226,2012-11-21 00:00:00+07:00,0.0008585744848787226,0.001393804149956055,0.0011929817264817344
2012-11-22 00:00:00+07:00,1347.9725341796875,1347.9725341796875,1283.783447265625,1347.9725341796875,2056,0.04879010077851424,0.0008585744848787226,2012-11-22 00:00:00+07:00,0.0008585744848787226,0.0014094111815154127,0.0011180269349753452
2012-11-23 00:00:00+07:00,1347.9725341796875,1347.9725341796875,1347.9725341796875,1347.9725341796875,1635,0.0,0.0,2012-11-23 00:00:00+07:00,0.0,0.0012376962845396685,0.0010883317447832235
2012-11-26 00:00:00+07:00,1347.9725341796875,1347.9725341796875,1283.783447265625,1283.783447265625,43605,0.04879010077851424,0.0008585744848787226,2012-11-26 00:00:00+07:00,0.0008585744848787226,0.0012376962845396682,0.0010976626675401342
2012-11-27 00:00:00+07:00,1283.783447265625,1283.783447265625,1219.59423828125,1219.59423828125,16077,0.05129332441482686,0.0009489345132296679,2012-11-27 00:00:00+07:00,0.0009489345132296679,0.000704931593573167,0.001111100864312997
2012-11-28 00:00:00+07:00,1283.783447265625,1283.783447265625,1219.59423828125,1219.59423828125,17230,0.05129332441482686,0.0009489345132296679,2012-11-28 00:00:00+07:00,0.0009489345132296679,0.000723003599243356,0.0011269142417497616
2012-11-29 00:00:00+07:00,1283.783447265625,1283.783447265625,1219.59423828125,1283.783447265625,17152,0.05129332441482686,0.0009489345132296679,2012-11-29 00:00:00+07:00,0.0009489345132296679,0.0007410756049135451,0.0011427276191865266
2012-11-30 00:00:00+07:00,1283.783447265625,1283.783447265625,1283.783447265625,1283.783447265625,778,0.0,0.0,2012-11-30 00:00:00+07:00,0.0,0.0007410756049135451,0.0011130324289944044
2012-12-03 00:00:00+07:00,1283.783447265625,1283.783447265625,1219.59423828125,1283.783447265625,35582,0.05129332441482686,0.0009489345132296679,2012-12-03 00:00:00+07:00,0.0009489345132296679,0.0007591476105837341,0.0011264706257672673
2012-12-04 00:00:00+07:00,1219.59423828125,1283.783447265625,1219.59423828125,1283.783447265625,41798,0.05129332441482686,0.0009489345132296679,2012-12-04 00:00:00+07:00,0.0009489345132296679,0.0007591476105837341,0.0011696040127322522
2012-12-05 00:00:00+07:00,1283.783447265625,1347.9725341796875,1283.783447265625,1283.783447265625,40941,0.04879010077851424,0.0008585744848787226,2012-12-05 00:00:00+07:00,0.0008585744848787226,0.0007410756049135451,0.0011762356949209048
2012-12-06 00:00:00+07:00,1283.783447265625,1347.9725341796875,1219.59423828125,1283.783447265625,11294,0.10008342519334106,0.003612757968062175,2012-12-06 00:00:00+07:00,0.003612757968062175,0.0012738402958800466,0.001340451966196458
2012-12-07 00:00:00+07:00,1347.9725341796875,1347.9725341796875,1283.783447265625,1347.9725341796875,6558,0.04879010077851424,0.0008585744848787226,2012-12-07 00:00:00+07:00,0.0008585744848787226,0.001445555192855791,0.0013439990188235849
2012-12-10 00:00:00+07:00,1347.9725341796875,1412.1617431640625,1347.9725341796875,1412.1617431640625,26842,0.046520044448946904,0.0007805393270819331,2012-12-10 00:00:00+07:00,0.0007805393270819331,0.001411876155626244,0.001230552214788047
2012-12-11 00:00:00+07:00,1412.1617431640625,1476.3509521484375,1347.9725341796875,1412.1617431640625,44337,0.09097183332826415,0.002984890760292775,2012-12-11 00:00:00+07:00,0.002984890760292775,0.0018190674050388655,0.0013307500072067214
2012-12-12 00:00:00+07:00,1476.3509521484375,1476.3509521484375,1412.1617431640625,1476.3509521484375,6060,0.04445178887931721,0.0007126774767283723,2012-12-12 00:00:00+07:00,0.0007126774767283723,0.0017898880034087953,0.001327665377645196
2012-12-13 00:00:00+07:00,1476.3509521484375,1476.3509521484375,1412.1617431640625,1476.3509521484375,148965,0.04445178887931721,0.0007126774767283723,2012-12-13 00:00:00+07:00,0.0007126774767283723,0.0012098719051420348,0.0012243829556649957
2012-12-14 00:00:00+07:00,1412.1617431640625,1540.5400390625,1412.1617431640625,1476.3509521484375,171586,0.08701134817557578,0.0027306519176833453,2012-12-14 00:00:00+07:00,0.0027306519176833453,0.0015842873917029591,0.0012128266446372945
2012-12-17 00:00:00+07:00,1476.3509521484375,1540.5400390625,1412.1617431640625,1540.5400390625,114598,0.08701134817557578,0.0027306519176833453,2012-12-17 00:00:00+07:00,0.0027306519176833453,0.001974309909823242,0.0013014681260282678
2012-12-18 00:00:00+07:00,1540.5400390625,1540.5400390625,1476.3509521484375,1540.5400390625,21888,0.0425595592962585,0.0006532941842266845,2012-12-18 00:00:00+07:00,0.0006532941842266845,0.0015079905946100236,0.001292137203271357
2012-12-19 00:00:00+07:00,1476.3509521484375,1540.5400390625,1476.3509521484375,1540.5400390625,27979,0.0425595592962585,0.0006532941842266845,2012-12-19 00:00:00+07:00,0.0006532941842266845,0.0014961139361096862,0.0012828062805144461
2012-12-20 00:00:00+07:00,1476.3509521484375,1604.729248046875,1476.3509521484375,1540.5400390625,98443,0.08338157917288118,0.002507579898019286,2012-12-20 00:00:00+07:00,0.002507579898019286,0.0018550944203678688,0.0012325709136943148
2012-12-21 00:00:00+07:00,1540.5400390625,1540.5400390625,1476.3509521484375,1540.5400390625,101621,0.0425595592962585,0.0006532941842266845,2012-12-21 00:00:00+07:00,0.0006532941842266845,0.0014396228736765367,0.001223239990937404
2012-12-24 00:00:00+07:00,1540.5400390625,1604.729248046875,1476.3509521484375,1476.3509521484375,50553,0.08338157917288118,0.002507579898019286,2012-12-24 00:00:00+07:00,0.002507579898019286,0.001395008469743725,0.001298194782443793
2012-12-25 00:00:00+07:00,1476.3509521484375,1540.5400390625,1476.3509521484375,1540.5400390625,42561,0.0425595592962585,0.0006532941842266845,2012-12-25 00:00:00+07:00,0.0006532941842266845,0.001395008469743725,0.0013278899726359152
2012-12-26 00:00:00+07:00,1476.3509521484375,1540.5400390625,1476.3509521484375,1540.5400390625,54869,0.0425595592962585,0.0006532941842266845,2012-12-26 00:00:00+07:00,0.0006532941842266845,0.001395008469743725,0.0013185590498790043
2012-12-27 00:00:00+07:00,1540.5400390625,1604.729248046875,1540.5400390625,1604.729248046875,381216,0.04082201987662276,0.0006010402096208432,2012-12-27 00:00:00+07:00,0.0006010402096208432,0.0010137005320640365,0.0013027456724422396
2012-12-28 00:00:00+07:00,1604.729248046875,1668.91845703125,1540.5400390625,1604.729248046875,73298,0.0800427564357813,0.0023107801046893706,2012-12-28 00:00:00+07:00,0.0023107801046893706,0.0013451977161565735,0.001364647744781317
2012-12-31 00:00:00+07:00,1604.729248046875,1604.729248046875,1604.729248046875,1604.729248046875,0,0.0,0.0,2012-12-31 00:00:00+07:00,0.0,0.0008436817365527164,0.001321514357816332
2013-01-01 00:00:00+07:00,1604.729248046875,1604.729248046875,1604.729248046875,1604.729248046875,0,0.0,0.0,2013-01-01 00:00:00+07:00,0.0,0.0007130228997073793,0.001321514357816332
2013-01-02 00:00:00+07:00,1604.729248046875,1668.91845703125,1604.729248046875,1668.91845703125,85185,0.0392207365591585,0.0005548122460082195,2013-01-02 00:00:00+07:00,0.0005548122460082195,0.0006933265120636865,0.0013035997093062662
2013-01-03 00:00:00+07:00,1668.91845703125,1733.1075439453125,1668.91845703125,1733.1075439453125,230272,0.03774027922060215,0.0005137179792386945,2013-01-03 00:00:00+07:00,0.0005137179792386945,0.0006758620659872567,0.001283817139579404
2013-01-04 00:00:00+07:00,1668.91845703125,1797.2967529296875,1668.91845703125,1797.2967529296875,38589,0.07410794603109104,0.0019808158422106354,2013-01-04 00:00:00+07:00,0.0019808158422106354,0.0006098692134915096,0.0013348281103672181
2013-01-07 00:00:00+07:00,1797.2967529296875,1797.2967529296875,1733.1075439453125,1733.1075439453125,62705,0.03636766681048886,0.0004770297082397028,2013-01-07 00:00:00+07:00,0.0004770297082397028,0.0007052751551394501,0.0011922950076480147
2013-01-08 00:00:00+07:00,1668.91845703125,1733.1075439453125,1668.91845703125,1733.1075439453125,75744,0.03774027922060215,0.0005137179792386945,2013-01-08 00:00:00+07:00,0.0005137179792386945,0.0008080187509871891,0.0011766197119371044
2013-01-09 00:00:00+07:00,1668.91845703125,1733.1075439453125,1668.91845703125,1668.91845703125,63203,0.03774027922060215,0.0005137179792386945,2013-01-09 00:00:00+07:00,0.0005137179792386945,0.000799799897633284,0.0011644914688533209
2013-01-10 00:00:00+07:00,1604.729248046875,1604.729248046875,1604.729248046875,1604.729248046875,20128,0.0,0.0,2013-01-10 00:00:00+07:00,0.0,0.0006970563017855452,0.0010288146161127403
2013-01-11 00:00:00+07:00,1604.729248046875,1604.729248046875,1540.5400390625,1604.729248046875,61832,0.04082201987662276,0.0006010402096208432,2013-01-11 00:00:00+07:00,0.0006010402096208432,0.00042110117526758675,0.0010237401948805798
2013-01-14 00:00:00+07:00,1540.5400390625,1604.729248046875,1540.5400390625,1540.5400390625,29459,0.04082201987662276,0.0006010402096208432,2013-01-14 00:00:00+07:00,0.0006010402096208432,0.00044590327554381475,0.0010186657736484194
2013-01-15 00:00:00+07:00,1540.5400390625,1604.729248046875,1540.5400390625,1604.729248046875,59044,0.04082201987662276,0.0006010402096208432,2013-01-15 00:00:00+07:00,0.0006010402096208432,0.0004633677216202446,0.0009218652414637602
2013-01-16 00:00:00+07:00,1668.91845703125,1668.91845703125,1668.91845703125,1668.91845703125,78097,0.0,0.0,2013-01-16 00:00:00+07:00,0.0,0.00036062412577250573,0.0007977446997508808
2013-01-17 00:00:00+07:00,1733.1075439453125,1733.1075439453125,1733.1075439453125,1733.1075439453125,446835,0.0,0.0,2013-01-17 00:00:00+07:00,0.0,0.00036062412577250573,0.0007680495095587588
2013-01-18 00:00:00+07:00,1797.2967529296875,1797.2967529296875,1797.2967529296875,1797.2967529296875,479535,0.0,0.0,2013-01-18 00:00:00+07:00,0.0,0.00024041608384833702,0.0007383543193666367
2013-01-21 00:00:00+07:00,1861.4859619140625,1861.4859619140625,1861.4859619140625,1861.4859619140625,333669,0.0,0.0,2013-01-21 00:00:00+07:00,0.0,0.00012020804192416839,0.0006243734149112148
2013-01-23 00:00:00+07:00,1668.91845703125,1733.1075439453125,1668.91845703125,1733.1075439453125,233372,0.03774027922060215,0.0005137179792386945,2013-01-23 00:00:00+07:00,0.0005137179792386945,0.00010274359584773864,0.0006180290419572152
2013-01-24 00:00:00+07:00,1733.1075439453125,1733.1075439453125,1668.91845703125,1733.1075439453125,99082,0.03774027922060215,0.0005137179792386945,2013-01-24 00:00:00+07:00,0.0005137179792386945,0.00020548719169547755,0.0005273989547399156
2013-01-25 00:00:00+07:00,1668.91845703125,1668.91845703125,1668.91845703125,1668.91845703125,21187,0.0,0.0,2013-01-25 00:00:00+07:00,0.0,0.00020548719169547755,0.0004977037645477935
2013-01-28 00:00:00+07:00,1604.729248046875,1604.729248046875,1604.729248046875,1604.729248046875,22792,0.0,0.0,2013-01-28 00:00:00+07:00,0.0,0.00020548719169547755,0.0004680085743556715
2013-01-29 00:00:00+07:00,1540.5400390625,1540.5400390625,1540.5400390625,1540.5400390625,10360,0.0,0.0,2013-01-29 00:00:00+07:00,0.0,0.00020548719169547755,0.00044068856482745136
2013-01-30 00:00:00+07:00,1476.3509521484375,1540.5400390625,1476.3509521484375,1476.3509521484375,626382,0.0425595592962585,0.0006532941842266845,2013-01-30 00:00:00+07:00,0.0006532941842266845,0.00023340243269307556,0.00036534829571551104
2013-01-31 00:00:00+07:00,1476.3509521484375,1540.5400390625,1412.1617431640625,1540.5400390625,175372,0.08701134817557578,0.0027306519176833453,2013-01-31 00:00:00+07:00,0.0027306519176833453,0.0006767892203820057,0.0004894688374283905
2013-02-01 00:00:00+07:00,1540.5400390625,1540.5400390625,1476.3509521484375,1476.3509521484375,82365,0.0425595592962585,0.0006532941842266845,2013-02-01 00:00:00+07:00,0.0006532941842266845,0.0008074480572273427,0.0005191640276205124
2013-02-04 00:00:00+07:00,1412.1617431640625,1412.1617431640625,1412.1617431640625,1412.1617431640625,60165,0.0,0.0,2013-02-04 00:00:00+07:00,0.0,0.0008074480572273427,0.0004939452891655935
2013-02-05 00:00:00+07:00,1347.9725341796875,1412.1617431640625,1347.9725341796875,1347.9725341796875,227701,0.046520044448946904,0.0007805393270819331,2013-02-05 00:00:00+07:00,0.0007805393270819331,0.0009635559226437293,0.000506073532249377
2013-02-06 00:00:00+07:00,1347.9725341796875,1412.1617431640625,1347.9725341796875,1412.1617431640625,103023,0.046520044448946904,0.0007805393270819331,2013-02-06 00:00:00+07:00,0.0007805393270819331,0.000989004951214779,0.00045151550883443595
2013-02-07 00:00:00+07:00,1476.3509521484375,1476.3509521484375,1347.9725341796875,1412.1617431640625,174967,0.09097183332826415,0.002984890760292775,2013-02-07 00:00:00+07:00,0.002984890760292775,0.0010398527197366648,0.0005655091930186665
2013-02-08 00:00:00+07:00,1476.3509521484375,1476.3509521484375,1412.1617431640625,1412.1617431640625,93613,0.04445178887931721,0.0007126774767283723,2013-02-08 00:00:00+07:00,0.0007126774767283723,0.0010517293782370024,0.0005745528065409246
2013-02-11 00:00:00+07:00,1412.1617431640625,1412.1617431640625,1412.1617431640625,1412.1617431640625,0,0.0,0.0,2013-02-11 00:00:00+07:00,0.0,0.0010517293782370024,0.0005512019893028022
2013-02-12 00:00:00+07:00,1412.1617431640625,1412.1617431640625,1412.1617431640625,1412.1617431640625,0,0.0,0.0,2013-02-12 00:00:00+07:00,0.0,0.0008956215128206159,0.0005512019893028022
2013-02-13 00:00:00+07:00,1412.1617431640625,1412.1617431640625,1412.1617431640625,1412.1617431640625,0,0.0,0.0,2013-02-13 00:00:00+07:00,0.0,0.0007395136474042292,0.000523881979774582
2013-02-14 00:00:00+07:00,1412.1617431640625,1412.1617431640625,1412.1617431640625,1412.1617431640625,0,0.0,0.0,2013-02-14 00:00:00+07:00,0.0,0.00014253549534567429,0.0004965619702463618
2013-02-15 00:00:00+07:00,1412.1617431640625,1412.1617431640625,1412.1617431640625,1412.1617431640625,0,0.0,0.0,2013-02-15 00:00:00+07:00,0.0,0.0,0.0004692419607181417
2013-02-18 00:00:00+07:00,1412.1617431640625,1476.3509521484375,1347.9725341796875,1412.1617431640625,168330,0.09097183332826415,0.002984890760292775,2013-02-18 00:00:00+07:00,0.002984890760292775,0.0005969781520585548,0.0006049188134587223
2013-02-19 00:00:00+07:00,1412.1617431640625,1476.3509521484375,1347.9725341796875,1476.3509521484375,327095,0.09097183332826415,0.002984890760292775,2013-02-19 00:00:00+07:00,0.002984890760292775,0.0011939563041171099,0.0007405956661993029
2013-02-20 00:00:00+07:00,1540.5400390625,1540.5400390625,1476.3509521484375,1540.5400390625,107011,0.0425595592962585,0.0006532941842266845,2013-02-20 00:00:00+07:00,0.0006532941842266845,0.0013246151409624467,0.000770290856391425
2013-02-21 00:00:00+07:00,1540.5400390625,1540.5400390625,1476.3509521484375,1476.3509521484375,174842,0.0425595592962585,0.0006532941842266845,2013-02-21 00:00:00+07:00,0.0006532941842266845,0.0014552739778077837,0.000799986046583547
2013-02-22 00:00:00+07:00,1412.1617431640625,1476.3509521484375,1412.1617431640625,1412.1617431640625,349482,0.04445178887931721,0.0007126774767283723,2013-02-22 00:00:00+07:00,0.0007126774767283723,0.0015978094731534582,0.0008090296601058051
2013-02-25 00:00:00+07:00,1412.1617431640625,1476.3509521484375,1347.9725341796875,1412.1617431640625,112184,0.09097183332826415,0.002984890760292775,2013-02-25 00:00:00+07:00,0.002984890760292775,0.0015978094731534582,0.0009213556956082634
2013-02-26 00:00:00+07:00,1412.1617431640625,1412.1617431640625,1347.9725341796875,1347.9725341796875,169467,0.046520044448946904,0.0007805393270819331,2013-02-26 00:00:00+07:00,0.0007805393270819331,0.0011569391865112895,0.0009568347559301694
2013-02-27 00:00:00+07:00,1347.9725341796875,1412.1617431640625,1283.783447265625,1347.9725341796875,165588,0.09531014522746115,0.003276369015863768,2013-02-27 00:00:00+07:00,0.003276369015863768,0.0016815541528387064,0.0011057606202876135
2013-02-28 00:00:00+07:00,1347.9725341796875,1347.9725341796875,1283.783447265625,1283.783447265625,45069,0.04879010077851424,0.0008585744848787226,2013-02-28 00:00:00+07:00,0.0008585744848787226,0.001722610212969114,0.0011447867332366464
2013-03-01 00:00:00+07:00,1347.9725341796875,1347.9725341796875,1283.783447265625,1283.783447265625,85232,0.04879010077851424,0.0008585744848787226,2013-03-01 00:00:00+07:00,0.0008585744848787226,0.0017517896145991842,0.001154117655993557
2013-03-04 00:00:00+07:00,1283.783447265625,1347.9725341796875,1219.59423828125,1219.59423828125,161444,0.10008342519334106,0.003612757968062175,2013-03-04 00:00:00+07:00,0.003612757968062175,0.0018773630561530641,0.001194213385556231
2013-03-06 00:00:00+07:00,1219.59423828125,1283.783447265625,1219.59423828125,1283.783447265625,68936,0.05129332441482686,0.0009489345132296679,2013-03-06 00:00:00+07:00,0.0009489345132296679,0.001911042093382611,0.001207651582329094
2013-03-07 00:00:00+07:00,1347.9725341796875,1347.9725341796875,1219.59423828125,1283.783447265625,27465,0.10008342519334106,0.003612757968062175,2013-03-07 00:00:00+07:00,0.003612757968062175,0.0019783198838222923,0.0013718678536046474
2013-03-08 00:00:00+07:00,1219.59423828125,1347.9725341796875,1219.59423828125,1283.783447265625,76913,0.10008342519334106,0.003612757968062175,2013-03-08 00:00:00+07:00,0.003612757968062175,0.002529156580458983,0.0015006050645582948
2013-03-11 00:00:00+07:00,1219.59423828125,1283.783447265625,1219.59423828125,1283.783447265625,61552,0.05129332441482686,0.0009489345132296679,2013-03-11 00:00:00+07:00,0.0009489345132296679,0.0025472285861291724,0.0015082593912013735
2013-03-12 00:00:00+07:00,1283.783447265625,1283.783447265625,1219.59423828125,1283.783447265625,147501,0.05129332441482686,0.0009489345132296679,2013-03-12 00:00:00+07:00,0.0009489345132296679,0.0020144638951626703,0.0014157159254257778
2013-03-13 00:00:00+07:00,1283.783447265625,1283.783447265625,1219.59423828125,1219.59423828125,49167,0.05129332441482686,0.0009489345132296679,2013-03-13 00:00:00+07:00,0.0009489345132296679,0.0020144638951626703,0.0014264548816303824
2013-03-14 00:00:00+07:00,1219.59423828125,1283.783447265625,1219.59423828125,1283.783447265625,117885,0.05129332441482686,0.0009489345132296679,2013-03-14 00:00:00+07:00,0.0009489345132296679,0.001481699204196169,0.001469588268595367
2013-03-15 00:00:00+07:00,1347.9725341796875,1347.9725341796875,1283.783447265625,1347.9725341796875,123603,0.04879010077851424,0.0008585744848787226,2013-03-15 00:00:00+07:00,0.0008585744848787226,0.0009308625075594787,0.0015086143815444
2013-03-18 00:00:00+07:00,1412.1617431640625,1412.1617431640625,1347.9725341796875,1412.1617431640625,130847,0.046520044448946904,0.0007805393270819331,2013-03-18 00:00:00+07:00,0.0007805393270819331,0.0008971834703299318,0.001544093441866306
2013-03-19 00:00:00+07:00,1412.1617431640625,1412.1617431640625,1347.9725341796875,1347.9725341796875,97103,0.046520044448946904,0.0007805393270819331,2013-03-19 00:00:00+07:00,0.0007805393270819331,0.0008635044331003847,0.0015795725021882122
2013-03-20 00:00:00+07:00,1283.783447265625,1412.1617431640625,1283.783447265625,1283.783447265625,61723,0.09531014522746115,0.003276369015863768,2013-03-20 00:00:00+07:00,0.003276369015863768,0.001328991333627205,0.001728498366545656
2013-03-21 00:00:00+07:00,1347.9725341796875,1347.9725341796875,1347.9725341796875,1347.9725341796875,157160,0.0,0.0,2013-03-21 00:00:00+07:00,0.0,0.0011392044309812715,0.0015928215138050752
2013-03-22 00:00:00+07:00,1347.9725341796875,1412.1617431640625,1347.9725341796875,1412.1617431640625,80106,0.046520044448946904,0.0007805393270819331,2013-03-22 00:00:00+07:00,0.0007805393270819331,0.0011235973994219133,0.0014926237213864007
2013-03-25 00:00:00+07:00,1412.1617431640625,1476.3509521484375,1347.9725341796875,1347.9725341796875,91354,0.09097183332826415,0.002984890760292775,2013-03-25 00:00:00+07:00,0.002984890760292775,0.0015644676860640818,0.0015986053839348593
2013-03-26 00:00:00+07:00,1412.1617431640625,1412.1617431640625,1283.783447265625,1412.1617431640625,934,0.09531014522746115,0.003276369015863768,2013-03-26 00:00:00+07:00,0.003276369015863768,0.002063633623820449,0.0017178360581001815
2013-03-27 00:00:00+07:00,1347.9725341796875,1412.1617431640625,1347.9725341796875,1412.1617431640625,33681,0.046520044448946904,0.0007805393270819331,2013-03-27 00:00:00+07:00,0.0007805393270819331,0.0015644676860640818,0.0017209206876617068
2013-03-28 00:00:00+07:00,1412.1617431640625,1412.1617431640625,1347.9725341796875,1347.9725341796875,59620,0.046520044448946904,0.0007805393270819331,2013-03-28 00:00:00+07:00,0.0007805393270819331,0.0017205755514804685,0.001620722895243032
2013-03-29 00:00:00+07:00,1347.9725341796875,1347.9725341796875,1283.783447265625,1347.9725341796875,22573,0.04879010077851424,0.0008585744848787226,2013-03-29 00:00:00+07:00,0.0008585744848787226,0.0017361825830398262,0.0016242699478701591
2013-04-01 00:00:00+07:00,1412.1617431640625,1412.1617431640625,1347.9725341796875,1412.1617431640625,14114,0.046520044448946904,0.0007805393270819331,2013-04-01 00:00:00+07:00,0.0007805393270819331,0.0012953122963976578,0.0015108231438346212
2013-04-02 00:00:00+07:00,1412.1617431640625,1412.1617431640625,1347.9725341796875,1347.9725341796875,67254,0.046520044448946904,0.0007805393270819331,2013-04-02 00:00:00+07:00,0.0007805393270819331,0.000796146358641291,0.0015072760912074946
2013-04-03 00:00:00+07:00,1347.9725341796875,1347.9725341796875,1283.783447265625,1347.9725341796875,13974,0.04879010077851424,0.0008585744848787226,2013-04-03 00:00:00+07:00,0.0008585744848787226,0.0008117533902006488,0.0015072760912074941
2013-04-04 00:00:00+07:00,1283.783447265625,1347.9725341796875,1283.783447265625,1283.783447265625,65743,0.04879010077851424,0.0008585744848787226,2013-04-04 00:00:00+07:00,0.0008585744848787226,0.0008273604217600067,0.0013820859328809736
2013-04-05 00:00:00+07:00,1219.59423828125,1347.9725341796875,1219.59423828125,1347.9725341796875,38106,0.10008342519334106,0.003612757968062175,2013-04-05 00:00:00+07:00,0.003612757968062175,0.001378197118396697,0.0015031688171915421
2013-04-08 00:00:00+07:00,1283.783447265625,1347.9725341796875,1283.783447265625,1283.783447265625,37000,0.04879010077851424,0.0008585744848787226,2013-04-08 00:00:00+07:00,0.0008585744848787226,0.0013938041499560552,0.0013779786588650215
2013-04-09 00:00:00+07:00,1283.783447265625,1283.783447265625,1219.59423828125,1283.783447265625,63344,0.05129332441482686,0.0009489345132296679,2013-04-09 00:00:00+07:00,0.0009489345132296679,0.001427483187185602,0.0012568957745544532
2013-04-10 00:00:00+07:00,1219.59423828125,1283.783447265625,1219.59423828125,1219.59423828125,119724,0.05129332441482686,0.0009489345132296679,2013-04-10 00:00:00+07:00,0.0009489345132296679,0.001445555192855791,0.0012568957745544532
2013-04-11 00:00:00+07:00,1155.405029296875,1155.405029296875,1155.405029296875,1155.405029296875,89688,0.0,0.0,2013-04-11 00:00:00+07:00,0.0,0.0012738402958800466,0.0012137623875894685
2013-04-12 00:00:00+07:00,1155.405029296875,1155.405029296875,1155.405029296875,1155.405029296875,0,0.0,0.0,2013-04-12 00:00:00+07:00,0.0,0.0005512887022676115,0.0011706290006244834
2013-04-15 00:00:00+07:00,1155.405029296875,1155.405029296875,1155.405029296875,1155.405029296875,0,0.0,0.0,2013-04-15 00:00:00+07:00,0.0,0.00037957380529186706,0.0011274956136594985
2013-04-16 00:00:00+07:00,1155.405029296875,1155.405029296875,1155.405029296875,1155.405029296875,0,0.0,0.0,2013-04-16 00:00:00+07:00,0.0,0.00018978690264593348,0.0010884695007104658
2013-04-17 00:00:00+07:00,1155.405029296875,1155.405029296875,1155.405029296875,1155.405029296875,0,0.0,0.0,2013-04-17 00:00:00+07:00,0.0,0.0,0.0010529904403885596
2013-04-18 00:00:00+07:00,1155.405029296875,1155.405029296875,1155.405029296875,1155.405029296875,0,0.0,0.0,2013-04-18 00:00:00+07:00,0.0,0.0,0.0010175113800666537
2013-04-19 00:00:00+07:00,1155.405029296875,1155.405029296875,1155.405029296875,1155.405029296875,0,0.0,0.0,2013-04-19 00:00:00+07:00,0.0,0.0,0.0008685855157092096
2013-04-22 00:00:00+07:00,1155.405029296875,1155.405029296875,1155.405029296875,1155.405029296875,0,0.0,0.0,2013-04-22 00:00:00+07:00,0.0,0.0,0.0008685855157092096
2013-04-23 00:00:00+07:00,1155.405029296875,1155.405029296875,1155.405029296875,1155.405029296875,0,0.0,0.0,2013-04-23 00:00:00+07:00,0.0,0.0,0.0008331064553873036
2013-04-24 00:00:00+07:00,1155.405029296875,1155.405029296875,1155.405029296875,1155.405029296875,0,0.0,0.0,2013-04-24 00:00:00+07:00,0.0,0.0,0.0006974296026467228
2013-04-25 00:00:00+07:00,1155.405029296875,1155.405029296875,1155.405029296875,1155.405029296875,0,0.0,0.0,2013-04-25 00:00:00+07:00,0.0,0.0,0.0005485037382892788
2013-04-26 00:00:00+07:00,1155.405029296875,1155.405029296875,1155.405029296875,1155.405029296875,0,0.0,0.0,2013-04-26 00:00:00+07:00,0.0,0.0,0.0005130246779673727
2013-04-29 00:00:00+07:00,1155.405029296875,1155.405029296875,1155.405029296875,1155.405029296875,0,0.0,0.0,2013-04-29 00:00:00+07:00,0.0,0.0,0.00047754561764546674
2013-04-30 00:00:00+07:00,1155.405029296875,1155.405029296875,1155.405029296875,1155.405029296875,0,0.0,0.0,2013-04-30 00:00:00+07:00,0.0,0.0,0.00043851950469643385
2013-05-01 00:00:00+07:00,1155.405029296875,1155.405029296875,1155.405029296875,1155.405029296875,0,0.0,0.0,2013-05-01 00:00:00+07:00,0.0,0.0,0.0004030404443745278
2013-05-02 00:00:00+07:00,1155.405029296875,1155.405029296875,1155.405029296875,1155.405029296875,0,0.0,0.0,2013-05-02 00:00:00+07:00,0.0,0.0,0.00036756138405262176
2013-05-03 00:00:00+07:00,1155.405029296875,1155.405029296875,1155.405029296875,1155.405029296875,0,0.0,0.0,2013-05-03 00:00:00+07:00,0.0,0.0,0.0003285352711035889
2013-05-06 00:00:00+07:00,1219.59423828125,1219.59423828125,1219.59423828125,1219.59423828125,6480,0.0,0.0,2013-05-06 00:00:00+07:00,0.0,0.0,0.00028950915815455604
2013-05-07 00:00:00+07:00,1219.59423828125,1219.59423828125,1219.59423828125,1219.59423828125,514,0.0,0.0,2013-05-07 00:00:00+07:00,0.0,0.0,0.00012529288687900266
2013-05-08 00:00:00+07:00,1155.405029296875,1155.405029296875,1155.405029296875,1155.405029296875,11684,0.0,0.0,2013-05-08 00:00:00+07:00,0.0,0.0,8.626677392996981e-05
2013-05-09 00:00:00+07:00,1155.405029296875,1155.405029296875,1155.405029296875,1155.405029296875,4658,0.0,0.0,2013-05-09 00:00:00+07:00,0.0,0.0,4.3133386964984905e-05
2013-05-10 00:00:00+07:00,1091.2159423828125,1091.2159423828125,1091.2159423828125,1091.2159423828125,6106,0.0,0.0,2013-05-10 00:00:00+07:00,0.0,0.0,0.0
2013-05-13 00:00:00+07:00,1091.2159423828125,1091.2159423828125,1091.2159423828125,1091.2159423828125,38402,0.0,0.0,2013-05-13 00:00:00+07:00,0.0,0.0,0.0
2013-05-14 00:00:00+07:00,1027.0267333984375,1027.0267333984375,1027.0267333984375,1027.0267333984375,5514,0.0,0.0,2013-05-14 00:00:00+07:00,0.0,0.0,0.0
2013-05-15 00:00:00+07:00,962.8375244140624,962.8375244140624,962.8375244140624,962.8375244140624,26484,0.0,0.0,2013-05-15 00:00:00+07:00,0.0,0.0,0.0
2013-05-16 00:00:00+07:00,1027.0267333984375,1027.0267333984375,1027.0267333984375,1027.0267333984375,2196,0.0,0.0,2013-05-16 00:00:00+07:00,0.0,0.0,0.0
2013-05-17 00:00:00+07:00,1091.2159423828125,1091.2159423828125,1091.2159423828125,1091.2159423828125,15765,0.0,0.0,2013-05-17 00:00:00+07:00,0.0,0.0,0.0
2013-05-20 00:00:00+07:00,1091.2159423828125,1091.2159423828125,1091.2159423828125,1091.2159423828125,1589,0.0,0.0,2013-05-20 00:00:00+07:00,0.0,0.0,0.0
2013-05-21 00:00:00+07:00,1155.405029296875,1155.405029296875,1155.405029296875,1155.405029296875,2617,0.0,0.0,2013-05-21 00:00:00+07:00,0.0,0.0,0.0
2013-05-22 00:00:00+07:00,1219.59423828125,1219.59423828125,1219.59423828125,1219.59423828125,327,0.0,0.0,2013-05-22 00:00:00+07:00,0.0,0.0,0.0
2013-05-23 00:00:00+07:00,1155.405029296875,1155.405029296875,1155.405029296875,1155.405029296875,1168,0.0,0.0,2013-05-23 00:00:00+07:00,0.0,0.0,0.0
2013-05-24 00:00:00+07:00,1155.405029296875,1155.405029296875,1155.405029296875,1155.405029296875,1557,0.0,0.0,2013-05-24 00:00:00+07:00,0.0,0.0,0.0
2013-05-27 00:00:00+07:00,1091.2159423828125,1091.2159423828125,1091.2159423828125,1091.2159423828125,8942,0.0,0.0,2013-05-27 00:00:00+07:00,0.0,0.0,0.0
2013-05-28 00:00:00+07:00,1155.405029296875,1155.405029296875,1155.405029296875,1155.405029296875,4954,0.0,0.0,2013-05-28 00:00:00+07:00,0.0,0.0,0.0
2013-05-29 00:00:00+07:00,1155.405029296875,1155.405029296875,1155.405029296875,1155.405029296875,15,0.0,0.0,2013-05-29 00:00:00+07:00,0.0,0.0,0.0
2013-05-30 00:00:00+07:00,1155.405029296875,1155.405029296875,1155.405029296875,1155.405029296875,7680,0.0,0.0,2013-05-30 00:00:00+07:00,0.0,0.0,0.0
2013-05-31 00:00:00+07:00,1155.405029296875,1155.405029296875,1155.405029296875,1155.405029296875,4377,0.0,0.0,2013-05-31 00:00:00+07:00,0.0,0.0,0.0
2013-06-03 00:00:00+07:00,1155.405029296875,1155.405029296875,1155.405029296875,1155.405029296875,747,0.0,0.0,2013-06-03 00:00:00+07:00,0.0,0.0,0.0
2013-06-04 00:00:00+07:00,1155.405029296875,1155.405029296875,1155.405029296875,1155.405029296875,8101,0.0,0.0,2013-06-04 00:00:00+07:00,0.0,0.0,0.0
2013-06-05 00:00:00+07:00,1155.405029296875,1155.405029296875,1155.405029296875,1155.405029296875,4097,0.0,0.0,2013-06-05 00:00:00+07:00,0.0,0.0,0.0
2013-06-06 00:00:00+07:00,1091.2159423828125,1091.2159423828125,1091.2159423828125,1091.2159423828125,4673,0.0,0.0,2013-06-06 00:00:00+07:00,0.0,0.0,0.0
2013-06-07 00:00:00+07:00,1027.0267333984375,1027.0267333984375,1027.0267333984375,1027.0267333984375,311,0.0,0.0,2013-06-07 00:00:00+07:00,0.0,0.0,0.0
2013-06-10 00:00:00+07:00,1091.2159423828125,1091.2159423828125,1091.2159423828125,1091.2159423828125,8412,0.0,0.0,2013-06-10 00:00:00+07:00,0.0,0.0,0.0
2013-06-11 00:00:00+07:00,1155.405029296875,1155.405029296875,1155.405029296875,1155.405029296875,21981,0.0,0.0,2013-06-11 00:00:00+07:00,0.0,0.0,0.0
2013-06-12 00:00:00+07:00,1219.59423828125,1219.59423828125,1219.59423828125,1219.59423828125,23384,0.0,0.0,2013-06-12 00:00:00+07:00,0.0,0.0,0.0
2013-06-13 00:00:00+07:00,1219.59423828125,1219.59423828125,1219.59423828125,1219.59423828125,7789,0.0,0.0,2013-06-13 00:00:00+07:00,0.0,0.0,0.0
2013-06-14 00:00:00+07:00,1219.59423828125,1219.59423828125,1219.59423828125,1219.59423828125,16373,0.0,0.0,2013-06-14 00:00:00+07:00,0.0,0.0,0.0
2013-06-17 00:00:00+07:00,1219.59423828125,1219.59423828125,1219.59423828125,1219.59423828125,46,0.0,0.0,2013-06-17 00:00:00+07:00,0.0,0.0,0.0
2013-06-18 00:00:00+07:00,1155.405029296875,1155.405029296875,1155.405029296875,1155.405029296875,7789,0.0,0.0,2013-06-18 00:00:00+07:00,0.0,0.0,0.0
2013-06-19 00:00:00+07:00,1091.2159423828125,1091.2159423828125,1091.2159423828125,1091.2159423828125,23119,0.0,0.0,2013-06-19 00:00:00+07:00,0.0,0.0,0.0
2013-06-20 00:00:00+07:00,1155.405029296875,1155.405029296875,1155.405029296875,1155.405029296875,77,0.0,0.0,2013-06-20 00:00:00+07:00,0.0,0.0,0.0
2013-06-21 00:00:00+07:00,1155.405029296875,1155.405029296875,1155.405029296875,1155.405029296875,0,0.0,0.0,2013-06-21 00:00:00+07:00,0.0,0.0,0.0
2013-06-24 00:00:00+07:00,1091.2159423828125,1091.2159423828125,1091.2159423828125,1091.2159423828125,1557,0.0,0.0,2013-06-24 00:00:00+07:00,0.0,0.0,0.0
2013-06-25 00:00:00+07:00,1091.2159423828125,1091.2159423828125,1091.2159423828125,1091.2159423828125,31,0.0,0.0,2013-06-25 00:00:00+07:00,0.0,0.0,0.0
2013-06-26 00:00:00+07:00,1091.2159423828125,1091.2159423828125,1091.2159423828125,1091.2159423828125,467,0.0,0.0,2013-06-26 00:00:00+07:00,0.0,0.0,0.0
2013-06-27 00:00:00+07:00,1027.0267333984375,1027.0267333984375,1027.0267333984375,1027.0267333984375,7992,0.0,0.0,2013-06-27 00:00:00+07:00,0.0,0.0,0.0
2013-06-28 00:00:00+07:00,1027.0267333984375,1027.0267333984375,1027.0267333984375,1027.0267333984375,1978,0.0,0.0,2013-06-28 00:00:00+07:00,0.0,0.0,0.0
2013-07-01 00:00:00+07:00,1027.0267333984375,1027.0267333984375,1027.0267333984375,1027.0267333984375,22589,0.0,0.0,2013-07-01 00:00:00+07:00,0.0,0.0,0.0
2013-07-02 00:00:00+07:00,1027.0267333984375,1027.0267333984375,1027.0267333984375,1027.0267333984375,6512,0.0,0.0,2013-07-02 00:00:00+07:00,0.0,0.0,0.0
2013-07-03 00:00:00+07:00,1027.0267333984375,1027.0267333984375,1027.0267333984375,1027.0267333984375,1012,0.0,0.0,2013-07-03 00:00:00+07:00,0.0,0.0,0.0
2013-07-04 00:00:00+07:00,1027.0267333984375,1027.0267333984375,1027.0267333984375,1027.0267333984375,2196,0.0,0.0,2013-07-04 00:00:00+07:00,0.0,0.0,0.0
2013-07-05 00:00:00+07:00,1027.0267333984375,1027.0267333984375,1027.0267333984375,1027.0267333984375,1713,0.0,0.0,2013-07-05 00:00:00+07:00,0.0,0.0,0.0
2013-07-08 00:00:00+07:00,1027.0267333984375,1027.0267333984375,1027.0267333984375,1027.0267333984375,545,0.0,0.0,2013-07-08 00:00:00+07:00,0.0,0.0,0.0
2013-07-09 00:00:00+07:00,1027.0267333984375,1027.0267333984375,1027.0267333984375,1027.0267333984375,31,0.0,0.0,2013-07-09 00:00:00+07:00,0.0,0.0,0.0
2013-07-10 00:00:00+07:00,1027.0267333984375,1027.0267333984375,1027.0267333984375,1027.0267333984375,0,0.0,0.0,2013-07-10 00:00:00+07:00,0.0,0.0,0.0
2013-07-11 00:00:00+07:00,1027.0267333984375,1027.0267333984375,1027.0267333984375,1027.0267333984375,0,0.0,0.0,2013-07-11 00:00:00+07:00,0.0,0.0,0.0
2013-07-12 00:00:00+07:00,1091.2159423828125,1091.2159423828125,1091.2159423828125,1091.2159423828125,1059,0.0,0.0,2013-07-12 00:00:00+07:00,0.0,0.0,0.0
2013-07-15 00:00:00+07:00,1091.2159423828125,1091.2159423828125,1091.2159423828125,1091.2159423828125,0,0.0,0.0,2013-07-15 00:00:00+07:00,0.0,0.0,0.0
2013-07-16 00:00:00+07:00,1027.0267333984375,1027.0267333984375,1027.0267333984375,1027.0267333984375,6854,0.0,0.0,2013-07-16 00:00:00+07:00,0.0,0.0,0.0
2013-07-17 00:00:00+07:00,1091.2159423828125,1091.2159423828125,1091.2159423828125,1091.2159423828125,155,0.0,0.0,2013-07-17 00:00:00+07:00,0.0,0.0,0.0
2013-07-18 00:00:00+07:00,1091.2159423828125,1091.2159423828125,1091.2159423828125,1091.2159423828125,15,0.0,0.0,2013-07-18 00:00:00+07:00,0.0,0.0,0.0
2013-07-19 00:00:00+07:00,1155.405029296875,1155.405029296875,1155.405029296875,1155.405029296875,31,0.0,0.0,2013-07-19 00:00:00+07:00,0.0,0.0,0.0
2013-07-22 00:00:00+07:00,1155.405029296875,1155.405029296875,1155.405029296875,1155.405029296875,0,0.0,0.0,2013-07-22 00:00:00+07:00,0.0,0.0,0.0
2013-07-23 00:00:00+07:00,1155.405029296875,1155.405029296875,1155.405029296875,1155.405029296875,0,0.0,0.0,2013-07-23 00:00:00+07:00,0.0,0.0,0.0
2013-07-24 00:00:00+07:00,1155.405029296875,1155.405029296875,1155.405029296875,1155.405029296875,3084,0.0,0.0,2013-07-24 00:00:00+07:00,0.0,0.0,0.0
2013-07-25 00:00:00+07:00,1091.2159423828125,1091.2159423828125,1091.2159423828125,1091.2159423828125,2975,0.0,0.0,2013-07-25 00:00:00+07:00,0.0,0.0,0.0
2013-07-26 00:00:00+07:00,1027.0267333984375,1027.0267333984375,1027.0267333984375,1027.0267333984375,15,0.0,0.0,2013-07-26 00:00:00+07:00,0.0,0.0,0.0
2013-07-29 00:00:00+07:00,1091.2159423828125,1091.2159423828125,1091.2159423828125,1091.2159423828125,233,0.0,0.0,2013-07-29 00:00:00+07:00,0.0,0.0,0.0
2013-07-30 00:00:00+07:00,1027.0267333984375,1027.0267333984375,1027.0267333984375,1027.0267333984375,15,0.0,0.0,2013-07-30 00:00:00+07:00,0.0,0.0,0.0
2013-07-31 00:00:00+07:00,962.8375244140624,962.8375244140624,962.8375244140624,962.8375244140624,5250,0.0,0.0,2013-07-31 00:00:00+07:00,0.0,0.0,0.0
2013-08-01 00:00:00+07:00,898.6483764648438,898.6483764648438,898.6483764648438,898.6483764648438,5281,0.0,0.0,2013-08-01 00:00:00+07:00,0.0,0.0,0.0
2013-08-02 00:00:00+07:00,834.459228515625,834.459228515625,834.459228515625,834.459228515625,5032,0.0,0.0,2013-08-02 00:00:00+07:00,0.0,0.0,0.0
2013-08-05 00:00:00+07:00,898.6483764648438,898.6483764648438,898.6483764648438,898.6483764648438,77,0.0,0.0,2013-08-05 00:00:00+07:00,0.0,0.0,0.0
2013-08-06 00:00:00+07:00,962.8375244140624,962.8375244140624,962.8375244140624,962.8375244140624,15,0.0,0.0,2013-08-06 00:00:00+07:00,0.0,0.0,0.0
2013-08-07 00:00:00+07:00,1027.0267333984375,1027.0267333984375,1027.0267333984375,1027.0267333984375,358,0.0,0.0,2013-08-07 00:00:00+07:00,0.0,0.0,0.0
2013-08-08 00:00:00+07:00,1091.2159423828125,1091.2159423828125,1091.2159423828125,1091.2159423828125,1573,0.0,0.0,2013-08-08 00:00:00+07:00,0.0,0.0,0.0
2013-08-09 00:00:00+07:00,1091.2159423828125,1091.2159423828125,1091.2159423828125,1091.2159423828125,15,0.0,0.0,2013-08-09 00:00:00+07:00,0.0,0.0,0.0
2013-08-12 00:00:00+07:00,1155.405029296875,1155.405029296875,1155.405029296875,1155.405029296875,15,0.0,0.0,2013-08-12 00:00:00+07:00,0.0,0.0,0.0
2013-08-13 00:00:00+07:00,1091.2159423828125,1091.2159423828125,1091.2159423828125,1091.2159423828125,1573,0.0,0.0,2013-08-13 00:00:00+07:00,0.0,0.0,0.0
2013-08-14 00:00:00+07:00,1155.405029296875,1155.405029296875,1155.405029296875,1155.405029296875,15,0.0,0.0,2013-08-14 00:00:00+07:00,0.0,0.0,0.0
2013-08-15 00:00:00+07:00,1155.405029296875,1155.405029296875,1155.405029296875,1155.405029296875,0,0.0,0.0,2013-08-15 00:00:00+07:00,0.0,0.0,0.0
2013-08-16 00:00:00+07:00,1219.59423828125,1219.59423828125,1219.59423828125,1219.59423828125,763,0.0,0.0,2013-08-16 00:00:00+07:00,0.0,0.0,0.0
2013-08-19 00:00:00+07:00,1219.59423828125,1219.59423828125,1219.59423828125,1219.59423828125,0,0.0,0.0,2013-08-19 00:00:00+07:00,0.0,0.0,0.0
2013-08-20 00:00:00+07:00,1219.59423828125,1219.59423828125,1219.59423828125,1219.59423828125,77,0.0,0.0,2013-08-20 00:00:00+07:00,0.0,0.0,0.0
2013-08-21 00:00:00+07:00,1219.59423828125,1219.59423828125,1219.59423828125,1219.59423828125,171,0.0,0.0,2013-08-21 00:00:00+07:00,0.0,0.0,0.0
2013-08-22 00:00:00+07:00,1219.59423828125,1219.59423828125,1219.59423828125,1219.59423828125,15,0.0,0.0,2013-08-22 00:00:00+07:00,0.0,0.0,0.0
2013-08-23 00:00:00+07:00,1219.59423828125,1219.59423828125,1219.59423828125,1219.59423828125,0,0.0,0.0,2013-08-23 00:00:00+07:00,0.0,0.0,0.0
2013-08-26 00:00:00+07:00,1219.59423828125,1219.59423828125,1219.59423828125,1219.59423828125,0,0.0,0.0,2013-08-26 00:00:00+07:00,0.0,0.0,0.0
2013-08-27 00:00:00+07:00,1155.405029296875,1155.405029296875,1155.405029296875,1155.405029296875,778,0.0,0.0,2013-08-27 00:00:00+07:00,0.0,0.0,0.0
2013-08-28 00:00:00+07:00,1091.2159423828125,1091.2159423828125,1091.2159423828125,1091.2159423828125,311,0.0,0.0,2013-08-28 00:00:00+07:00,0.0,0.0,0.0
2013-08-29 00:00:00+07:00,1091.2159423828125,1091.2159423828125,1091.2159423828125,1091.2159423828125,0,0.0,0.0,2013-08-29 00:00:00+07:00,0.0,0.0,0.0
2013-08-30 00:00:00+07:00,1091.2159423828125,1091.2159423828125,1091.2159423828125,1091.2159423828125,919,0.0,0.0,2013-08-30 00:00:00+07:00,0.0,0.0,0.0
2013-09-02 00:00:00+07:00,1091.2159423828125,1091.2159423828125,1091.2159423828125,1091.2159423828125,0,0.0,0.0,2013-09-02 00:00:00+07:00,0.0,0.0,0.0
2013-09-03 00:00:00+07:00,1091.2159423828125,1091.2159423828125,1091.2159423828125,1091.2159423828125,46,0.0,0.0,2013-09-03 00:00:00+07:00,0.0,0.0,0.0
2013-09-04 00:00:00+07:00,1155.405029296875,1155.405029296875,1155.405029296875,1155.405029296875,311,0.0,0.0,2013-09-04 00:00:00+07:00,0.0,0.0,0.0
2013-09-05 00:00:00+07:00,1155.405029296875,1155.405029296875,1155.405029296875,1155.405029296875,15,0.0,0.0,2013-09-05 00:00:00+07:00,0.0,0.0,0.0
2013-09-06 00:00:00+07:00,1155.405029296875,1155.405029296875,1155.405029296875,1155.405029296875,140,0.0,0.0,2013-09-06 00:00:00+07:00,0.0,0.0,0.0
2013-09-09 00:00:00+07:00,1091.2159423828125,1091.2159423828125,1091.2159423828125,1091.2159423828125,1557,0.0,0.0,2013-09-09 00:00:00+07:00,0.0,0.0,0.0
2013-09-10 00:00:00+07:00,1155.405029296875,1155.405029296875,1155.405029296875,1155.405029296875,15,0.0,0.0,2013-09-10 00:00:00+07:00,0.0,0.0,0.0
2013-09-11 00:00:00+07:00,1155.405029296875,1155.405029296875,1155.405029296875,1155.405029296875,155,0.0,0.0,2013-09-11 00:00:00+07:00,0.0,0.0,0.0
2013-09-12 00:00:00+07:00,1219.59423828125,1219.59423828125,1219.59423828125,1219.59423828125,15,0.0,0.0,2013-09-12 00:00:00+07:00,0.0,0.0,0.0
2013-09-13 00:00:00+07:00,1283.783447265625,1283.783447265625,1283.783447265625,1283.783447265625,15,0.0,0.0,2013-09-13 00:00:00+07:00,0.0,0.0,0.0
2013-09-16 00:00:00+07:00,1283.783447265625,1283.783447265625,1283.783447265625,1283.783447265625,0,0.0,0.0,2013-09-16 00:00:00+07:00,0.0,0.0,0.0
2013-09-17 00:00:00+07:00,1283.783447265625,1283.783447265625,1283.783447265625,1283.783447265625,0,0.0,0.0,2013-09-17 00:00:00+07:00,0.0,0.0,0.0
2013-09-18 00:00:00+07:00,1283.783447265625,1283.783447265625,1283.783447265625,1283.783447265625,0,0.0,0.0,2013-09-18 00:00:00+07:00,0.0,0.0,0.0
2013-09-19 00:00:00+07:00,1283.783447265625,1283.783447265625,1283.783447265625,1283.783447265625,0,0.0,0.0,2013-09-19 00:00:00+07:00,0.0,0.0,0.0
2013-09-20 00:00:00+07:00,1347.9725341796875,1347.9725341796875,1347.9725341796875,1347.9725341796875,15,0.0,0.0,2013-09-20 00:00:00+07:00,0.0,0.0,0.0
2013-09-23 00:00:00+07:00,1347.9725341796875,1347.9725341796875,1347.9725341796875,1347.9725341796875,15,0.0,0.0,2013-09-23 00:00:00+07:00,0.0,0.0,0.0
2013-09-24 00:00:00+07:00,1347.9725341796875,1347.9725341796875,1347.9725341796875,1347.9725341796875,93,0.0,0.0,2013-09-24 00:00:00+07:00,0.0,0.0,0.0
2013-09-25 00:00:00+07:00,1347.9725341796875,1347.9725341796875,1347.9725341796875,1347.9725341796875,15,0.0,0.0,2013-09-25 00:00:00+07:00,0.0,0.0,0.0
2013-09-26 00:00:00+07:00,1347.9725341796875,1347.9725341796875,1347.9725341796875,1347.9725341796875,0,0.0,0.0,2013-09-26 00:00:00+07:00,0.0,0.0,0.0
2013-09-27 00:00:00+07:00,1347.9725341796875,1347.9725341796875,1347.9725341796875,1347.9725341796875,0,0.0,0.0,2013-09-27 00:00:00+07:00,0.0,0.0,0.0
2013-09-30 00:00:00+07:00,1412.1617431640625,1412.1617431640625,1412.1617431640625,1412.1617431640625,218,0.0,0.0,2013-09-30 00:00:00+07:00,0.0,0.0,0.0
2013-10-01 00:00:00+07:00,1412.1617431640625,1412.1617431640625,1412.1617431640625,1412.1617431640625,15,0.0,0.0,2013-10-01 00:00:00+07:00,0.0,0.0,0.0
2013-10-02 00:00:00+07:00,1347.9725341796875,1347.9725341796875,1347.9725341796875,1347.9725341796875,46,0.0,0.0,2013-10-02 00:00:00+07:00,0.0,0.0,0.0
2013-10-03 00:00:00+07:00,1412.1617431640625,1412.1617431640625,1412.1617431640625,1412.1617431640625,15,0.0,0.0,2013-10-03 00:00:00+07:00,0.0,0.0,0.0
2013-10-04 00:00:00+07:00,1412.1617431640625,1412.1617431640625,1412.1617431640625,1412.1617431640625,0,0.0,0.0,2013-10-04 00:00:00+07:00,0.0,0.0,0.0
2013-10-07 00:00:00+07:00,1347.9725341796875,1347.9725341796875,1347.9725341796875,1347.9725341796875,109,0.0,0.0,2013-10-07 00:00:00+07:00,0.0,0.0,0.0
2013-10-08 00:00:00+07:00,1283.783447265625,1283.783447265625,1283.783447265625,1283.783447265625,31,0.0,0.0,2013-10-08 00:00:00+07:00,0.0,0.0,0.0
2013-10-09 00:00:00+07:00,1219.59423828125,1219.59423828125,1219.59423828125,1219.59423828125,15,0.0,0.0,2013-10-09 00:00:00+07:00,0.0,0.0,0.0
2013-10-10 00:00:00+07:00,1155.405029296875,1155.405029296875,1155.405029296875,1155.405029296875,46,0.0,0.0,2013-10-10 00:00:00+07:00,0.0,0.0,0.0
2013-10-11 00:00:00+07:00,1091.2159423828125,1091.2159423828125,1091.2159423828125,1091.2159423828125,1573,0.0,0.0,2013-10-11 00:00:00+07:00,0.0,0.0,0.0
2013-10-14 00:00:00+07:00,1027.0267333984375,1027.0267333984375,1027.0267333984375,1027.0267333984375,3894,0.0,0.0,2013-10-14 00:00:00+07:00,0.0,0.0,0.0
2013-10-15 00:00:00+07:00,962.8375244140624,962.8375244140624,962.8375244140624,962.8375244140624,21187,0.0,0.0,2013-10-15 00:00:00+07:00,0.0,0.0,0.0
2013-10-16 00:00:00+07:00,962.8375244140624,962.8375244140624,962.8375244140624,962.8375244140624,5655,0.0,0.0,2013-10-16 00:00:00+07:00,0.0,0.0,0.0
2013-10-17 00:00:00+07:00,962.8375244140624,962.8375244140624,962.8375244140624,962.8375244140624,23384,0.0,0.0,2013-10-17 00:00:00+07:00,0.0,0.0,0.0
2013-10-18 00:00:00+07:00,962.8375244140624,962.8375244140624,962.8375244140624,962.8375244140624,32715,0.0,0.0,2013-10-18 00:00:00+07:00,0.0,0.0,0.0
2013-10-21 00:00:00+07:00,1027.0267333984375,1027.0267333984375,1027.0267333984375,1027.0267333984375,42312,0.0,0.0,2013-10-21 00:00:00+07:00,0.0,0.0,0.0
2013-10-22 00:00:00+07:00,1091.2159423828125,1091.2159423828125,1091.2159423828125,1091.2159423828125,25502,0.0,0.0,2013-10-22 00:00:00+07:00,0.0,0.0,0.0
2013-10-23 00:00:00+07:00,1155.405029296875,1155.405029296875,1155.405029296875,1155.405029296875,7805,0.0,0.0,2013-10-23 00:00:00+07:00,0.0,0.0,0.0
2013-10-24 00:00:00+07:00,1219.59423828125,1219.59423828125,1219.59423828125,1219.59423828125,825,0.0,0.0,2013-10-24 00:00:00+07:00,0.0,0.0,0.0
2013-10-25 00:00:00+07:00,1283.783447265625,1283.783447265625,1283.783447265625,1283.783447265625,82630,0.0,0.0,2013-10-25 00:00:00+07:00,0.0,0.0,0.0
2013-10-28 00:00:00+07:00,1219.59423828125,1219.59423828125,1219.59423828125,1219.59423828125,5608,0.0,0.0,2013-10-28 00:00:00+07:00,0.0,0.0,0.0
2013-10-29 00:00:00+07:00,1155.405029296875,1155.405029296875,1155.405029296875,1155.405029296875,7680,0.0,0.0,2013-10-29 00:00:00+07:00,0.0,0.0,0.0
2013-10-30 00:00:00+07:00,1091.2159423828125,1091.2159423828125,1091.2159423828125,1091.2159423828125,13086,0.0,0.0,2013-10-30 00:00:00+07:00,0.0,0.0,0.0
2013-10-31 00:00:00+07:00,1155.405029296875,1155.405029296875,1155.405029296875,1155.405029296875,38604,0.0,0.0,2013-10-31 00:00:00+07:00,0.0,0.0,0.0
2013-11-01 00:00:00+07:00,1219.59423828125,1219.59423828125,1219.59423828125,1219.59423828125,4704,0.0,0.0,2013-11-01 00:00:00+07:00,0.0,0.0,0.0
2013-11-04 00:00:00+07:00,1219.59423828125,1219.59423828125,1219.59423828125,1219.59423828125,31858,0.0,0.0,2013-11-04 00:00:00+07:00,0.0,0.0,0.0
2013-11-05 00:00:00+07:00,1219.59423828125,1219.59423828125,1219.59423828125,1219.59423828125,19240,0.0,0.0,2013-11-05 00:00:00+07:00,0.0,0.0,0.0
2013-11-06 00:00:00+07:00,1283.783447265625,1283.783447265625,1283.783447265625,1283.783447265625,21483,0.0,0.0,2013-11-06 00:00:00+07:00,0.0,0.0,0.0
2013-11-07 00:00:00+07:00,1219.59423828125,1219.59423828125,1219.59423828125,1219.59423828125,11403,0.0,0.0,2013-11-07 00:00:00+07:00,0.0,0.0,0.0
2013-11-08 00:00:00+07:00,1219.59423828125,1219.59423828125,1219.59423828125,1219.59423828125,20782,0.0,0.0,2013-11-08 00:00:00+07:00,0.0,0.0,0.0
2013-11-11 00:00:00+07:00,1283.783447265625,1283.783447265625,1283.783447265625,1283.783447265625,49728,0.0,0.0,2013-11-11 00:00:00+07:00,0.0,0.0,0.0
2013-11-12 00:00:00+07:00,1283.783447265625,1283.783447265625,1283.783447265625,1283.783447265625,24817,0.0,0.0,2013-11-12 00:00:00+07:00,0.0,0.0,0.0
2013-11-13 00:00:00+07:00,1219.59423828125,1219.59423828125,1219.59423828125,1219.59423828125,62315,0.0,0.0,2013-11-13 00:00:00+07:00,0.0,0.0,0.0
2013-11-14 00:00:00+07:00,1219.59423828125,1219.59423828125,1219.59423828125,1219.59423828125,105781,0.0,0.0,2013-11-14 00:00:00+07:00,0.0,0.0,0.0
2013-11-15 00:00:00+07:00,1283.783447265625,1283.783447265625,1283.783447265625,1283.783447265625,18819,0.0,0.0,2013-11-15 00:00:00+07:00,0.0,0.0,0.0
2013-11-18 00:00:00+07:00,1347.9725341796875,1347.9725341796875,1347.9725341796875,1347.9725341796875,115595,0.0,0.0,2013-11-18 00:00:00+07:00,0.0,0.0,0.0
2013-11-19 00:00:00+07:00,1412.1617431640625,1412.1617431640625,1412.1617431640625,1412.1617431640625,65447,0.0,0.0,2013-11-19 00:00:00+07:00,0.0,0.0,0.0
2013-11-20 00:00:00+07:00,1476.3509521484375,1476.3509521484375,1476.3509521484375,1476.3509521484375,5452,0.0,0.0,2013-11-20 00:00:00+07:00,0.0,0.0,0.0
2013-11-21 00:00:00+07:00,1540.5400390625,1540.5400390625,1540.5400390625,1540.5400390625,324665,0.0,0.0,2013-11-21 00:00:00+07:00,0.0,0.0,0.0
2013-11-22 00:00:00+07:00,1604.729248046875,1604.729248046875,1604.729248046875,1604.729248046875,60726,0.0,0.0,2013-11-22 00:00:00+07:00,0.0,0.0,0.0
2013-11-25 00:00:00+07:00,1668.91845703125,1668.91845703125,1668.91845703125,1668.91845703125,94439,0.0,0.0,2013-11-25 00:00:00+07:00,0.0,0.0,0.0
2013-11-26 00:00:00+07:00,1733.1075439453125,1733.1075439453125,1733.1075439453125,1733.1075439453125,35613,0.0,0.0,2013-11-26 00:00:00+07:00,0.0,0.0,0.0
2013-11-27 00:00:00+07:00,1797.2967529296875,1797.2967529296875,1797.2967529296875,1797.2967529296875,9362,0.0,0.0,2013-11-27 00:00:00+07:00,0.0,0.0,0.0
2013-11-28 00:00:00+07:00,1861.4859619140625,1861.4859619140625,1861.4859619140625,1861.4859619140625,34569,0.0,0.0,2013-11-28 00:00:00+07:00,0.0,0.0,0.0
2013-11-29 00:00:00+07:00,1797.2967529296875,1797.2967529296875,1797.2967529296875,1797.2967529296875,98147,0.0,0.0,2013-11-29 00:00:00+07:00,0.0,0.0,0.0
2013-12-02 00:00:00+07:00,1797.2967529296875,1797.2967529296875,1797.2967529296875,1797.2967529296875,9892,0.0,0.0,2013-12-02 00:00:00+07:00,0.0,0.0,0.0
2013-12-03 00:00:00+07:00,1733.1075439453125,1733.1075439453125,1733.1075439453125,1733.1075439453125,31266,0.0,0.0,2013-12-03 00:00:00+07:00,0.0,0.0,0.0
2013-12-04 00:00:00+07:00,1668.91845703125,1668.91845703125,1668.91845703125,1668.91845703125,109,0.0,0.0,2013-12-04 00:00:00+07:00,0.0,0.0,0.0
2013-12-05 00:00:00+07:00,1604.729248046875,1604.729248046875,1604.729248046875,1604.729248046875,7805,0.0,0.0,2013-12-05 00:00:00+07:00,0.0,0.0,0.0
2013-12-06 00:00:00+07:00,1540.5400390625,1540.5400390625,1540.5400390625,1540.5400390625,74311,0.0,0.0,2013-12-06 00:00:00+07:00,0.0,0.0,0.0
2013-12-09 00:00:00+07:00,1476.3509521484375,1476.3509521484375,1476.3509521484375,1476.3509521484375,10780,0.0,0.0,2013-12-09 00:00:00+07:00,0.0,0.0,0.0
2013-12-10 00:00:00+07:00,1412.1617431640625,1412.1617431640625,1412.1617431640625,1412.1617431640625,103584,0.0,0.0,2013-12-10 00:00:00+07:00,0.0,0.0,0.0
2013-12-11 00:00:00+07:00,1347.9725341796875,1347.9725341796875,1347.9725341796875,1347.9725341796875,7945,0.0,0.0,2013-12-11 00:00:00+07:00,0.0,0.0,0.0
2013-12-12 00:00:00+07:00,1283.783447265625,1283.783447265625,1283.783447265625,1283.783447265625,140413,0.0,0.0,2013-12-12 00:00:00+07:00,0.0,0.0,0.0
2013-12-13 00:00:00+07:00,1347.9725341796875,1347.9725341796875,1347.9725341796875,1347.9725341796875,264390,0.0,0.0,2013-12-13 00:00:00+07:00,0.0,0.0,0.0
2013-12-16 00:00:00+07:00,1412.1617431640625,1412.1617431640625,1412.1617431640625,1412.1617431640625,209474,0.0,0.0,2013-12-16 00:00:00+07:00,0.0,0.0,0.0
2013-12-17 00:00:00+07:00,1476.3509521484375,1476.3509521484375,1476.3509521484375,1476.3509521484375,2336,0.0,0.0,2013-12-17 00:00:00+07:00,0.0,0.0,0.0
2013-12-18 00:00:00+07:00,1540.5400390625,1540.5400390625,1540.5400390625,1540.5400390625,88831,0.0,0.0,2013-12-18 00:00:00+07:00,0.0,0.0,0.0
2013-12-19 00:00:00+07:00,1604.729248046875,1604.729248046875,1604.729248046875,1604.729248046875,60212,0.0,0.0,2013-12-19 00:00:00+07:00,0.0,0.0,0.0
2013-12-20 00:00:00+07:00,1540.5400390625,1540.5400390625,1540.5400390625,1540.5400390625,10157,0.0,0.0,2013-12-20 00:00:00+07:00,0.0,0.0,0.0
2013-12-23 00:00:00+07:00,1476.3509521484375,1476.3509521484375,1476.3509521484375,1476.3509521484375,67051,0.0,0.0,2013-12-23 00:00:00+07:00,0.0,0.0,0.0
2013-12-24 00:00:00+07:00,1540.5400390625,1540.5400390625,1540.5400390625,1540.5400390625,124740,0.0,0.0,2013-12-24 00:00:00+07:00,0.0,0.0,0.0
2013-12-25 00:00:00+07:00,1540.5400390625,1540.5400390625,1540.5400390625,1540.5400390625,16513,0.0,0.0,2013-12-25 00:00:00+07:00,0.0,0.0,0.0
2013-12-26 00:00:00+07:00,1540.5400390625,1540.5400390625,1540.5400390625,1540.5400390625,14877,0.0,0.0,2013-12-26 00:00:00+07:00,0.0,0.0,0.0
2013-12-27 00:00:00+07:00,1476.3509521484375,1476.3509521484375,1476.3509521484375,1476.3509521484375,15750,0.0,0.0,2013-12-27 00:00:00+07:00,0.0,0.0,0.0
2013-12-30 00:00:00+07:00,1412.1617431640625,1412.1617431640625,1412.1617431640625,1412.1617431640625,30861,0.0,0.0,2013-12-30 00:00:00+07:00,0.0,0.0,0.0
2013-12-31 00:00:00+07:00,1476.3509521484375,1476.3509521484375,1476.3509521484375,1476.3509521484375,109473,0.0,0.0,2013-12-31 00:00:00+07:00,0.0,0.0,0.0
2014-01-01 00:00:00+07:00,1476.3509521484375,1476.3509521484375,1476.3509521484375,1476.3509521484375,0,0.0,0.0,2014-01-01 00:00:00+07:00,0.0,0.0,0.0
2014-01-02 00:00:00+07:00,1412.1617431640625,1412.1617431640625,1412.1617431640625,1412.1617431640625,59106,0.0,0.0,2014-01-02 00:00:00+07:00,0.0,0.0,0.0
2014-01-03 00:00:00+07:00,1476.3509521484375,1476.3509521484375,1476.3509521484375,1476.3509521484375,4455,0.0,0.0,2014-01-03 00:00:00+07:00,0.0,0.0,0.0
2014-01-06 00:00:00+07:00,1540.5400390625,1540.5400390625,1540.5400390625,1540.5400390625,69045,0.0,0.0,2014-01-06 00:00:00+07:00,0.0,0.0,0.0
2014-01-07 00:00:00+07:00,1476.3509521484375,1476.3509521484375,1476.3509521484375,1476.3509521484375,18912,0.0,0.0,2014-01-07 00:00:00+07:00,0.0,0.0,0.0
2014-01-08 00:00:00+07:00,1476.3509521484375,1476.3509521484375,1476.3509521484375,1476.3509521484375,38620,0.0,0.0,2014-01-08 00:00:00+07:00,0.0,0.0,0.0
2014-01-09 00:00:00+07:00,1540.5400390625,1540.5400390625,1540.5400390625,1540.5400390625,158017,0.0,0.0,2014-01-09 00:00:00+07:00,0.0,0.0,0.0
2014-01-10 00:00:00+07:00,1540.5400390625,1540.5400390625,1540.5400390625,1540.5400390625,23430,0.0,0.0,2014-01-10 00:00:00+07:00,0.0,0.0,0.0
2014-01-13 00:00:00+07:00,1540.5400390625,1540.5400390625,1540.5400390625,1540.5400390625,28042,0.0,0.0,2014-01-13 00:00:00+07:00,0.0,0.0,0.0
2014-01-14 00:00:00+07:00,1604.729248046875,1604.729248046875,1604.729248046875,1604.729248046875,3146,0.0,0.0,2014-01-14 00:00:00+07:00,0.0,0.0,0.0
2014-01-15 00:00:00+07:00,1604.729248046875,1604.729248046875,1604.729248046875,1604.729248046875,55616,0.0,0.0,2014-01-15 00:00:00+07:00,0.0,0.0,0.0
2014-01-16 00:00:00+07:00,1668.91845703125,1668.91845703125,1668.91845703125,1668.91845703125,17931,0.0,0.0,2014-01-16 00:00:00+07:00,0.0,0.0,0.0
2014-01-17 00:00:00+07:00,1733.1075439453125,1733.1075439453125,1733.1075439453125,1733.1075439453125,20626,0.0,0.0,2014-01-17 00:00:00+07:00,0.0,0.0,0.0
2014-01-20 00:00:00+07:00,1797.2967529296875,1797.2967529296875,1668.91845703125,1668.91845703125,155618,0.07410794603109104,0.0019808158422106354,2014-01-20 00:00:00+07:00,0.0019808158422106354,0.000396163168442127,9.003708373684707e-05
2014-01-21 00:00:00+07:00,1604.729248046875,1733.1075439453125,1604.729248046875,1733.1075439453125,75168,0.07696101577976065,0.0021362699423619494,2014-01-21 00:00:00+07:00,0.0021362699423619494,0.0008234171569145169,0.0001871402629351175
2014-01-22 00:00:00+07:00,1797.2967529296875,1797.2967529296875,1668.91845703125,1797.2967529296875,147610,0.07410794603109104,0.0019808158422106354,2014-01-22 00:00:00+07:00,0.0019808158422106354,0.001219580325356644,0.00027717734667196455
2014-01-23 00:00:00+07:00,1797.2967529296875,1861.4859619140625,1733.1075439453125,1861.4859619140625,101964,0.07145900770001962,0.0018417408036437391,2014-01-23 00:00:00+07:00,0.0018417408036437391,0.0015879284860853917,0.00036089283774668
2014-01-24 00:00:00+07:00,1797.2967529296875,1861.4859619140625,1733.1075439453125,1797.2967529296875,47079,0.07145900770001962,0.0018417408036437391,2014-01-24 00:00:00+07:00,0.0018417408036437391,0.0019562766468141394,0.0004446083288213954
2014-01-27 00:00:00+07:00,1733.1075439453125,1797.2967529296875,1733.1075439453125,1797.2967529296875,38308,0.03636766681048886,0.0004770297082397028,2014-01-27 00:00:00+07:00,0.0004770297082397028,0.0016555194200199533,0.0004662914973777455
2014-01-28 00:00:00+07:00,1797.2967529296875,1797.2967529296875,1797.2967529296875,1797.2967529296875,0,0.0,0.0,2014-01-28 00:00:00+07:00,0.0,0.001228265431547563,0.0004662914973777455
2014-01-29 00:00:00+07:00,1797.2967529296875,1797.2967529296875,1797.2967529296875,1797.2967529296875,0,0.0,0.0,2014-01-29 00:00:00+07:00,0.0,0.000832102263105436,0.0004662914973777455
2014-01-30 00:00:00+07:00,1797.2967529296875,1797.2967529296875,1797.2967529296875,1797.2967529296875,0,0.0,0.0,2014-01-30 00:00:00+07:00,0.0,0.0004637541023766884,0.0004662914973777455
2014-01-31 00:00:00+07:00,1797.2967529296875,1797.2967529296875,1797.2967529296875,1797.2967529296875,0,0.0,0.0,2014-01-31 00:00:00+07:00,0.0,9.540594164794048e-05,0.0004662914973777455
2014-02-03 00:00:00+07:00,1797.2967529296875,1797.2967529296875,1797.2967529296875,1797.2967529296875,0,0.0,0.0,2014-02-03 00:00:00+07:00,0.0,0.0,0.0004662914973777455
2014-02-04 00:00:00+07:00,1797.2967529296875,1797.2967529296875,1797.2967529296875,1797.2967529296875,0,0.0,0.0,2014-02-04 00:00:00+07:00,0.0,0.0,0.0004662914973777455
2014-02-05 00:00:00+07:00,1797.2967529296875,1797.2967529296875,1797.2967529296875,1797.2967529296875,0,0.0,0.0,2014-02-05 00:00:00+07:00,0.0,0.0,0.0004662914973777455
2014-02-06 00:00:00+07:00,1797.2967529296875,1861.4859619140625,1797.2967529296875,1797.2967529296875,62393,0.035091340889530795,0.00044413446377668736,2014-02-06 00:00:00+07:00,0.00044413446377668736,8.882689275533738e-05,0.00048647942754941314
2014-02-07 00:00:00+07:00,1797.2967529296875,1861.4859619140625,1797.2967529296875,1861.4859619140625,203398,0.035091340889530795,0.00044413446377668736,2014-02-07 00:00:00+07:00,0.00044413446377668736,0.00017765378551067484,0.0005066673577210808
2014-02-10 00:00:00+07:00,1925.675048828125,1989.8642578125,1861.4859619140625,1925.675048828125,171789,0.06669135122948099,0.0016041817861904087,2014-02-10 00:00:00+07:00,0.0016041817861904087,0.0004984901427487566,0.0005795847116388266
2014-02-11 00:00:00+07:00,1925.675048828125,1989.8642578125,1861.4859619140625,1861.4859619140625,145741,0.06669135122948099,0.0016041817861904087,2014-02-11 00:00:00+07:00,0.0016041817861904087,0.0008193264999868383,0.0006525020655565724
2014-02-12 00:00:00+07:00,1861.4859619140625,1925.675048828125,1861.4859619140625,1925.675048828125,98334,0.03390150795780658,0.00041452676792422846,2014-02-12 00:00:00+07:00,0.00041452676792422846,0.000902231853571684,0.0006713441913713101
2014-02-13 00:00:00+07:00,1989.8642578125,1989.8642578125,1861.4859619140625,1925.675048828125,121920,0.06669135122948099,0.0016041817861904087,2014-02-13 00:00:00+07:00,0.0016041817861904087,0.001134241318054428,0.0007442615452890558
2014-02-14 00:00:00+07:00,1925.675048828125,1925.675048828125,1861.4859619140625,1861.4859619140625,151396,0.03390150795780658,0.00041452676792422846,2014-02-14 00:00:00+07:00,0.00041452676792422846,0.0011283197788839365,0.0007631036711037935
2014-02-18 00:00:00+07:00,2054.053466796875,2118.24267578125,2054.053466796875,2118.24267578125,219834,0.03077167667553689,0.0003415205716695153,2014-02-18 00:00:00+07:00,0.0003415205716695153,0.0008757875359797579,0.0007786273334524079
2014-02-19 00:00:00+07:00,2118.24267578125,2118.24267578125,2118.24267578125,2118.24267578125,0,0.0,0.0,2014-02-19 00:00:00+07:00,0.0,0.000554951178741676,0.0007786273334524079
2014-02-20 00:00:00+07:00,2374.999267578125,2374.999267578125,2310.81005859375,2310.81005859375,857964,0.02739899132079542,0.00027075949612554893,2014-02-20 00:00:00+07:00,0.00027075949612554893,0.0005261977243819401,0.0007008974995394494
2014-02-21 00:00:00+07:00,2310.81005859375,2439.1884765625,2246.620849609375,2439.1884765625,372414,0.08223814971230513,0.002439277493215822,2014-02-21 00:00:00+07:00,0.002439277493215822,0.0006932168657870228,0.0007146705700328072
2014-02-24 00:00:00+07:00,2567.56689453125,2567.56689453125,2503.377685546875,2567.56689453125,386794,0.025317822612962837,0.00023118904607807806,2014-02-24 00:00:00+07:00,0.00023118904607807806,0.0006565493214177928,0.0006351420792995092
2014-02-25 00:00:00+07:00,2631.755859375,2695.945068359375,2567.56689453125,2695.945068359375,589320,0.04879010077851424,0.0008585744848787226,2014-02-25 00:00:00+07:00,0.0008585744848787226,0.0007599601040596342,0.0005904527011738266
2014-02-26 00:00:00+07:00,2760.13427734375,2760.13427734375,2567.56689453125,2760.13427734375,727661,0.07232061293078262,0.0018864215282744536,2014-02-26 00:00:00+07:00,0.0018864215282744536,0.0011372444097145248,0.0005924836432024956
2014-02-27 00:00:00+07:00,2631.755859375,2695.945068359375,2567.56689453125,2567.56689453125,685551,0.04879010077851424,0.0008585744848787226,2014-02-27 00:00:00+07:00,0.0008585744848787226,0.0012548074074651596,0.0006098265875951782
2014-02-28 00:00:00+07:00,2503.377685546875,2567.56689453125,2439.1884765625,2503.377685546875,180762,0.05129332441482686,0.0009489345132296679,2014-02-28 00:00:00+07:00,0.0009489345132296679,0.0009567388114679288,0.0006529599745601632
2014-03-03 00:00:00+07:00,2439.1884765625,2503.377685546875,2374.999267578125,2439.1884765625,206467,0.05264376511498587,0.0009995589981492135,2014-03-03 00:00:00+07:00,0.0009995589981492135,0.001110412801882156,0.0006983944744760364
2014-03-04 00:00:00+07:00,2310.81005859375,2439.1884765625,2310.81005859375,2439.1884765625,172754,0.05406725463391719,0.0010543460702268656,2014-03-04 00:00:00+07:00,0.0010543460702268656,0.0011495671189517844,0.0007463192958499849
2014-03-05 00:00:00+07:00,2503.377685546875,2567.56689453125,2503.377685546875,2567.56689453125,217264,0.025317822612962837,0.00023118904607807806,2014-03-05 00:00:00+07:00,0.00023118904607807806,0.0008185206225125094,0.0007568278888535339
2014-03-06 00:00:00+07:00,2631.755859375,2631.755859375,2567.56689453125,2631.755859375,247533,0.02469253373825366,0.0002199104459756454,2014-03-06 00:00:00+07:00,0.0002199104459756454,0.000690787814731894,0.0007668238182160632
2014-03-07 00:00:00+07:00,2567.56689453125,2631.755859375,2567.56689453125,2567.56689453125,49665,0.02469253373825366,0.0002199104459756454,2014-03-07 00:00:00+07:00,0.0002199104459756454,0.0005449830012810895,0.0007768197475785926
2014-03-10 00:00:00+07:00,2567.56689453125,2567.56689453125,2503.377685546875,2503.377685546875,192711,0.025317822612962837,0.00023118904607807806,2014-03-10 00:00:00+07:00,0.00023118904607807806,0.0003913090108668625,0.0007873283405821416
2014-03-11 00:00:00+07:00,2503.377685546875,2567.56689453125,2439.1884765625,2503.377685546875,226268,0.05129332441482686,0.0009489345132296679,2014-03-11 00:00:00+07:00,0.0009489345132296679,0.00037022669946742287,0.000810273797375459
2014-03-12 00:00:00+07:00,2503.377685546875,2567.56689453125,2439.1884765625,2503.377685546875,296685,0.05129332441482686,0.0009489345132296679,2014-03-12 00:00:00+07:00,0.0009489345132296679,0.0005137757928977409,0.000833219254168776
2014-03-13 00:00:00+07:00,2503.377685546875,2631.755859375,2503.377685546875,2631.755859375,397683,0.05001035635121654,0.0009020579656528545,2014-03-13 00:00:00+07:00,0.0009020579656528545,0.0006502052968331827,0.0008013045350534327
2014-03-14 00:00:00+07:00,2631.755859375,2760.13427734375,2631.755859375,2760.13427734375,671156,0.04762807919252885,0.0008181645944723061,2014-03-14 00:00:00+07:00,0.0008181645944723061,0.0007698561265325149,0.0007655764808844282
2014-03-17 00:00:00+07:00,2824.323486328125,2952.701904296875,2824.323486328125,2952.701904296875,348890,0.04445178887931721,0.0007126774767283723,2014-03-17 00:00:00+07:00,0.0007126774767283723,0.0008661538126625738,0.000779128785830071
2014-03-18 00:00:00+07:00,2952.701904296875,3016.89111328125,2824.323486328125,2888.5126953125,532613,0.0659580064148899,0.0015690962656416726,2014-03-18 00:00:00+07:00,0.0015690962656416726,0.0009901861631449744,0.000777533989441492
2014-03-19 00:00:00+07:00,2824.323486328125,3081.080078125,2824.323486328125,3081.080078125,289861,0.08701134817557578,0.0027306519176833453,2014-03-19 00:00:00+07:00,0.0027306519176833453,0.0013465296440357101,0.0008828124053396337
2014-03-20 00:00:00+07:00,3081.080078125,3081.080078125,3016.89111328125,3081.080078125,191667,0.021053341760685833,0.00015986619138166758,2014-03-20 00:00:00+07:00,0.00015986619138166758,0.0011980912891814727,0.0008745553880538225
2014-03-21 00:00:00+07:00,3016.89111328125,3273.647705078125,3016.89111328125,3273.647705078125,681750,0.08167800086589647,0.0024061613509197676,2014-03-21 00:00:00+07:00,0.0024061613509197676,0.001515690640470965,0.0009839263585501754
2014-03-24 00:00:00+07:00,3466.215087890625,3466.215087890625,3402.026123046875,3466.215087890625,544951,0.01869207320939994,0.00012601710382177282,2014-03-24 00:00:00+07:00,0.00012601710382177282,0.0013983585658896452,0.000977347158900004
2014-03-25 00:00:00+07:00,3658.78271484375,3658.78271484375,3658.78271484375,3658.78271484375,687312,0.0,0.0,2014-03-25 00:00:00+07:00,0.0,0.0010845393127613106,0.0008664709092083757
2014-03-27 00:00:00+07:00,3402.026123046875,3402.026123046875,3273.647705078125,3273.647705078125,615415,0.038466303341773034,0.0005336732710886842,2014-03-27 00:00:00+07:00,0.0005336732710886842,0.0006451435834423783,0.0008802201921634033
2014-03-28 00:00:00+07:00,3273.647705078125,3466.215087890625,3209.45849609375,3273.647705078125,187399,0.07696101577976065,0.0021362699423619494,2014-03-28 00:00:00+07:00,0.0021362699423619494,0.0010404243336384349,0.0009382972584126407
2014-04-01 00:00:00+07:00,3145.269287109375,3145.269287109375,2952.701904296875,2952.701904296875,524745,0.06317885943591647,0.0014396539405955539,2014-04-01 00:00:00+07:00,0.0014396539405955539,0.000847122851573592,0.0009179896407908728
2014-04-02 00:00:00+07:00,2760.13427734375,2824.323486328125,2760.13427734375,2760.13427734375,238763,0.022989532296678473,0.00019062278908538202,2014-04-02 00:00:00+07:00,0.00019062278908538202,0.0008600439886263137,0.0008876282000729936
2014-04-04 00:00:00+07:00,2952.701904296875,3016.89111328125,2824.323486328125,2824.323486328125,263424,0.0659580064148899,0.0015690962656416726,2014-04-04 00:00:00+07:00,0.0015690962656416726,0.0011738632417546482,0.0009158173706371755
2014-04-07 00:00:00+07:00,2824.323486328125,2952.701904296875,2824.323486328125,2824.323486328125,348532,0.04445178887931721,0.0007126774767283723,2014-04-07 00:00:00+07:00,0.0007126774767283723,0.0012096640828825858,0.0009027773014816828
2014-04-08 00:00:00+07:00,2824.323486328125,2888.5126953125,2824.323486328125,2888.5126953125,130785,0.022472869298616957,0.0001821510166515942,2014-04-08 00:00:00+07:00,0.0001821510166515942,0.0008188402977405149,0.0008631320717737158
2014-04-09 00:00:00+07:00,2888.5126953125,2888.5126953125,2888.5126953125,2888.5126953125,0,0.0,0.0,2014-04-09 00:00:00+07:00,0.0,0.0005309095096214042,0.0008526234787701668
2014-04-10 00:00:00+07:00,2952.701904296875,2952.701904296875,2760.13427734375,2760.13427734375,131299,0.06744132117599563,0.001640463933752683,2014-04-10 00:00:00+07:00,0.001640463933752683,0.0008208777385548644,0.0009171940918509413
2014-04-11 00:00:00+07:00,2760.13427734375,2952.701904296875,2695.945068359375,2888.5126953125,235257,0.09097183332826415,0.002984890760292775,2014-04-11 00:00:00+07:00,0.002984890760292775,0.0011040366374850848,0.0010428750152289925
2014-04-14 00:00:00+07:00,2952.701904296875,2952.701904296875,2824.323486328125,2888.5126953125,91884,0.04445178887931721,0.0007126774767283723,2014-04-14 00:00:00+07:00,0.0007126774767283723,0.0011040366374850848,0.0010647608529858242
2014-04-15 00:00:00+07:00,2888.5126953125,2888.5126953125,2695.945068359375,2695.945068359375,355947,0.06899291374756367,0.0017168150866362427,2014-04-15 00:00:00+07:00,0.0017168150866362427,0.0014109694514820143,0.001099664515413396
2014-04-16 00:00:00+07:00,2695.945068359375,2695.945068359375,2567.56689453125,2567.56689453125,321845,0.04879010077851424,0.0008585744848787226,2014-04-16 00:00:00+07:00,0.0008585744848787226,0.001582684348457759,0.0010955572413974437
2014-04-17 00:00:00+07:00,2567.56689453125,2695.945068359375,2503.377685546875,2631.755859375,157238,0.07410792339147709,0.001980814631951776,2014-04-17 00:00:00+07:00,0.001980814631951776,0.0016507544880975777,0.001144591635320122
2014-04-18 00:00:00+07:00,2503.377685546875,2567.56689453125,2503.377685546875,2503.377685546875,135879,0.025317822612962837,0.00023118904607807806,2014-04-18 00:00:00+07:00,0.00023118904607807806,0.0011000141452546382,0.00111791092857493
2014-04-21 00:00:00+07:00,2439.1884765625,2567.56689453125,2374.999267578125,2503.377685546875,281994,0.07796158772794881,0.0021921784187856966,2014-04-21 00:00:00+07:00,0.0021921784187856966,0.001395914333666103,0.0011851609713957173
2014-04-22 00:00:00+07:00,2503.377685546875,2503.377685546875,2503.377685546875,2503.377685546875,0,0.0,0.0,2014-04-22 00:00:00+07:00,0.0,0.0010525513163388545,0.0011138384138665504
2014-04-23 00:00:00+07:00,2631.755859375,2631.755859375,2503.377685546875,2631.755859375,114848,0.05001035635121654,0.0009020579656528545,2014-04-23 00:00:00+07:00,0.0009020579656528545,0.0010612480124936809,0.0010307205069560734
2014-04-24 00:00:00+07:00,2567.56689453125,2567.56689453125,2503.377685546875,2503.377685546875,86167,0.025317822612962837,0.00023118904607807806,2014-04-24 00:00:00+07:00,0.00023118904607807806,0.0007113228953189413,0.0010339624548968195
2014-04-25 00:00:00+07:00,2503.377685546875,2567.56689453125,2374.999267578125,2374.999267578125,239573,0.07796158772794881,0.0021921784187856966,2014-04-25 00:00:00+07:00,0.0021921784187856966,0.001103520769860465,0.0010242359579816344
2014-04-28 00:00:00+07:00,2374.999267578125,2503.377685546875,2374.999267578125,2374.999267578125,115533,0.05264376511498587,0.0009995589981492135,2014-04-28 00:00:00+07:00,0.0009995589981492135,0.0008649968857331684,0.0010639424077237907
2014-04-29 00:00:00+07:00,2439.1884765625,2439.1884765625,2374.999267578125,2439.1884765625,43060,0.026668263313121974,0.00025650983228536024,2014-04-29 00:00:00+07:00,0.00025650983228536024,0.0009162988521902403,0.0010756019455549436
2014-04-30 00:00:00+07:00,2439.1884765625,2439.1884765625,2439.1884765625,2439.1884765625,0,0.0,0.0,2014-04-30 00:00:00+07:00,0.0,0.0007358872590596695,0.001051344069596367
2014-05-01 00:00:00+07:00,2439.1884765625,2439.1884765625,2439.1884765625,2439.1884765625,0,0.0,0.0,2014-05-01 00:00:00+07:00,0.0,0.0006896494498440538,0.0009542408903980966
2014-05-02 00:00:00+07:00,2439.1884765625,2439.1884765625,2439.1884765625,2439.1884765625,0,0.0,0.0,2014-05-02 00:00:00+07:00,0.0,0.0002512137660869146,0.0008888020749164804
2014-05-05 00:00:00+07:00,2374.999267578125,2439.1884765625,2310.81005859375,2310.81005859375,100453,0.05406725463391719,0.0010543460702268656,2014-05-05 00:00:00+07:00,0.0010543460702268656,0.000262171180502445,0.000928062224059275
2014-05-06 00:00:00+07:00,2246.620849609375,2246.620849609375,2182.431884765625,2182.431884765625,193319,0.028987444184011,0.0003030640331113934,2014-05-06 00:00:00+07:00,0.0003030640331113934,0.00027148202066765165,0.000870515304398808
2014-05-07 00:00:00+07:00,2246.620849609375,2246.620849609375,2118.24267578125,2182.431884765625,172552,0.058840424283134816,0.001248723080364568,2014-05-07 00:00:00+07:00,0.001248723080364568,0.0005212266367405653,0.0008948810136549987
2014-05-08 00:00:00+07:00,2182.431884765625,2182.431884765625,2054.053466796875,2054.053466796875,30332,0.06062465677466056,0.0013256019472214896,2014-05-08 00:00:00+07:00,0.0013256019472214896,0.0007863470261848633,0.0009468560559536303
2014-05-09 00:00:00+07:00,1925.675048828125,2054.053466796875,1925.675048828125,1925.675048828125,208726,0.06453856075689528,0.0015022876603229733,2014-05-09 00:00:00+07:00,0.0015022876603229733,0.0010868045582494578,0.0010151418586955838
2014-05-12 00:00:00+07:00,1925.675048828125,1925.675048828125,1797.2967529296875,1797.2967529296875,106560,0.06899284884733757,0.0017168118566919244,2014-05-12 00:00:00+07:00,0.0017168118566919244,0.0012192977155424697,0.0010186122188291856
2014-05-13 00:00:00+07:00,1733.1075439453125,1797.2967529296875,1733.1075439453125,1733.1075439453125,81618,0.03636766681048886,0.0004770297082397028,2014-05-13 00:00:00+07:00,0.0004770297082397028,0.0012540908505681314,0.0009046185346449551
2014-05-14 00:00:00+07:00,1668.91845703125,1797.2967529296875,1668.91845703125,1797.2967529296875,305035,0.07410794603109104,0.0019808158422106354,2014-05-14 00:00:00+07:00,0.0019808158422106354,0.0014005094029373448,0.0009622611876214215
2014-05-15 00:00:00+07:00,1861.4859619140625,1861.4859619140625,1733.1075439453125,1733.1075439453125,233512,0.07145900770001962,0.0018417408036437391,2014-05-15 00:00:00+07:00,0.0018417408036437391,0.0015037371742217948,0.0009679396293035804
2014-05-16 00:00:00+07:00,1733.1075439453125,1797.2967529296875,1668.91845703125,1668.91845703125,181089,0.07410794603109104,0.0019808158422106354,2014-05-16 00:00:00+07:00,0.0019808158422106354,0.0015994428105993274,0.0010189506000913946
2014-05-19 00:00:00+07:00,1733.1075439453125,1733.1075439453125,1733.1075439453125,1733.1075439453125,99549,0.0,0.0,2014-05-19 00:00:00+07:00,0.0,0.0012560804392609424,0.0009289135713663139
2014-05-20 00:00:00+07:00,1797.2967529296875,1797.2967529296875,1797.2967529296875,1797.2967529296875,23882,0.0,0.0,2014-05-20 00:00:00+07:00,0.0,0.001160674497613002,0.0009184049783627649
2014-05-21 00:00:00+07:00,1861.4859619140625,1861.4859619140625,1861.4859619140625,1861.4859619140625,1370,0.0,0.0,2014-05-21 00:00:00+07:00,0.0,0.0007645113291708747,0.0008187605047815968
2014-05-22 00:00:00+07:00,1989.8642578125,1989.8642578125,1989.8642578125,1989.8642578125,86572,0.0,0.0,2014-05-22 00:00:00+07:00,0.0,0.000396163168442127,0.0008187605047815968
2014-05-23 00:00:00+07:00,2118.24267578125,2118.24267578125,2054.053466796875,2118.24267578125,645591,0.03077167667553689,0.0003415205716695153,2014-05-23 00:00:00+07:00,0.0003415205716695153,6.830411433390289e-05,0.0007932815323278087
2014-05-26 00:00:00+07:00,2054.053466796875,2182.431884765625,1989.8642578125,2118.24267578125,99082,0.09237337425988149,0.0030775715863343225,2014-05-26 00:00:00+07:00,0.0030775715863343225,0.0006838184316007674,0.0009226625568849108
2014-05-27 00:00:00+07:00,2118.24267578125,2246.620849609375,2118.24267578125,2246.620849609375,243748,0.058840424283134816,0.001248723080364568,2014-05-27 00:00:00+07:00,0.001248723080364568,0.0009335630476736811,0.0008797782233203139
2014-05-28 00:00:00+07:00,2246.620849609375,2310.81005859375,2182.431884765625,2246.620849609375,367819,0.057158339262398744,0.0011783484946863057,2014-05-28 00:00:00+07:00,0.0011783484946863057,0.001169232746610942,0.0008879050186174545
2014-05-29 00:00:00+07:00,2182.431884765625,2310.81005859375,2118.24267578125,2182.431884765625,140039,0.08701131936152247,0.0027306501091574793,2014-05-29 00:00:00+07:00,0.0027306501091574793,0.001715362768442438,0.0010003659402934599
2014-05-30 00:00:00+07:00,2118.24267578125,2118.24267578125,2054.053466796875,2054.053466796875,296841,0.03077167667553689,0.0003415205716695153,2014-05-30 00:00:00+07:00,0.0003415205716695153,0.001715362768442438,0.0010158896026420743
2014-06-02 00:00:00+07:00,2054.053466796875,2054.053466796875,2054.053466796875,2054.053466796875,4852,0.0,0.0,2014-06-02 00:00:00+07:00,0.0,0.0010998484511755735,0.0010158896026420743
2014-06-03 00:00:00+07:00,2054.053466796875,2118.24267578125,2054.053466796875,2054.053466796875,48528,0.03077167667553689,0.0003415205716695153,2014-06-03 00:00:00+07:00,0.0003415205716695153,0.000918407949436563,0.0010314132649906886
2014-06-04 00:00:00+07:00,2054.053466796875,2118.24267578125,1925.675048828125,2054.053466796875,132592,0.09531023743243203,0.0032763753551187367,2014-06-04 00:00:00+07:00,0.0032763753551187367,0.0013380133215230492,0.0011324145961221373
2014-06-05 00:00:00+07:00,1989.8642578125,1989.8642578125,2118.24267578125,2118.24267578125,185919,-0.06252039416075765,0.0014098014807110851,2014-06-05 00:00:00+07:00,0.0014098014807110851,0.0010738435958337704,0.001182720843740305
2014-06-06 00:00:00+07:00,2118.24267578125,2118.24267578125,2054.053466796875,2118.24267578125,85201,0.03077167667553689,0.0003415205716695153,2014-06-06 00:00:00+07:00,0.0003415205716695153,0.0010738435958337704,0.0011414843660723481
2014-06-09 00:00:00+07:00,2118.24267578125,2182.431884765625,1989.8642578125,2054.053466796875,106139,0.09237337425988149,0.0030775715863343225,2014-06-09 00:00:00+07:00,0.0030775715863343225,0.001689357913100635,0.0012211193496683862
2014-06-10 00:00:00+07:00,2054.053466796875,2054.053466796875,1989.8642578125,1989.8642578125,153935,0.03174871748522073,0.00036355231984860805,2014-06-10 00:00:00+07:00,0.00036355231984860805,0.0016937642627364534,0.0011693586523740965
2014-06-11 00:00:00+07:00,2054.053466796875,2054.053466796875,1989.8642578125,2054.053466796875,119272,0.03174871748522073,0.00036355231984860805,2014-06-11 00:00:00+07:00,0.00036355231984860805,0.0011111996556824276,0.001107846855244855
2014-06-12 00:00:00+07:00,2054.053466796875,2118.24267578125,2054.053466796875,2118.24267578125,127747,0.03077167667553689,0.0003415205716695153,2014-06-12 00:00:00+07:00,0.0003415205716695153,0.0008975434738741137,0.0011016873490371192
2014-06-13 00:00:00+07:00,2118.24267578125,2118.24267578125,2054.053466796875,2054.053466796875,122746,0.03077167667553689,0.0003415205716695153,2014-06-13 00:00:00+07:00,0.0003415205716695153,0.0008975434738741137,0.0010271739276488865
2014-06-16 00:00:00+07:00,2054.053466796875,2118.24267578125,1989.8642578125,2054.053466796875,128760,0.06252039416075772,0.0014098014807110881,2014-06-16 00:00:00+07:00,0.0014098014807110881,0.0005639894527494668,0.0010075403220610386
2014-06-17 00:00:00+07:00,2118.24267578125,2182.431884765625,2054.053466796875,2182.431884765625,616490,0.06062465677466056,0.0013256019472214896,2014-06-17 00:00:00+07:00,0.0013256019472214896,0.0007563993782240431,0.0009777578722888049
2014-06-18 00:00:00+07:00,2246.620849609375,2310.81005859375,2246.620849609375,2310.81005859375,478086,0.028170895078387805,0.00028623045428693826,2014-06-18 00:00:00+07:00,0.00028623045428693826,0.0007409350051117092,0.0009907683474836655
2014-06-19 00:00:00+07:00,2182.431884765625,2310.81005859375,2182.431884765625,2182.431884765625,303228,0.057158339262398744,0.0011783484946863057,2014-06-19 00:00:00+07:00,0.0011783484946863057,0.0009083005897150672,0.0010443296426966794
2014-06-20 00:00:00+07:00,2118.24267578125,2246.620849609375,2118.24267578125,2118.24267578125,149043,0.058840424283134816,0.001248723080364568,2014-06-20 00:00:00+07:00,0.001248723080364568,0.0010897410914540778,0.0011010897827132507
2014-06-23 00:00:00+07:00,2118.24267578125,2182.431884765625,2054.053466796875,2054.053466796875,85980,0.06062465677466056,0.0013256019472214896,2014-06-23 00:00:00+07:00,0.0013256019472214896,0.001072901184756158,0.001161344416677864
2014-06-24 00:00:00+07:00,2118.24267578125,2182.431884765625,2054.053466796875,2182.431884765625,148062,0.06062465677466056,0.0013256019472214896,2014-06-24 00:00:00+07:00,0.0013256019472214896,0.001072901184756158,0.0012060753882938628
2014-06-25 00:00:00+07:00,2182.431884765625,2246.620849609375,2118.24267578125,2182.431884765625,53389,0.058840424283134816,0.001248723080364568,2014-06-25 00:00:00+07:00,0.001248723080364568,0.0012653997099716838,0.001122945910749783
2014-06-26 00:00:00+07:00,2182.431884765625,2246.620849609375,2118.24267578125,2246.620849609375,411642,0.058840424283134816,0.001248723080364568,2014-06-26 00:00:00+07:00,0.001248723080364568,0.0012794746271073366,0.001122945910749783
2014-06-27 00:00:00+07:00,2246.620849609375,2246.620849609375,2118.24267578125,2118.24267578125,172599,0.058840424283134816,0.001248723080364568,2014-06-27 00:00:00+07:00,0.001248723080364568,0.0012794746271073364,0.0011261447555533403
2014-06-30 00:00:00+07:00,2182.431884765625,2182.431884765625,2054.053466796875,2182.431884765625,123572,0.06062465677466056,0.0013256019472214896,2014-06-30 00:00:00+07:00,0.0013256019472214896,0.0012794746271073364,0.0010622789300107954
2014-07-01 00:00:00+07:00,2310.81005859375,2310.81005859375,2310.81005859375,2310.81005859375,151193,0.0,0.0,2014-07-01 00:00:00+07:00,0.0,0.0010143542376630384,0.001046755267662181
2014-07-02 00:00:00+07:00,2439.1884765625,2439.1884765625,2439.1884765625,2439.1884765625,75776,0.0,0.0,2014-07-02 00:00:00+07:00,0.0,0.0007646096215901249,0.001046755267662181
2014-07-03 00:00:00+07:00,2567.56689453125,2567.56689453125,2567.56689453125,2567.56689453125,23804,0.0,0.0,2014-07-03 00:00:00+07:00,0.0,0.0005148650055172113,0.0010312316053135667
2014-07-04 00:00:00+07:00,2695.945068359375,2695.945068359375,2695.945068359375,2695.945068359375,312856,0.0,0.0,2014-07-04 00:00:00+07:00,0.0,0.00026512038944429776,0.0008823054528081697
2014-07-07 00:00:00+07:00,2824.323486328125,2824.323486328125,2695.945068359375,2824.323486328125,1580562,0.046520044448946904,0.0007805393270819331,2014-07-07 00:00:00+07:00,0.0007805393270819331,0.00015610786541638645,0.0008537026276432083
2014-07-08 00:00:00+07:00,2888.5126953125,2952.701904296875,2695.945068359375,2760.13427734375,537318,0.09097183332826415,0.002984890760292775,2014-07-08 00:00:00+07:00,0.002984890760292775,0.0007530860174749414,0.0009738558180351745
2014-07-09 00:00:00+07:00,2824.323486328125,2952.701904296875,2760.13427734375,2952.701904296875,446181,0.06744132117599563,0.001640463933752683,2014-07-09 00:00:00+07:00,0.001640463933752683,0.001081178804225478,0.0009085327429178273
2014-07-10 00:00:00+07:00,3016.89111328125,3145.269287109375,2952.701904296875,3016.89111328125,470749,0.06317885943591647,0.0014396539405955539,2014-07-10 00:00:00+07:00,0.0014396539405955539,0.0013691095923445888,0.0009574464529517793
2014-07-11 00:00:00+07:00,2952.701904296875,3016.89111328125,2824.323486328125,2888.5126953125,348376,0.0659580064148899,0.0015690962656416726,2014-07-11 00:00:00+07:00,0.0015690962656416726,0.0016829288454729232,0.0010122439050332824
2014-07-14 00:00:00+07:00,2824.323486328125,2888.5126953125,2760.13427734375,2888.5126953125,246256,0.0454624015952953,0.0007454513329846702,2014-07-14 00:00:00+07:00,0.0007454513329846702,0.0016759112466534706,0.0010306043941839711
2014-07-15 00:00:00+07:00,2888.5126953125,2952.701904296875,2824.323486328125,2888.5126953125,219585,0.04445178887931721,0.0007126774767283723,2014-07-15 00:00:00+07:00,0.0007126774767283723,0.0012214685899405902,0.0010474751625957374
2014-07-16 00:00:00+07:00,2888.5126953125,2952.701904296875,2760.13427734375,2760.13427734375,198740,0.06744132117599563,0.001640463933752683,2014-07-16 00:00:00+07:00,0.001640463933752683,0.0012214685899405902,0.0010579598195521735
2014-07-17 00:00:00+07:00,2760.13427734375,2824.323486328125,2695.945068359375,2760.13427734375,166788,0.046520044448946904,0.0007805393270819331,2014-07-17 00:00:00+07:00,0.0007805393270819331,0.001089645667237866,0.0010331842459094663
2014-07-18 00:00:00+07:00,2695.945068359375,2760.13427734375,2567.56689453125,2631.755859375,539203,0.07232061293078262,0.0018864215282744536,2014-07-18 00:00:00+07:00,0.0018864215282744536,0.0011531107197644223,0.0011059202038179899
2014-07-21 00:00:00+07:00,2695.945068359375,2695.945068359375,2695.945068359375,2695.945068359375,234915,0.0,0.0,2014-07-21 00:00:00+07:00,0.0,0.0010040204531674881,0.001052358908604976
2014-07-22 00:00:00+07:00,2760.13427734375,2695.945068359375,2695.945068359375,2695.945068359375,188957,0.0,0.0,2014-07-22 00:00:00+07:00,0.0,0.0008614849578218138,0.0009955987685884048
2014-07-23 00:00:00+07:00,2695.945068359375,2695.945068359375,2695.945068359375,2695.945068359375,164498,0.0,0.0,2014-07-23 00:00:00+07:00,0.0,0.0005333921710712772,0.0009353441346237915
2014-07-24 00:00:00+07:00,2695.945068359375,2695.945068359375,2695.945068359375,2695.945068359375,225427,0.0,0.0,2014-07-24 00:00:00+07:00,0.0,0.0003772843056548906,0.0008750895006591784
2014-07-25 00:00:00+07:00,2695.945068359375,2631.755859375,2631.755859375,2631.755859375,158032,0.0,0.0,2014-07-25 00:00:00+07:00,0.0,0.0,0.000818329360642607
2014-07-28 00:00:00+07:00,2567.56689453125,2503.377685546875,2503.377685546875,2503.377685546875,273052,0.0,0.0,2014-07-28 00:00:00+07:00,0.0,0.0,0.0007615692206260359
2014-07-29 00:00:00+07:00,2439.1884765625,2503.377685546875,2503.377685546875,2503.377685546875,130972,0.0,0.0,2014-07-29 00:00:00+07:00,0.0,0.0,0.0007048090806094645
2014-07-30 00:00:00+07:00,2503.377685546875,2567.56689453125,2567.56689453125,2567.56689453125,199566,0.0,0.0,2014-07-30 00:00:00+07:00,0.0,0.0,0.0006445544466448513
2014-07-31 00:00:00+07:00,2631.755859375,2631.755859375,2631.755859375,2631.755859375,128635,0.0,0.0,2014-07-31 00:00:00+07:00,0.0,0.0,0.0006445544466448513
2014-08-01 00:00:00+07:00,2631.755859375,2503.377685546875,2503.377685546875,2503.377685546875,70962,0.0,0.0,2014-08-01 00:00:00+07:00,0.0,0.0,0.0006445544466448513
2014-08-04 00:00:00+07:00,2503.377685546875,2503.377685546875,2503.377685546875,2503.377685546875,79203,0.0,0.0,2014-08-04 00:00:00+07:00,0.0,0.0,0.0006445544466448513
2014-08-05 00:00:00+07:00,2503.377685546875,2631.755859375,2631.755859375,2631.755859375,228480,0.0,0.0,2014-08-05 00:00:00+07:00,0.0,0.0,0.0006445544466448513
2014-08-06 00:00:00+07:00,2631.755859375,2567.56689453125,2567.56689453125,2567.56689453125,237547,0.0,0.0,2014-08-06 00:00:00+07:00,0.0,0.0,0.0006090753863229453
2014-08-07 00:00:00+07:00,2567.56689453125,2503.377685546875,2503.377685546875,2503.377685546875,111685,0.0,0.0,2014-08-07 00:00:00+07:00,0.0,0.0,0.0004733985335823646
2014-08-08 00:00:00+07:00,2567.56689453125,2631.755859375,2631.755859375,2631.755859375,112822,0.0,0.0,2014-08-08 00:00:00+07:00,0.0,0.0,0.0003988319911390608
2014-08-11 00:00:00+07:00,2631.755859375,2631.755859375,2631.755859375,2631.755859375,56006,0.0,0.0,2014-08-11 00:00:00+07:00,0.0,0.0,0.0003333931756574447
2014-08-12 00:00:00+07:00,2567.56689453125,2567.56689453125,2567.56689453125,2567.56689453125,94159,0.0,0.0,2014-08-12 00:00:00+07:00,0.0,0.0,0.0002620706181282778
2014-08-13 00:00:00+07:00,2631.755859375,2631.755859375,2631.755859375,2631.755859375,57268,0.0,0.0,2014-08-13 00:00:00+07:00,0.0,0.0,0.00022818646662897465
2014-08-14 00:00:00+07:00,2631.755859375,2567.56689453125,2567.56689453125,2567.56689453125,58919,0.0,0.0,2014-08-14 00:00:00+07:00,0.0,0.0,0.00019579203586859412
2014-08-15 00:00:00+07:00,2567.56689453125,2631.755859375,2631.755859375,2631.755859375,85154,0.0,0.0,2014-08-15 00:00:00+07:00,0.0,0.0,0.00012122549342529031
2014-08-18 00:00:00+07:00,2631.755859375,2567.56689453125,2567.56689453125,2567.56689453125,110267,0.0,0.0,2014-08-18 00:00:00+07:00,0.0,0.0,8.574643310338427e-05
2014-08-19 00:00:00+07:00,2567.56689453125,2695.945068359375,2695.945068359375,2695.945068359375,679086,0.0,0.0,2014-08-19 00:00:00+07:00,0.0,0.0,0.0
2014-08-20 00:00:00+07:00,2695.945068359375,2824.323486328125,2824.323486328125,2824.323486328125,470795,0.0,0.0,2014-08-20 00:00:00+07:00,0.0,0.0,0.0
2014-08-21 00:00:00+07:00,2824.323486328125,2631.755859375,2631.755859375,2631.755859375,308167,0.0,0.0,2014-08-21 00:00:00+07:00,0.0,0.0,0.0
2014-08-22 00:00:00+07:00,2631.755859375,2695.945068359375,2695.945068359375,2695.945068359375,810479,0.0,0.0,2014-08-22 00:00:00+07:00,0.0,0.0,0.0
2014-08-25 00:00:00+07:00,2760.13427734375,2824.323486328125,2824.323486328125,2824.323486328125,629015,0.0,0.0,2014-08-25 00:00:00+07:00,0.0,0.0,0.0
2014-08-26 00:00:00+07:00,2888.5126953125,2824.323486328125,2824.323486328125,2824.323486328125,446523,0.0,0.0,2014-08-26 00:00:00+07:00,0.0,0.0,0.0
2014-08-27 00:00:00+07:00,2760.13427734375,2760.13427734375,2760.13427734375,2760.13427734375,282586,0.0,0.0,2014-08-27 00:00:00+07:00,0.0,0.0,0.0
2014-08-28 00:00:00+07:00,2824.323486328125,2760.13427734375,2760.13427734375,2760.13427734375,208321,0.0,0.0,2014-08-28 00:00:00+07:00,0.0,0.0,0.0
2014-08-29 00:00:00+07:00,2760.13427734375,2824.323486328125,2824.323486328125,2824.323486328125,254326,0.0,0.0,2014-08-29 00:00:00+07:00,0.0,0.0,0.0
2014-09-01 00:00:00+07:00,2824.323486328125,2824.323486328125,2824.323486328125,2824.323486328125,0,0.0,0.0,2014-09-01 00:00:00+07:00,0.0,0.0,0.0
2014-09-02 00:00:00+07:00,2824.323486328125,2824.323486328125,2824.323486328125,2824.323486328125,0,0.0,0.0,2014-09-02 00:00:00+07:00,0.0,0.0,0.0
2014-09-03 00:00:00+07:00,2824.323486328125,3016.89111328125,2824.323486328125,3016.89111328125,741480,0.0659580064148899,0.0015690962656416726,2014-09-03 00:00:00+07:00,0.0015690962656416726,0.00031381925312833433,7.132255752916694e-05
2014-09-04 00:00:00+07:00,3081.080078125,3081.080078125,3016.89111328125,3016.89111328125,378521,0.021053341760685833,0.00015986619138166758,2014-09-04 00:00:00+07:00,0.00015986619138166758,0.00034579249140466786,7.858920259197e-05
2014-09-05 00:00:00+07:00,3016.89111328125,3016.89111328125,3016.89111328125,3016.89111328125,250384,0.0,0.0,2014-09-05 00:00:00+07:00,0.0,0.00034579249140466786,7.858920259197e-05
2014-09-08 00:00:00+07:00,2952.701904296875,2952.701904296875,2888.5126953125,2888.5126953125,318480,0.021978919580700303,0.00017423172144502206,2014-09-08 00:00:00+07:00,0.00017423172144502206,0.0003806388356936723,8.650882629401646e-05
2014-09-09 00:00:00+07:00,2952.701904296875,2952.701904296875,2760.13427734375,2760.13427734375,577729,0.06744132117599563,0.001640463933752683,2014-09-09 00:00:00+07:00,0.001640463933752683,0.0007087316224442089,0.00016107536873732024
2014-09-10 00:00:00+07:00,2760.13427734375,2824.323486328125,2760.13427734375,2824.323486328125,331099,0.022989532296678473,0.00019062278908538202,2014-09-10 00:00:00+07:00,0.00019062278908538202,0.0004330369271329508,0.00016974004096847399
2014-09-11 00:00:00+07:00,2695.945068359375,2760.13427734375,2760.13427734375,2760.13427734375,235351,0.0,0.0,2014-09-11 00:00:00+07:00,0.0,0.00040106368885661726,0.00016974004096847399
2014-09-12 00:00:00+07:00,2760.13427734375,2888.5126953125,2888.5126953125,2888.5126953125,277912,0.0,0.0,2014-09-12 00:00:00+07:00,0.0,0.00040106368885661726,0.00016974004096847399
2014-09-15 00:00:00+07:00,2888.5126953125,2824.323486328125,2824.323486328125,2824.323486328125,273441,0.0,0.0,2014-09-15 00:00:00+07:00,0.0,0.00036621734456761284,0.00016974004096847399
2014-09-16 00:00:00+07:00,2760.13427734375,2824.323486328125,2760.13427734375,2824.323486328125,293647,0.022989532296678473,0.00019062278908538202,2014-09-16 00:00:00+07:00,0.00019062278908538202,7.624911563415264e-05,0.0001784047131996277
2014-09-17 00:00:00+07:00,2824.323486328125,2760.13427734375,2760.13427734375,2760.13427734375,282321,0.0,0.0,2014-09-17 00:00:00+07:00,0.0,3.812455781707623e-05,0.0001784047131996277
2014-09-18 00:00:00+07:00,2760.13427734375,2695.945068359375,2695.945068359375,2695.945068359375,401983,0.0,0.0,2014-09-18 00:00:00+07:00,0.0,3.812455781707623e-05,0.0001784047131996277
2014-09-19 00:00:00+07:00,2695.945068359375,2760.13427734375,2695.945068359375,2760.13427734375,93551,0.023530512152268278,0.00019969965170339496,2014-09-19 00:00:00+07:00,0.00019969965170339496,7.806448815775522e-05,0.00018748197009523654
2014-09-22 00:00:00+07:00,2824.323486328125,2824.323486328125,2695.945068359375,2695.945068359375,82786,0.046520044448946904,0.0007805393270819331,2014-09-22 00:00:00+07:00,0.0007805393270819331,0.00023417235357414183,0.0002229610304171426
2014-09-23 00:00:00+07:00,2695.945068359375,2695.945068359375,2695.945068359375,2695.945068359375,203040,0.0,0.0,2014-09-23 00:00:00+07:00,0.0,0.00019604779575706541,0.0002229610304171426
2014-09-24 00:00:00+07:00,2760.13427734375,2760.13427734375,2695.945068359375,2695.945068359375,104986,0.023530512152268278,0.00019969965170339496,2014-09-24 00:00:00+07:00,0.00019969965170339496,0.00023598772609774443,0.00023203828731275147
2014-09-25 00:00:00+07:00,2695.945068359375,2695.945068359375,2695.945068359375,2695.945068359375,85341,0.0,0.0,2014-09-25 00:00:00+07:00,0.0,0.00023598772609774443,0.00023203828731275147
2014-09-26 00:00:00+07:00,2760.13427734375,2760.13427734375,2695.945068359375,2695.945068359375,74981,0.023530512152268278,0.00019969965170339496,2014-09-26 00:00:00+07:00,0.00019969965170339496,0.00023598772609774443,0.0002411155442083603
2014-09-29 00:00:00+07:00,2695.945068359375,2695.945068359375,2695.945068359375,2695.945068359375,103896,0.0,0.0,2014-09-29 00:00:00+07:00,0.0,7.987986068135783e-05,0.0002411155442083603
2014-09-30 00:00:00+07:00,2695.945068359375,2695.945068359375,2631.755859375,2631.755859375,260511,0.02409756704026063,0.0002094406330812578,2014-09-30 00:00:00+07:00,0.0002094406330812578,0.00012176798729760939,0.0002506355729847811
2014-10-01 00:00:00+07:00,2631.755859375,2695.945068359375,2631.755859375,2695.945068359375,142485,0.02409756704026063,0.0002094406330812578,2014-10-01 00:00:00+07:00,0.0002094406330812578,0.00012371618357318197,0.00026015560176120194
2014-10-02 00:00:00+07:00,2760.13427734375,2760.13427734375,2695.945068359375,2695.945068359375,165619,0.023530512152268278,0.00019969965170339496,2014-10-02 00:00:00+07:00,0.00019969965170339496,0.00016365611391386096,0.0002692328586568108
2014-10-03 00:00:00+07:00,2695.945068359375,2760.13427734375,2695.945068359375,2760.13427734375,169374,0.023530512152268278,0.00019969965170339496,2014-10-03 00:00:00+07:00,0.00019969965170339496,0.00016365611391386096,0.00020698755802325274
2014-10-06 00:00:00+07:00,2760.13427734375,2760.13427734375,2760.13427734375,2760.13427734375,270949,0.0,0.0,2014-10-06 00:00:00+07:00,0.0,0.00016365611391386094,0.0001997209129604497
2014-10-07 00:00:00+07:00,2824.323486328125,2952.701904296875,2824.323486328125,2952.701904296875,1364093,0.04445178887931721,0.0007126774767283723,2014-10-07 00:00:00+07:00,0.0007126774767283723,0.00026430348264328387,0.00023211534372083022
2014-10-08 00:00:00+07:00,3016.89111328125,3081.080078125,3016.89111328125,3081.080078125,725309,0.021053341760685833,0.00015986619138166758,2014-10-08 00:00:00+07:00,0.00015986619138166758,0.00025438859430336583,0.00023146236508158683
2014-10-09 00:00:00+07:00,3081.080078125,3081.080078125,2888.5126953125,2888.5126953125,237236,0.0645384788769588,0.0015022838484269926,2014-10-09 00:00:00+07:00,0.0015022838484269926,0.0005149054336480854,0.0002251814521122373
2014-10-10 00:00:00+07:00,2888.5126953125,2888.5126953125,2824.323486328125,2824.323486328125,303150,0.022472869298616957,0.0001821510166515942,2014-10-10 00:00:00+07:00,0.0001821510166515942,0.0005113957066377251,0.0002247963715470651
2014-10-13 00:00:00+07:00,2824.323486328125,2824.323486328125,2824.323486328125,2824.323486328125,230521,0.0,0.0,2014-10-13 00:00:00+07:00,0.0,0.0005113957066377251,0.0002247963715470651
2014-10-14 00:00:00+07:00,2824.323486328125,3016.89111328125,2824.323486328125,3016.89111328125,941249,0.0659580064148899,0.0015690962656416726,2014-10-14 00:00:00+07:00,0.0015690962656416726,0.0006826794644203852,0.000296118929076232
2014-10-15 00:00:00+07:00,3209.45849609375,3209.45849609375,3209.45849609375,3209.45849609375,380204,0.0,0.0,2014-10-15 00:00:00+07:00,0.0,0.0006507062261440516,0.000296118929076232
2014-10-16 00:00:00+07:00,3402.026123046875,3402.026123046875,3402.026123046875,3402.026123046875,1332280,0.0,0.0,2014-10-16 00:00:00+07:00,0.0,0.0003502494564586532,0.0002874542568450783
2014-10-17 00:00:00+07:00,3402.026123046875,3402.026123046875,3273.647705078125,3273.647705078125,1474672,0.038466303341773034,0.0005336732710886842,2014-10-17 00:00:00+07:00,0.0005336732710886842,0.00042055390734607127,0.00031171213280365486
2014-10-20 00:00:00+07:00,3402.026123046875,3402.026123046875,3337.8369140625,3337.8369140625,311765,0.019048206011202447,0.00013086475802732856,2014-10-20 00:00:00+07:00,0.00013086475802732856,0.00044672685895153695,0.0003176605308958061
2014-10-21 00:00:00+07:00,3273.647705078125,3273.647705078125,3145.269287109375,3145.269287109375,415880,0.04000535896555249,0.0005772326537741365,2014-10-21 00:00:00+07:00,0.0005772326537741365,0.0002483541365780297,0.00033482112189902165
2014-10-22 00:00:00+07:00,3145.269287109375,3145.269287109375,3145.269287109375,3145.269287109375,276900,0.0,0.0,2014-10-22 00:00:00+07:00,0.0,0.0002483541365780297,0.0002993420615771156
2014-10-23 00:00:00+07:00,3145.269287109375,3337.8369140625,3145.269287109375,3337.8369140625,761312,0.05942345629612322,0.0012735921234378748,2014-10-23 00:00:00+07:00,0.0012735921234378748,0.0005030725612656048,0.00035723261264247356
2014-10-24 00:00:00+07:00,3337.8369140625,3337.8369140625,3145.269287109375,3145.269287109375,363986,0.05942345629612322,0.0012735921234378748,2014-10-24 00:00:00+07:00,0.0012735921234378748,0.0006510563317354428,0.0004060459068122226
2014-10-27 00:00:00+07:00,3145.269287109375,3145.269287109375,2952.701904296875,2952.701904296875,357007,0.06317885943591647,0.0014396539405955539,2014-10-27 00:00:00+07:00,0.0014396539405955539,0.0009128141682490879,0.0004714847222938387
2014-10-28 00:00:00+07:00,2952.701904296875,3145.269287109375,2952.701904296875,3145.269287109375,479239,0.06317885943591647,0.0014396539405955539,2014-10-28 00:00:00+07:00,0.0014396539405955539,0.0010852984256133713,0.000527846280879846
2014-10-29 00:00:00+07:00,3209.45849609375,3209.45849609375,3209.45849609375,3209.45849609375,293523,0.0,0.0,2014-10-29 00:00:00+07:00,0.0,0.0010852984256133713,0.000527846280879846
2014-10-30 00:00:00+07:00,3145.269287109375,3145.269287109375,3081.080078125,3081.080078125,48123,0.020619300139658025,0.0001533424466596863,2014-10-30 00:00:00+07:00,0.0001533424466596863,0.0008612484902577337,0.0005252963633152291
2014-10-31 00:00:00+07:00,3081.080078125,3273.647705078125,3081.080078125,3273.647705078125,329510,0.06062465910521055,0.0013256020491398126,2014-10-31 00:00:00+07:00,0.0013256020491398126,0.0008716504753981212,0.0005760309731360724
2014-11-03 00:00:00+07:00,3273.647705078125,3273.647705078125,3145.269287109375,3145.269287109375,365310,0.04000535896555249,0.0005772326537741365,2014-11-03 00:00:00+07:00,0.0005772326537741365,0.0006991662180338377,0.000593191564139288
2014-11-04 00:00:00+07:00,3145.269287109375,3209.45849609375,3145.269287109375,3209.45849609375,436974,0.02020271973696472,0.00014720895367439422,2014-11-04 00:00:00+07:00,0.00014720895367439422,0.0004406772206496059,0.000590805623319788
2014-11-05 00:00:00+07:00,3145.269287109375,3145.269287109375,3145.269287109375,3145.269287109375,370592,0.0,0.0,2014-11-05 00:00:00+07:00,0.0,0.0004406772206496058,0.000590805623319788
2014-11-06 00:00:00+07:00,3145.269287109375,3145.269287109375,3081.080078125,3081.080078125,430913,0.020619300139658025,0.0001533424466596863,2014-11-06 00:00:00+07:00,0.0001533424466596863,0.0004406772206496058,0.0005653813037712114
2014-11-07 00:00:00+07:00,3081.080078125,3209.45849609375,3081.080078125,3209.45849609375,803375,0.04082201987662276,0.0006010402096208432,2014-11-07 00:00:00+07:00,0.0006010402096208432,0.0002957648527458119,0.0005854346682366284
2014-11-10 00:00:00+07:00,3273.647705078125,3273.647705078125,3273.647705078125,3273.647705078125,866189,0.0,0.0,2014-11-10 00:00:00+07:00,0.0,0.0001803183219909846,0.0005171490387626741
2014-11-11 00:00:00+07:00,3273.647705078125,3273.647705078125,3145.269287109375,3145.269287109375,298368,0.04000535896555249,0.0005772326537741365,2014-11-11 00:00:00+07:00,0.0005772326537741365,0.00026632306201093307,0.0005351072949955171
2014-11-12 00:00:00+07:00,3145.269287109375,3209.45849609375,3145.269287109375,3209.45849609375,184548,0.02020271973696472,0.00014720895367439422,2014-11-12 00:00:00+07:00,0.00014720895367439422,0.0002957648527458119,0.0005417986110716259
2014-11-13 00:00:00+07:00,3209.45849609375,3273.647705078125,3209.45849609375,3273.647705078125,337517,0.019802639228587663,0.00014143623872956275,2014-11-13 00:00:00+07:00,0.00014143623872956275,0.0002933836111597872,0.0004769049734847118
2014-11-14 00:00:00+07:00,3209.45849609375,3209.45849609375,3209.45849609375,3209.45849609375,122185,0.0,0.0,2014-11-14 00:00:00+07:00,0.0,0.00017317556923561854,0.0004769049734847118
2014-11-17 00:00:00+07:00,3209.45849609375,3402.026123046875,3209.45849609375,3402.026123046875,1216170,0.05826894257036081,0.0012245846782227422,2014-11-17 00:00:00+07:00,0.0012245846782227422,0.000418092504880167,0.0005325679134039273
2014-11-18 00:00:00+07:00,3466.215087890625,3594.593505859375,3466.215087890625,3594.593505859375,1801877,0.03636766681048886,0.0004770297082397028,2014-11-18 00:00:00+07:00,0.0004770297082397028,0.00039805191577328025,0.0005299932060017009
2014-11-19 00:00:00+07:00,3594.593505859375,3722.971923828125,3594.593505859375,3722.971923828125,918270,0.035091340889530795,0.00044413446377668736,2014-11-19 00:00:00+07:00,0.00044413446377668736,0.0004574370177937388,0.0005442327380812172
2014-11-20 00:00:00+07:00,3722.971923828125,3979.728515625,3722.971923828125,3979.728515625,2261238,0.06669135122948099,0.0016041817861904087,2014-11-20 00:00:00+07:00,0.0016041817861904087,0.000749986127285908,0.0005909122441001386
2014-11-21 00:00:00+07:00,4108.10693359375,4108.10693359375,3851.35009765625,3851.35009765625,1651181,0.06453856075689528,0.0015022876603229733,2014-11-21 00:00:00+07:00,0.0015022876603229733,0.0010504436593505027,0.000659198046842092
2014-11-24 00:00:00+07:00,3851.35009765625,3851.35009765625,3658.78271484375,3658.78271484375,1120002,0.05129326102390914,0.0009489321677473593,2014-11-24 00:00:00+07:00,0.0009489321677473593,0.0009953131572554262,0.0006444407761288868
2014-11-25 00:00:00+07:00,3658.78271484375,3851.35009765625,3658.78271484375,3851.35009765625,1444651,0.05129326102390914,0.0009489321677473593,2014-11-25 00:00:00+07:00,0.0009489321677473593,0.0010896936491569572,0.0006296835054156816
2014-11-26 00:00:00+07:00,3979.728515625,4043.917724609375,3979.728515625,4043.917724609375,2558858,0.01600035108390944,9.233653471747098e-05,2014-11-26 00:00:00+07:00,9.233653471747098e-05,0.001019334063345114,0.000568441805148496
2014-11-27 00:00:00+07:00,4043.917724609375,4172.2958984375,4043.917724609375,4172.2958984375,1144647,0.03125250356550337,0.0003522769068766815,2014-11-27 00:00:00+07:00,0.0003522769068766815,0.0007689530874823687,0.0005190155763430927
2014-11-28 00:00:00+07:00,4108.10693359375,4300.67431640625,4108.10693359375,4300.67431640625,2036823,0.04580950587330145,0.0007568777913302625,2014-11-28 00:00:00+07:00,0.0007568777913302625,0.0006198711136838266,0.00055341911231265
2014-12-01 00:00:00+07:00,4300.67431640625,4557.43115234375,4300.67431640625,4557.43115234375,1572975,0.05798729283050994,0.0012127749430845837,2014-12-01 00:00:00+07:00,0.0012127749430845837,0.0006726396687512714,0.0006015751348774181
2014-12-02 00:00:00+07:00,4749.99853515625,4814.18798828125,4749.99853515625,4814.18798828125,1864940,0.013423079268560673,6.4985858019544e-05,2014-12-02 00:00:00+07:00,6.4985858019544e-05,0.0004958504068057083,0.0005442743989174059
2014-12-03 00:00:00+07:00,5006.75537109375,5006.75537109375,4878.376953125,4878.376953125,2310779,0.025975501801864014,0.00024335621379631666,2014-12-03 00:00:00+07:00,0.00024335621379631666,0.0005260543426214775,0.0005290981971002323
2014-12-04 00:00:00+07:00,4814.18798828125,4814.18798828125,4557.43115234375,4557.43115234375,1068139,0.054808267922604,0.0010834445832446668,2014-12-04 00:00:00+07:00,0.0010834445832446668,0.0006722878778950745,0.0005716543620806992
2014-12-05 00:00:00+07:00,4429.052734375,4493.24169921875,4429.052734375,4493.24169921875,706707,0.014388691779138985,7.467189397921705e-05,2014-12-05 00:00:00+07:00,7.467189397921705e-05,0.0005358466984248654,0.0005750485390797546
2014-12-08 00:00:00+07:00,4493.24169921875,4493.24169921875,4300.67431640625,4300.67431640625,1217495,0.04380259508537023,0.0006920129627674972,2014-12-08 00:00:00+07:00,0.0006920129627674972,0.0004316943023614482,0.0005995335625392004
2014-12-09 00:00:00+07:00,4300.67431640625,4300.67431640625,4043.917724609375,4043.917724609375,694244,0.06155787227461282,0.0013667269179095472,2014-12-09 00:00:00+07:00,0.0013667269179095472,0.0006920425143394488,0.0006343375038250506
2014-12-10 00:00:00+07:00,3851.35009765625,4108.10693359375,3851.35009765625,4108.10693359375,825949,0.06453856075689528,0.0015022876603229733,2014-12-10 00:00:00+07:00,0.0015022876603229733,0.0009438288036447801,0.000702623306567004
2014-12-11 00:00:00+07:00,3979.728515625,3979.728515625,3979.728515625,3979.728515625,499258,0.0,0.0,2014-12-11 00:00:00+07:00,0.0,0.0007271398869958468,0.0006763854586681796
2014-12-12 00:00:00+07:00,3851.35009765625,3915.539306640625,3851.35009765625,3915.539306640625,445215,0.016529312343164633,9.85426234862489e-05,2014-12-12 00:00:00+07:00,9.85426234862489e-05,0.0007319140328972531,0.0006741733527505366
2014-12-15 00:00:00+07:00,3915.539306640625,4172.2958984375,3915.539306640625,4172.2958984375,256180,0.06351338557792269,0.0014549399682730912,2014-12-15 00:00:00+07:00,0.0014549399682730912,0.0008844994339983718,0.0007338780677297878
2014-12-16 00:00:00+07:00,4172.2958984375,4172.2958984375,4172.2958984375,4172.2958984375,437410,0.0,0.0,2014-12-16 00:00:00+07:00,0.0,0.0006111540504164625,0.0007338780677297878
2014-12-17 00:00:00+07:00,4172.2958984375,4172.2958984375,4108.10693359375,4108.10693359375,508917,0.015504137164191942,8.669813423027016e-05,2014-12-17 00:00:00+07:00,8.669813423027016e-05,0.00032803614519792186,0.0006821559520937665
2014-12-18 00:00:00+07:00,4043.917724609375,4043.917724609375,4043.917724609375,4043.917724609375,247097,0.0,0.0,2014-12-18 00:00:00+07:00,0.0,0.00032803614519792186,0.0006604727835374163
2014-12-19 00:00:00+07:00,4043.917724609375,4043.917724609375,3851.35009765625,3851.35009765625,561605,0.048790194355583794,0.000858577778291118,2014-12-19 00:00:00+07:00,0.000858577778291118,0.00048004317615889567,0.0006793111160153449
2014-12-22 00:00:00+07:00,3851.35009765625,3979.728515625,3851.35009765625,3979.728515625,257956,0.03278984327167437,0.00038778698519425955,2014-12-22 00:00:00+07:00,0.00038778698519425955,0.00026661257954312936,0.0006240204432427927
2014-12-23 00:00:00+07:00,3979.728515625,3979.728515625,3915.539306640625,3915.539306640625,242875,0.01626053092850987,9.536389726905898e-05,2014-12-23 00:00:00+07:00,9.536389726905898e-05,0.00028568535899694116,0.0005600693631039785
2014-12-24 00:00:00+07:00,3851.35009765625,4043.917724609375,3851.35009765625,4043.917724609375,125348,0.048790194355583794,0.000858577778291118,2014-12-24 00:00:00+07:00,0.000858577778291118,0.00044006128780911075,0.0005559623454014221
2014-12-25 00:00:00+07:00,3915.539306640625,3915.539306640625,3787.1611328125,3787.1611328125,116187,0.033336376938428794,0.0004008218090432302,2014-12-25 00:00:00+07:00,0.0004008218090432302,0.0005202256496177568,0.0005310482381875979
2014-12-26 00:00:00+07:00,3851.35009765625,3851.35009765625,3594.593505859375,3594.593505859375,464533,0.06899284884733757,0.0017168118566919244,2014-12-26 00:00:00+07:00,0.0017168118566919244,0.0006918724652979181,0.0006048880255500732
2014-12-29 00:00:00+07:00,3466.215087890625,3466.215087890625,3402.026123046875,3402.026123046875,431723,0.01869207320939994,0.00012601710382177282,2014-12-29 00:00:00+07:00,0.00012601710382177282,0.0006395184890234207,0.0005946034890475773
2014-12-30 00:00:00+07:00,3273.647705078125,3530.404296875,3273.647705078125,3530.404296875,424806,0.07550752674499121,0.002056340541751829,2014-12-30 00:00:00+07:00,0.002056340541751829,0.0010317138179199747,0.000653669977703103
2014-12-31 00:00:00+07:00,3530.404296875,3722.971923828125,3530.404296875,3722.971923828125,526023,0.053109857506201404,0.001017336953621598,2014-12-31 00:00:00+07:00,0.001017336953621598,0.0010634656529860706,0.0006447864327275127
2015-01-01 00:00:00+07:00,3722.971923828125,3722.971923828125,3722.971923828125,3722.971923828125,0,0.0,0.0,2015-01-01 00:00:00+07:00,0.0,0.0009833012911774246,0.0006418325300902608
2015-01-02 00:00:00+07:00,3722.971923828125,3722.971923828125,3722.971923828125,3722.971923828125,0,0.0,0.0,2015-01-02 00:00:00+07:00,0.0,0.0006399389198390398,0.0006307708840086099
2015-01-05 00:00:00+07:00,3851.35009765625,3851.35009765625,3787.1611328125,3787.1611328125,228465,0.016807064595264144,0.000101882193360863,2015-01-05 00:00:00+07:00,0.000101882193360863,0.0006351119377468578,0.0005861544117411644
2015-01-06 00:00:00+07:00,3722.971923828125,3851.35009765625,3722.971923828125,3851.35009765625,328653,0.03390150795780658,0.00041452676792422846,2015-01-06 00:00:00+07:00,0.00041452676792422846,0.0003067491829813377,0.0006016023605568468
2015-01-07 00:00:00+07:00,3787.1611328125,3787.1611328125,3787.1611328125,3787.1611328125,160541,0.0,0.0,2015-01-07 00:00:00+07:00,0.0,0.00010328179225701812,0.0005701472258855968
2015-01-08 00:00:00+07:00,3915.539306640625,3915.539306640625,3787.1611328125,3787.1611328125,163469,0.033336376938428794,0.0004008218090432302,2015-01-08 00:00:00+07:00,0.0004008218090432302,0.00018344615406566415,0.0005262424482098552
2015-01-09 00:00:00+07:00,3787.1611328125,3915.539306640625,3787.1611328125,3915.539306640625,263517,0.033336376938428794,0.0004008218090432302,2015-01-09 00:00:00+07:00,0.0004008218090432302,0.0002636105158743102,0.00047617581860623045
2015-01-12 00:00:00+07:00,3915.539306640625,3915.539306640625,3851.35009765625,3851.35009765625,206685,0.016529312343164633,9.85426234862489e-05,2015-01-12 00:00:00+07:00,9.85426234862489e-05,0.0002629426018993874,0.0004806550287646963
2015-01-13 00:00:00+07:00,3787.1611328125,3979.728515625,3787.1611328125,3979.728515625,226284,0.04959690786693876,0.0008872045284720295,2015-01-13 00:00:00+07:00,0.0008872045284720295,0.00035747815400894757,0.0005165032971731409
2015-01-14 00:00:00+07:00,3979.728515625,3979.728515625,3851.35009765625,3851.35009765625,234354,0.03278984327167437,0.00038778698519425955,2015-01-14 00:00:00+07:00,0.00038778698519425955,0.0004350355510477995,0.00046799634339683043
2015-01-15 00:00:00+07:00,3915.539306640625,3915.539306640625,3915.539306640625,3915.539306640625,48699,0.0,0.0,2015-01-15 00:00:00+07:00,0.0,0.00035487118923915347,0.00046799634339683043
2015-01-16 00:00:00+07:00,3915.539306640625,3915.539306640625,3722.971923828125,3722.971923828125,36579,0.050430820300971124,0.0009172899016101864,2015-01-16 00:00:00+07:00,0.0009172899016101864,0.0004581648077525447,0.0005057505146413721
2015-01-19 00:00:00+07:00,3787.1611328125,3787.1611328125,3530.404296875,3530.404296875,234011,0.07020430086874377,0.0017776325139516507,2015-01-19 00:00:00+07:00,0.0017776325139516507,0.000793982785845625,0.0005865519925482652
2015-01-20 00:00:00+07:00,3658.78271484375,3722.971923828125,3658.78271484375,3722.971923828125,306843,0.017391753066102574,0.00010909410122246381,2015-01-20 00:00:00+07:00,0.00010909410122246381,0.000638360700395712,0.0005524845526815083
2015-01-21 00:00:00+07:00,3979.728515625,3979.728515625,3979.728515625,3979.728515625,428795,0.0,0.0,2015-01-21 00:00:00+07:00,0.0,0.00056080330335686,0.0005348578715363146
2015-01-22 00:00:00+07:00,4108.10693359375,4108.10693359375,3851.35009765625,3851.35009765625,188988,0.06453856075689528,0.0015022876603229733,2015-01-22 00:00:00+07:00,0.0015022876603229733,0.0008612608354214548,0.0005988089516751289
2015-01-23 00:00:00+07:00,3915.539306640625,3915.539306640625,3915.539306640625,3915.539306640625,350417,0.0,0.0,2015-01-23 00:00:00+07:00,0.0,0.0006778028550994174,0.0005597826890255327
2015-01-26 00:00:00+07:00,3915.539306640625,3915.539306640625,3915.539306640625,3915.539306640625,102229,0.0,0.0,2015-01-26 00:00:00+07:00,0.0,0.00032227635230908726,0.0005415635158872041
2015-01-27 00:00:00+07:00,3915.539306640625,3979.728515625,3915.539306640625,3979.728515625,320085,0.01626053092850987,9.536389726905898e-05,2015-01-27 00:00:00+07:00,9.536389726905898e-05,0.0003195303115184063,0.00046786133591343734
2015-01-28 00:00:00+07:00,3979.728515625,3979.728515625,3851.35009765625,3851.35009765625,173518,0.03278984327167437,0.00038778698519425955,2015-01-28 00:00:00+07:00,0.00038778698519425955,0.00039708770855725824,0.0004797599668849141
2015-01-29 00:00:00+07:00,3851.35009765625,3915.539306640625,3851.35009765625,3915.539306640625,44119,0.016529312343164633,9.85426234862489e-05,2015-01-29 00:00:00+07:00,9.85426234862489e-05,0.0001163387011899133,0.0003907691524182968
2015-01-30 00:00:00+07:00,3979.728515625,3979.728515625,3851.35009765625,3851.35009765625,210160,0.03278984327167437,0.00038778698519425955,2015-01-30 00:00:00+07:00,0.00038778698519425955,0.00019389609822876522,0.0003621532447625087
2015-02-02 00:00:00+07:00,3851.35009765625,3851.35009765625,3594.593505859375,3658.78271484375,13725,0.06899284884733757,0.0017168118566919244,2015-02-02 00:00:00+07:00,0.0017168118566919244,0.0005372584695671501,0.00044019014733941435
2015-02-03 00:00:00+07:00,3658.78271484375,3787.1611328125,3530.404296875,3530.404296875,22453,0.07020430086874377,0.0017776325139516507,2015-02-03 00:00:00+07:00,0.0017776325139516507,0.0008737121929036685,0.0005209916252463076
2015-02-04 00:00:00+07:00,3594.593505859375,3594.593505859375,3402.026123046875,3530.404296875,7396,0.05505974001988866,0.0010934095442070224,2015-02-04 00:00:00+07:00,0.0010934095442070224,0.001014836704706221,0.0005660610502847694
2015-02-05 00:00:00+07:00,3466.215087890625,3594.593505859375,3402.026123046875,3466.215087890625,11852,0.05505974001988866,0.0010934095442070224,2015-02-05 00:00:00+07:00,0.0010934095442070224,0.0012138100888503755,0.0005969193582976237
2015-02-06 00:00:00+07:00,3466.215087890625,3658.78271484375,3466.215087890625,3530.404296875,11135,0.05406725463391719,0.0010543460702268656,2015-02-06 00:00:00+07:00,0.0010543460702268656,0.001347121905856897,0.0006448441796715721
2015-02-09 00:00:00+07:00,3658.78271484375,3722.971923828125,3658.78271484375,3722.971923828125,19422,0.017391753066102574,0.00010909410122246381,2015-02-09 00:00:00+07:00,0.00010909410122246381,0.0010255783547630046,0.0006315838293160826
2015-02-10 00:00:00+07:00,3851.35009765625,3915.539306640625,3851.35009765625,3851.35009765625,18906,0.016529312343164633,9.85426234862489e-05,2015-02-10 00:00:00+07:00,9.85426234862489e-05,0.0006897603766699244,0.0006178438663362199
2015-02-11 00:00:00+07:00,3851.35009765625,3851.35009765625,3787.1611328125,3787.1611328125,7046,0.016807064595264144,0.000101882193360863,2015-02-11 00:00:00+07:00,0.000101882193360863,0.0004914549065006925,0.0006179956649668842
2015-02-12 00:00:00+07:00,3787.1611328125,3851.35009765625,3722.971923828125,3787.1611328125,17602,0.03390150795780658,0.00041452676792422846,2015-02-12 00:00:00+07:00,0.00041452676792422846,0.00035567835124413377,0.0005965103122147114
2015-02-13 00:00:00+07:00,3851.35009765625,3851.35009765625,3658.78271484375,3658.78271484375,19669,0.05129326102390914,0.0009489321677473593,2015-02-13 00:00:00+07:00,0.0009489321677473593,0.0003345955707482325,0.0006220169114216704
2015-02-16 00:00:00+07:00,3658.78271484375,3658.78271484375,3658.78271484375,3658.78271484375,0,0.0,0.0,2015-02-16 00:00:00+07:00,0.0,0.00031277675050373974,0.0006220169114216704
2015-02-17 00:00:00+07:00,3658.78271484375,3658.78271484375,3658.78271484375,3658.78271484375,0,0.0,0.0,2015-02-17 00:00:00+07:00,0.0,0.00029306822580649,0.0005803219158939347
2015-02-18 00:00:00+07:00,3658.78271484375,3658.78271484375,3658.78271484375,3658.78271484375,0,0.0,0.0,2015-02-18 00:00:00+07:00,0.0,0.00027269178713431734,0.0004995204379870415
2015-02-19 00:00:00+07:00,3658.78271484375,3658.78271484375,3658.78271484375,3658.78271484375,0,0.0,0.0,2015-02-19 00:00:00+07:00,0.0,0.0001897864335494717,0.0004945616152042023
2015-02-20 00:00:00+07:00,3658.78271484375,3658.78271484375,3658.78271484375,3658.78271484375,0,0.0,0.0,2015-02-20 00:00:00+07:00,0.0,0.0,0.0004945616152042023
2015-02-23 00:00:00+07:00,3658.78271484375,3658.78271484375,3658.78271484375,3658.78271484375,0,0.0,0.0,2015-02-23 00:00:00+07:00,0.0,0.0,0.00042627581246224895
2015-02-24 00:00:00+07:00,3658.78271484375,3658.78271484375,3658.78271484375,3658.78271484375,0,0.0,0.0,2015-02-24 00:00:00+07:00,0.0,0.0,0.00042627581246224895
2015-02-25 00:00:00+07:00,3787.1611328125,3851.35009765625,3722.971923828125,3787.1611328125,8929,0.03390150795780658,0.00041452676792422846,2015-02-25 00:00:00+07:00,0.00041452676792422846,8.290535358484552e-05,0.00044511793827698657
2015-02-26 00:00:00+07:00,3787.1611328125,3979.728515625,3722.971923828125,3915.539306640625,19621,0.06669135122948099,0.0016041817861904087,2015-02-26 00:00:00+07:00,0.0016041817861904087,0.00040374171082292726,0.0005137005695915934
2015-02-27 00:00:00+07:00,3915.539306640625,3915.539306640625,3787.1611328125,3787.1611328125,13142,0.033336376938428794,0.0004008218090432302,2015-02-27 00:00:00+07:00,0.0004008218090432302,0.00048390607263157327,0.0005142930615847284
2015-03-02 00:00:00+07:00,3787.1611328125,3787.1611328125,3722.971923828125,3787.1611328125,17203,0.017094443362542344,0.00010539608400307704,2015-03-02 00:00:00+07:00,0.00010539608400307704,0.0005049852894321887,0.0005146045825173115
2015-03-03 00:00:00+07:00,3722.971923828125,3851.35009765625,3722.971923828125,3787.1611328125,16328,0.03390150795780658,0.00041452676792422846,2015-03-03 00:00:00+07:00,0.00041452676792422846,0.0005878906430170344,0.0005158200271868555
2015-03-04 00:00:00+07:00,3787.1611328125,3851.35009765625,3787.1611328125,3851.35009765625,13148,0.016807064595264144,0.000101882193360863,2015-03-04 00:00:00+07:00,0.000101882193360863,0.0005253617281043612,0.00044241413339908
2015-03-05 00:00:00+07:00,3851.35009765625,3915.539306640625,3787.1611328125,3787.1611328125,22592,0.033336376938428794,0.0004008218090432302,2015-03-05 00:00:00+07:00,0.0004008218090432302,0.00028468973267492564,0.00037983182863051546
2015-03-06 00:00:00+07:00,3787.1611328125,4043.917724609375,3787.1611328125,4043.917724609375,58167,0.06559725895084799,0.0015519793279648458,2015-03-06 00:00:00+07:00,0.0015519793279648458,0.0005149212364592487,0.0004006759097104165
2015-03-09 00:00:00+07:00,4172.2958984375,4172.2958984375,4043.917724609375,4108.10693359375,22460,0.03125250356550337,0.0003522769068766815,2015-03-09 00:00:00+07:00,0.0003522769068766815,0.0005642974010339697,0.0003669880625590374
2015-03-10 00:00:00+07:00,4108.10693359375,4172.2958984375,3979.728515625,4043.917724609375,14670,0.047252854649412646,0.0008053240116748252,2015-03-10 00:00:00+07:00,0.0008053240116748252,0.0006424568497840889,0.00035566887807939913
2015-03-11 00:00:00+07:00,3979.728515625,4043.917724609375,3851.35009765625,3851.35009765625,21812,0.048790194355583794,0.000858577778291118,2015-03-11 00:00:00+07:00,0.000858577778291118,0.0007937959667701399,0.00038973631794615623
2015-03-12 00:00:00+07:00,3851.35009765625,4043.917724609375,3851.35009765625,3979.728515625,13025,0.048790194355583794,0.000858577778291118,2015-03-12 00:00:00+07:00,0.000858577778291118,0.0008853471606197176,0.00042428337043728666
2015-03-13 00:00:00+07:00,3979.728515625,4172.2958984375,3915.539306640625,4108.10693359375,51475,0.06351338557792269,0.0014549399682730912,2015-03-13 00:00:00+07:00,0.0014549399682730912,0.0008659392886813666,0.00048578599656966064
2015-03-16 00:00:00+07:00,4172.2958984375,4172.2958984375,4043.917724609375,4108.10693359375,13176,0.03125250356550337,0.0003522769068766815,2015-03-16 00:00:00+07:00,0.0003522769068766815,0.0008659392886813666,0.0004829564574311358
2015-03-17 00:00:00+07:00,3979.728515625,4108.10693359375,3979.728515625,4108.10693359375,13165,0.03174871748522073,0.00036355231984860805,2015-03-17 00:00:00+07:00,0.00036355231984860805,0.0007775849503161232,0.00045634828252664707
2015-03-18 00:00:00+07:00,4108.10693359375,4108.10693359375,3979.728515625,4043.917724609375,29285,0.03174871748522073,0.00036355231984860805,2015-03-18 00:00:00+07:00,0.00036355231984860805,0.000678579858627621,0.00047287338797431105
2015-03-19 00:00:00+07:00,4043.917724609375,4108.10693359375,3979.728515625,4043.917724609375,32774,0.03174871748522073,0.00036355231984860805,2015-03-19 00:00:00+07:00,0.00036355231984860805,0.0005795747669391191,0.000489398493421975
2015-03-20 00:00:00+07:00,4043.917724609375,4043.917724609375,4043.917724609375,4043.917724609375,18163,0.0,0.0,2015-03-20 00:00:00+07:00,0.0,0.0002885867732845009,0.0004893984934219751
2015-03-23 00:00:00+07:00,4043.917724609375,4043.917724609375,3915.539306640625,3915.539306640625,27210,0.032260882012419216,0.0003753764486852823,2015-03-23 00:00:00+07:00,0.0003753764486852823,0.0002932066816462211,0.0005064610592713061
2015-03-24 00:00:00+07:00,3915.539306640625,3979.728515625,3787.1611328125,3851.35009765625,21871,0.04959690786693876,0.0008872045284720295,2015-03-24 00:00:00+07:00,0.0008872045284720295,0.00039793712337090535,0.0005467885378382164
2015-03-25 00:00:00+07:00,3851.35009765625,3915.539306640625,3787.1611328125,3787.1611328125,20657,0.033336376938428794,0.0004008218090432302,2015-03-25 00:00:00+07:00,0.0004008218090432302,0.0004053910212098298,0.0005650077109765451
2015-03-26 00:00:00+07:00,3787.1611328125,3915.539306640625,3722.971923828125,3851.35009765625,23377,0.050430820300971124,0.0009172899016101864,2015-03-26 00:00:00+07:00,0.0009172899016101864,0.0005161385375621455,0.000606702706504281
2015-03-27 00:00:00+07:00,3851.35009765625,3979.728515625,3787.1611328125,3787.1611328125,21372,0.04959690786693876,0.0008872045284720295,2015-03-27 00:00:00+07:00,0.0008872045284720295,0.0006935794432565513,0.0006281880592564537
2015-03-30 00:00:00+07:00,3851.35009765625,3851.35009765625,3722.971923828125,3722.971923828125,13178,0.03390150795780658,0.00041452676792422846,2015-03-30 00:00:00+07:00,0.00041452676792422846,0.0007014095071043406,0.0005741128311534454
2015-03-31 00:00:00+07:00,3722.971923828125,3787.1611328125,3594.593505859375,3787.1611328125,15002,0.052185784252073326,0.000982243077077777,2015-03-31 00:00:00+07:00,0.000982243077077777,0.0007204172168254902,0.0006005410706095613
2015-04-01 00:00:00+07:00,3787.1611328125,3787.1611328125,3530.404296875,3787.1611328125,13792,0.07020430086874377,0.0017776325139516507,2015-04-01 00:00:00+07:00,0.0017776325139516507,0.0009957793578071743,0.0006765518174254054
2015-04-02 00:00:00+07:00,3722.971923828125,3915.539306640625,3722.971923828125,3851.35009765625,26780,0.050430820300971124,0.0009172899016101864,2015-04-02 00:00:00+07:00,0.0009172899016101864,0.0009957793578071743,0.0006994046871384036
2015-04-03 00:00:00+07:00,3851.35009765625,3851.35009765625,3851.35009765625,3851.35009765625,21910,0.0,0.0,2015-04-03 00:00:00+07:00,0.0,0.0008183384521127685,0.0006947736783492734
2015-04-06 00:00:00+07:00,3851.35009765625,3851.35009765625,3722.971923828125,3722.971923828125,10525,0.03390150795780658,0.00041452676792422846,2015-04-06 00:00:00+07:00,0.00041452676792422846,0.0008183384521127683,0.0006953966310256824
2015-04-07 00:00:00+07:00,3722.971923828125,3979.728515625,3722.971923828125,3915.539306640625,7739,0.06669135122948099,0.0016041817861904087,2015-04-07 00:00:00+07:00,0.0016041817861904087,0.0009427261939352945,0.0006977694700359354
2015-04-08 00:00:00+07:00,3851.35009765625,3915.539306640625,3851.35009765625,3915.539306640625,3754,0.016529312343164633,9.85426234862489e-05,2015-04-08 00:00:00+07:00,9.85426234862489e-05,0.0006069082158422143,0.0006862360935181884
2015-04-09 00:00:00+07:00,3915.539306640625,3979.728515625,3851.35009765625,3979.728515625,9236,0.03278984327167437,0.00038778698519425955,2015-04-09 00:00:00+07:00,0.00038778698519425955,0.000501007632559029,0.0006672571377690717
2015-04-10 00:00:00+07:00,3915.539306640625,3979.728515625,3851.35009765625,3915.539306640625,11036,0.03278984327167437,0.00038778698519425955,2015-04-10 00:00:00+07:00,0.00038778698519425955,0.0005785650295978809,0.0006458575562646691
2015-04-13 00:00:00+07:00,3915.539306640625,4043.917724609375,3915.539306640625,3915.539306640625,26918,0.032260882012419216,0.0003753764486852823,2015-04-13 00:00:00+07:00,0.0003753764486852823,0.0005707349657500915,0.0006238938594644038
2015-04-14 00:00:00+07:00,3915.539306640625,3979.728515625,3851.35009765625,3979.728515625,10018,0.03278984327167437,0.00038778698519425955,2015-04-14 00:00:00+07:00,0.00038778698519425955,0.00032745600555086175,0.0005753869056880933
2015-04-15 00:00:00+07:00,3915.539306640625,3979.728515625,3851.35009765625,3851.35009765625,8370,0.03278984327167437,0.00038778698519425955,2015-04-15 00:00:00+07:00,0.00038778698519425955,0.00038530487789246385,0.0005770010001570742
2015-04-16 00:00:00+07:00,3979.728515625,3979.728515625,3722.971923828125,3722.971923828125,29565,0.06669135122948099,0.0016041817861904087,2015-04-16 00:00:00+07:00,0.0016041817861904087,0.0006285838380916938,0.0006333932486271561
2015-04-17 00:00:00+07:00,3722.971923828125,3851.35009765625,3722.971923828125,3851.35009765625,24968,0.03390150795780658,0.00041452676792422846,2015-04-17 00:00:00+07:00,0.00041452676792422846,0.0006339317946376875,0.0006357102689942296
2015-04-20 00:00:00+07:00,3851.35009765625,3851.35009765625,3787.1611328125,3851.35009765625,68,0.016807064595264144,0.000101882193360863,2015-04-20 00:00:00+07:00,0.000101882193360863,0.0005792329435728036,0.0006238161723356958
2015-04-21 00:00:00+07:00,3787.1611328125,3851.35009765625,3722.971923828125,3787.1611328125,7219,0.03390150795780658,0.00041452676792422846,2015-04-21 00:00:00+07:00,0.00041452676792422846,0.0005845809001187974,0.0006426582981504334
2015-04-22 00:00:00+07:00,3722.971923828125,3722.971923828125,3594.593505859375,3658.78271484375,23039,0.035091340889530795,0.00044413446377668736,2015-04-22 00:00:00+07:00,0.00044413446377668736,0.0005958503958352829,0.00064578366247277
2015-04-23 00:00:00+07:00,3594.593505859375,3722.971923828125,3530.404296875,3594.593505859375,9563,0.053109857506201404,0.001017336953621598,2015-04-23 00:00:00+07:00,0.001017336953621598,0.00047848142932152094,0.0006516987727068413
2015-04-24 00:00:00+07:00,3594.593505859375,3658.78271484375,3594.593505859375,3658.78271484375,849,0.017699587823428342,0.00011299021979220181,2015-04-24 00:00:00+07:00,0.00011299021979220181,0.0004181741196951155,0.0006386155186499764
2015-04-27 00:00:00+07:00,3658.78271484375,3658.78271484375,3530.404296875,3594.593505859375,7844,0.035718104440098916,0.00046014144635313876,2015-04-27 00:00:00+07:00,0.00046014144635313876,0.0004898259702935707,0.0006178360434110197
2015-04-28 00:00:00+07:00,3594.593505859375,3594.593505859375,3594.593505859375,3594.593505859375,0,0.0,0.0,2015-04-28 00:00:00+07:00,0.0,0.000406920616708725,0.0005775085648441092
2015-04-29 00:00:00+07:00,3594.593505859375,3594.593505859375,3594.593505859375,3594.593505859375,0,0.0,0.0,2015-04-29 00:00:00+07:00,0.0,0.00031809372395338756,0.0005586664390293716
2015-04-30 00:00:00+07:00,3594.593505859375,3594.593505859375,3594.593505859375,3594.593505859375,0,0.0,0.0,2015-04-30 00:00:00+07:00,0.0,0.00011462633322906794,0.0005140190264349272
2015-05-01 00:00:00+07:00,3594.593505859375,3594.593505859375,3594.593505859375,3594.593505859375,0,0.0,0.0,2015-05-01 00:00:00+07:00,0.0,9.202828927062757e-05,0.00043321754852803404
2015-05-04 00:00:00+07:00,3658.78271484375,3658.78271484375,3402.026123046875,3466.215087890625,17058,0.07275932784331714,0.0019093779563291002,2015-05-04 00:00:00+07:00,0.0019093779563291002,0.0003818755912658199,0.0004783124601061664
2015-05-05 00:00:00+07:00,3402.026123046875,3530.404296875,3337.8369140625,3466.215087890625,11679,0.05608942941442044,0.0011346883390241157,2015-05-05 00:00:00+07:00,0.0011346883390241157,0.0006088132590706429,0.0005298892027890807
2015-05-06 00:00:00+07:00,3402.026123046875,3402.026123046875,3337.8369140625,3337.8369140625,9009,0.019048206011202447,0.00013086475802732856,2015-05-06 00:00:00+07:00,0.00013086475802732856,0.0006349862106761088,0.0005169954750664944
2015-05-07 00:00:00+07:00,3273.647705078125,3466.215087890625,3145.269287109375,3466.215087890625,20959,0.09716373551672546,0.003405045769621979,2015-05-07 00:00:00+07:00,0.003405045769621979,0.0013159953646005047,0.0005988529288588385
2015-05-08 00:00:00+07:00,3466.215087890625,3530.404296875,3273.647705078125,3466.215087890625,1528,0.07550752674499121,0.002056340541751829,2015-05-08 00:00:00+07:00,0.002056340541751829,0.0017272634729508705,0.0006878437433254558
2015-05-11 00:00:00+07:00,3466.215087890625,3466.215087890625,3337.8369140625,3466.215087890625,3925,0.03774027922060215,0.0005137179792386945,2015-05-11 00:00:00+07:00,0.0005137179792386945,0.0014481314775327892,0.0006935678794183847
2015-05-12 00:00:00+07:00,3402.026123046875,3402.026123046875,3273.647705078125,3273.647705078125,16336,0.038466303341773034,0.0005336732710886842,2015-05-12 00:00:00+07:00,0.0005336732710886842,0.001327928463945703,0.0007001990742317676
2015-05-13 00:00:00+07:00,3209.45849609375,3209.45849609375,3081.080078125,3081.080078125,39477,0.04082201987662276,0.0006010402096208432,2015-05-13 00:00:00+07:00,0.0006010402096208432,0.0014219635542644057,0.0007104565179106567
2015-05-14 00:00:00+07:00,3016.89111328125,3145.269287109375,2888.5126953125,3081.080078125,5664,0.08515777901661695,0.0026155510440021928,2015-05-14 00:00:00+07:00,0.0026155510440021928,0.0012640646091404487,0.0008117185205837446
2015-05-18 00:00:00+07:00,3273.647705078125,3337.8369140625,3081.080078125,3081.080078125,14740,0.0800427564357813,0.0023107801046893706,2015-05-18 00:00:00+07:00,0.0023107801046893706,0.0013149525217279567,0.0008991272987426132
2015-05-19 00:00:00+07:00,3081.080078125,3209.45849609375,3016.89111328125,3209.45849609375,5831,0.061875361637308716,0.0013808612676801586,2015-05-19 00:00:00+07:00,0.0013808612676801586,0.0014883811794162496,0.0008889763660830565
2015-05-20 00:00:00+07:00,3145.269287109375,3402.026123046875,3145.269287109375,3402.026123046875,18509,0.07847166230732562,0.0022209575245983435,2015-05-20 00:00:00+07:00,0.0022209575245983435,0.0018258380301181814,0.0009710868550227889
2015-05-21 00:00:00+07:00,3402.026123046875,3530.404296875,3337.8369140625,3530.404296875,10997,0.05608942941442044,0.0011346883390241157,2015-05-21 00:00:00+07:00,0.0011346883390241157,0.001932567655998836,0.0010180325889165732
2015-05-22 00:00:00+07:00,3466.215087890625,3722.971923828125,3466.215087890625,3722.971923828125,42761,0.07145900770001962,0.0018417408036437391,2015-05-22 00:00:00+07:00,0.0018417408036437391,0.0017778056079271454,0.0010829059541765508
2015-05-25 00:00:00+07:00,3722.971923828125,3979.728515625,3722.971923828125,3915.539306640625,31594,0.06669135122948099,0.0016041817861904087,2015-05-25 00:00:00+07:00,0.0016041817861904087,0.001636485944227353,0.0011356353779226292
2015-05-26 00:00:00+07:00,3851.35009765625,3979.728515625,3722.971923828125,3722.971923828125,11304,0.06669135122948099,0.0016041817861904087,2015-05-26 00:00:00+07:00,0.0016041817861904087,0.0016811500479294032,0.0011623101430393932
2015-05-27 00:00:00+07:00,3722.971923828125,3851.35009765625,3722.971923828125,3787.1611328125,9082,0.03390150795780658,0.00041452676792422846,2015-05-27 00:00:00+07:00,0.00041452676792422846,0.00131986389659458,0.0011760163497726672
2015-05-28 00:00:00+07:00,3851.35009765625,3915.539306640625,3787.1611328125,3851.35009765625,4919,0.033336376938428794,0.0004008218090432302,2015-05-28 00:00:00+07:00,0.0004008218090432302,0.001173090590598403,0.001173320002622217
2015-05-29 00:00:00+07:00,3722.971923828125,3851.35009765625,3658.78271484375,3722.971923828125,6954,0.05129326102390914,0.0009489321677473593,2015-05-29 00:00:00+07:00,0.0009489321677473593,0.000994528863419127,0.0012164532829743696
2015-06-01 00:00:00+07:00,3658.78271484375,3787.1611328125,3658.78271484375,3787.1611328125,2720,0.034486196428644804,0.000428948489393812,2015-06-01 00:00:00+07:00,0.000428948489393812,0.0007594822040598076,0.0012359509415831792
2015-06-02 00:00:00+07:00,3658.78271484375,3787.1611328125,3658.78271484375,3787.1611328125,2642,0.034486196428644804,0.000428948489393812,2015-06-02 00:00:00+07:00,0.000428948489393812,0.0005244355447004882,0.001255448600191989
2015-06-03 00:00:00+07:00,3658.78271484375,3787.1611328125,3658.78271484375,3787.1611328125,5348,0.034486196428644804,0.000428948489393812,2015-06-03 00:00:00+07:00,0.000428948489393812,0.0005273198889944048,0.0012749462588007984
2015-06-04 00:00:00+07:00,3658.78271484375,3787.1611328125,3658.78271484375,3787.1611328125,3689,0.034486196428644804,0.000428948489393812,2015-06-04 00:00:00+07:00,0.000428948489393812,0.0005329452250645213,0.0012076540103037397
2015-06-05 00:00:00+07:00,3787.1611328125,3787.1611328125,3658.78271484375,3787.1611328125,8806,0.034486196428644804,0.000428948489393812,2015-06-05 00:00:00+07:00,0.000428948489393812,0.000428948489393812,0.001175574926229635
2015-06-08 00:00:00+07:00,3787.1611328125,3915.539306640625,3787.1611328125,3787.1611328125,17160,0.033336376938428794,0.0004008218090432302,2015-06-08 00:00:00+07:00,0.0004008218090432302,0.0004233231533236955,0.0011878457012758125
2015-06-09 00:00:00+07:00,3722.971923828125,3851.35009765625,3722.971923828125,3722.971923828125,7223,0.03390150795780658,0.00041452676792422846,2015-06-09 00:00:00+07:00,0.00041452676792422846,0.00042043880902977875,0.0010519130193804604
2015-06-10 00:00:00+07:00,3722.971923828125,3851.35009765625,3722.971923828125,3851.35009765625,12087,0.03390150795780658,0.00041452676792422846,2015-06-10 00:00:00+07:00,0.00041452676792422846,0.00041755446473586204,0.0009772851205701147
2015-06-11 00:00:00+07:00,3851.35009765625,3915.539306640625,3787.1611328125,3851.35009765625,15150,0.033336376938428794,0.0004008218090432302,2015-06-11 00:00:00+07:00,0.0004008218090432302,0.0004119291286657457,0.0009721534764703208
2015-06-12 00:00:00+07:00,3851.35009765625,4108.10693359375,3851.35009765625,4108.10693359375,86714,0.06453856075689528,0.0015022876603229733,2015-06-12 00:00:00+07:00,0.0015022876603229733,0.0006265969628515779,0.0010161814032536977
2015-06-15 00:00:00+07:00,4300.67431640625,4364.86376953125,4236.4853515625,4364.86376953125,53016,0.029852980099123835,0.00032143260688110464,2015-06-15 00:00:00+07:00,0.00032143260688110464,0.0006107191224191529,0.0010034719667655278
2015-06-16 00:00:00+07:00,4429.052734375,4429.052734375,4172.2958984375,4429.052734375,32151,0.05971927201534049,0.001286303814711181,2015-06-16 00:00:00+07:00,0.001286303814711181,0.0007850745317765433,0.0009430516381613908
2015-06-17 00:00:00+07:00,4236.4853515625,4300.67431640625,4172.2958984375,4300.67431640625,65768,0.030305368709109506,0.0003312483258797756,2015-06-17 00:00:00+07:00,0.0003312483258797756,0.0007684188433676527,0.000853072920942773
2015-06-18 00:00:00+07:00,4108.10693359375,4429.052734375,4108.10693359375,4429.052734375,24407,0.07522340917953244,0.002040894577404256,2015-06-18 00:00:00+07:00,0.002040894577404256,0.001096433397039858,0.0008830744350211409
2015-06-19 00:00:00+07:00,4429.052734375,4429.052734375,4172.2958984375,4172.2958984375,16873,0.05971927201534049,0.001286303814711181,2015-06-19 00:00:00+07:00,0.001286303814711181,0.0010532366279174996,0.0008405901754808154
2015-06-22 00:00:00+07:00,4108.10693359375,4172.2958984375,4043.917724609375,4043.917724609375,12615,0.03125250356550337,0.0003522769068766815,2015-06-22 00:00:00+07:00,0.0003522769068766815,0.001059405487916615,0.0008050260194741138
2015-06-23 00:00:00+07:00,4043.917724609375,4300.67431640625,4043.917724609375,4236.4853515625,21240,0.06155787227461282,0.0013667269179095472,2015-06-23 00:00:00+07:00,0.0013667269179095472,0.0010754901085562882,0.0007834344792134688
2015-06-24 00:00:00+07:00,4300.67431640625,4300.67431640625,4172.2958984375,4236.4853515625,17749,0.030305368709109506,0.0003312483258797756,2015-06-24 00:00:00+07:00,0.0003312483258797756,0.0010754901085562882,0.0007255738673811672
2015-06-25 00:00:00+07:00,4236.4853515625,4300.67431640625,4108.10693359375,4172.2958984375,32362,0.04580950587330145,0.0007568777913302625,2015-06-25 00:00:00+07:00,0.0007568777913302625,0.0008186867513414895,0.0006870600494329787
2015-06-26 00:00:00+07:00,4172.2958984375,4172.2958984375,4043.917724609375,4172.2958984375,24303,0.03125250356550337,0.0003522769068766815,2015-06-26 00:00:00+07:00,0.0003522769068766815,0.0006318813697745895,0.0006842305102944539
2015-06-29 00:00:00+07:00,4108.10693359375,4236.4853515625,4108.10693359375,4236.4853515625,19877,0.03077167667553689,0.0003415205716695153,2015-06-29 00:00:00+07:00,0.0003415205716695153,0.0006297301027331562,0.0006815349995047396
2015-06-30 00:00:00+07:00,4236.4853515625,4236.4853515625,4108.10693359375,4108.10693359375,19018,0.03077167667553689,0.0003415205716695153,2015-06-30 00:00:00+07:00,0.0003415205716695153,0.0004246888334851499,0.0006539253815012013
2015-07-01 00:00:00+07:00,4108.10693359375,4108.10693359375,4043.917724609375,4108.10693359375,6136,0.01574836640131153,8.94510759279173e-05,2015-07-01 00:00:00+07:00,8.94510759279173e-05,0.00037632938349477826,0.0006384936808891151
2015-07-02 00:00:00+07:00,4172.2958984375,4172.2958984375,4043.917724609375,4172.2958984375,19233,0.03125250356550337,0.0003522769068766815,2015-07-02 00:00:00+07:00,0.0003522769068766815,0.00029540920660406204,0.0006350086089565183
2015-07-03 00:00:00+07:00,4172.2958984375,4172.2958984375,4172.2958984375,4172.2958984375,8214,0.0,0.0,2015-07-03 00:00:00+07:00,0.0,0.00022495382522872573,0.0006155109503477086
2015-07-06 00:00:00+07:00,4108.10693359375,4236.4853515625,4043.917724609375,4172.2958984375,5228,0.04652004307684836,0.0007805392810382601,2015-07-06 00:00:00+07:00,0.0007805392810382601,0.00031275756710247467,0.0006314923499679109
2015-07-07 00:00:00+07:00,4172.2958984375,4172.2958984375,3979.728515625,3979.728515625,10944,0.047252854649412646,0.0008053240116748252,2015-07-07 00:00:00+07:00,0.0008053240116748252,0.00040551825510353666,0.0006486003282534115
2015-07-08 00:00:00+07:00,4108.10693359375,4108.10693359375,3979.728515625,4043.917724609375,2456,0.03174871748522073,0.00036355231984860805,2015-07-08 00:00:00+07:00,0.00036355231984860805,0.00046033850388767477,0.0006469062605627469
2015-07-09 00:00:00+07:00,3979.728515625,4108.10693359375,3915.539306640625,4108.10693359375,10243,0.048009248413730624,0.0008313125977766144,2015-07-09 00:00:00+07:00,0.0008313125977766144,0.0005561456420676614,0.0006658510710105825
2015-07-10 00:00:00+07:00,4043.917724609375,4108.10693359375,4043.917724609375,4108.10693359375,4374,0.01574836640131153,8.94510759279173e-05,2015-07-10 00:00:00+07:00,8.94510759279173e-05,0.0005740358572532448,0.0006510749031925683
2015-07-13 00:00:00+07:00,4108.10693359375,4172.2958984375,4043.917724609375,4108.10693359375,18473,0.03125250356550337,0.0003522769068766815,2015-07-13 00:00:00+07:00,0.0003522769068766815,0.0004883833824209291,0.0006488683167304526
2015-07-14 00:00:00+07:00,4108.10693359375,4108.10693359375,3851.35009765625,4108.10693359375,12760,0.06453856075689528,0.0015022876603229733,2015-07-14 00:00:00+07:00,0.0015022876603229733,0.0006277761121505587,0.0006488683167304526
2015-07-15 00:00:00+07:00,3979.728515625,4043.917724609375,3851.35009765625,3851.35009765625,6558,0.048790194355583794,0.000858577778291118,2015-07-15 00:00:00+07:00,0.000858577778291118,0.0007267812038390607,0.0006732840063399986
2015-07-16 00:00:00+07:00,3787.1611328125,4108.10693359375,3787.1611328125,4108.10693359375,12014,0.08134562535215949,0.0023866182210351018,2015-07-16 00:00:00+07:00,0.0023866182210351018,0.0010378423284907582,0.0007232982975365405
2015-07-17 00:00:00+07:00,4108.10693359375,4108.10693359375,3915.539306640625,3915.539306640625,5818,0.048009248413730624,0.0008313125977766144,2015-07-17 00:00:00+07:00,0.0008313125977766144,0.0011862146328604976,0.0007460284917136695
2015-07-20 00:00:00+07:00,3915.539306640625,3915.539306640625,3851.35009765625,3915.539306640625,6078,0.016529312343164633,9.85426234862489e-05,2015-07-20 00:00:00+07:00,9.85426234862489e-05,0.0011354677761824111,0.0006577397665355782
2015-07-21 00:00:00+07:00,3915.539306640625,4108.10693359375,3915.539306640625,3979.728515625,9358,0.048009248413730624,0.0008313125977766144,2015-07-21 00:00:00+07:00,0.0008313125977766144,0.0010012727636731394,0.0006370583475840071
2015-07-22 00:00:00+07:00,3915.539306640625,3979.728515625,3915.539306640625,3979.728515625,6923,0.01626053092850987,9.536389726905898e-05,2015-07-22 00:00:00+07:00,9.536389726905898e-05,0.0008486299874687275,0.0006253804835109334
2015-07-23 00:00:00+07:00,3979.728515625,4043.917724609375,3851.35009765625,3851.35009765625,8644,0.048790194355583794,0.000858577778291118,2015-07-23 00:00:00+07:00,0.000858577778291118,0.0005430218989199308,0.0006022827953464593
2015-07-24 00:00:00+07:00,3915.539306640625,4043.917724609375,3851.35009765625,3915.539306640625,6018,0.048790194355583794,0.000858577778291118,2015-07-24 00:00:00+07:00,0.000858577778291118,0.0005484749350228315,0.0006262523159106111
2015-07-27 00:00:00+07:00,3979.728515625,4108.10693359375,3979.728515625,4043.917724609375,13083,0.03174871748522073,0.00036355231984860805,2015-07-27 00:00:00+07:00,0.00036355231984860805,0.0006014768742953032,0.0006083738853887178
2015-07-28 00:00:00+07:00,4108.10693359375,4108.10693359375,3915.539306640625,3915.539306640625,14474,0.048009248413730624,0.0008313125977766144,2015-07-28 00:00:00+07:00,0.0008313125977766144,0.0006014768742953032,0.0006301482349750783
2015-07-29 00:00:00+07:00,4043.917724609375,4043.917724609375,3915.539306640625,3979.728515625,3377,0.032260882012419216,0.0003753764486852823,2015-07-29 00:00:00+07:00,0.0003753764486852823,0.0006574793845785479,0.0006316871384757951
2015-07-30 00:00:00+07:00,3979.728515625,4043.917724609375,3722.971923828125,3915.539306640625,14933,0.08269170231339032,0.0024662574642381452,2015-07-30 00:00:00+07:00,0.0024662574642381452,0.0009790153217679534,0.0007282660881380056
2015-07-31 00:00:00+07:00,3915.539306640625,4043.917724609375,3851.35009765625,4043.917724609375,3734,0.048790194355583794,0.000858577778291118,2015-07-31 00:00:00+07:00,0.000858577778291118,0.0009790153217679534,0.0007632263927908784
2015-08-03 00:00:00+07:00,4043.917724609375,4043.917724609375,3851.35009765625,3915.539306640625,2956,0.048790194355583794,0.000858577778291118,2015-08-03 00:00:00+07:00,0.000858577778291118,0.0010780204134564553,0.0007862400687642618
2015-08-04 00:00:00+07:00,3979.728515625,4043.917724609375,3915.539306640625,4043.917724609375,13368,0.032260882012419216,0.0003753764486852823,2015-08-04 00:00:00+07:00,0.0003753764486852823,0.0009868331836381888,0.0008033026346135928
2015-08-05 00:00:00+07:00,3979.728515625,4043.917724609375,3915.539306640625,3979.728515625,6627,0.032260882012419216,0.0003753764486852823,2015-08-05 00:00:00+07:00,0.0003753764486852823,0.000986833183638189,0.000784886142233912
2015-08-06 00:00:00+07:00,3979.728515625,3979.728515625,3851.35009765625,3979.728515625,8157,0.03278984327167437,0.00038778698519425955,2015-08-06 00:00:00+07:00,0.00038778698519425955,0.0005711390878294118,0.0007659071864847953
2015-08-07 00:00:00+07:00,3915.539306640625,3915.539306640625,3851.35009765625,3851.35009765625,2916,0.016529312343164633,9.85426234862489e-05,2015-08-07 00:00:00+07:00,9.85426234862489e-05,0.0004191320568684381,0.000753861291195597
2015-08-10 00:00:00+07:00,3851.35009765625,3851.35009765625,3787.1611328125,3851.35009765625,19440,0.016807064595264144,0.000101882193360863,2015-08-10 00:00:00+07:00,0.000101882193360863,0.0002677929398823871,0.0007207053637221538
2015-08-11 00:00:00+07:00,3787.1611328125,3979.728515625,3722.971923828125,3979.728515625,15605,0.06669135122948099,0.0016041817861904087,2015-08-11 00:00:00+07:00,0.0016041817861904087,0.0005135540073834124,0.0007895567596431763
2015-08-12 00:00:00+07:00,3851.35009765625,3851.35009765625,3722.971923828125,3787.1611328125,38807,0.03390150795780658,0.00041452676792422846,2015-08-12 00:00:00+07:00,0.00041452676792422846,0.0005213840712312016,0.0007923862987817012
2015-08-13 00:00:00+07:00,3594.593505859375,3851.35009765625,3530.404296875,3787.1611328125,6465,0.08701136546400798,0.002730653002799166,2015-08-13 00:00:00+07:00,0.002730653002799166,0.0009899572747521829,0.0008482210870760735
2015-08-14 00:00:00+07:00,3851.35009765625,3851.35009765625,3722.971923828125,3787.1611328125,10464,0.03390150795780658,0.00041452676792422846,2015-08-14 00:00:00+07:00,0.00041452676792422846,0.0010531541036397788,0.0008280369502412149
2015-08-17 00:00:00+07:00,3787.1611328125,3915.539306640625,3658.78271484375,3787.1611328125,124709,0.06782257336707377,0.0016590637555562748,2015-08-17 00:00:00+07:00,0.0016590637555562748,0.001364590416078861,0.0007949662927194502
2015-08-18 00:00:00+07:00,3658.78271484375,3787.1611328125,3658.78271484375,3787.1611328125,58670,0.034486196428644804,0.000428948489393812,2015-08-18 00:00:00+07:00,0.000428948489393812,0.0011295437567195418,0.0007766770150656864
2015-08-19 00:00:00+07:00,3787.1611328125,3787.1611328125,3658.78271484375,3787.1611328125,74560,0.034486196428644804,0.000428948489393812,2015-08-19 00:00:00+07:00,0.000428948489393812,0.0011324281010134584,0.00079169546351603
2015-08-20 00:00:00+07:00,3722.971923828125,3787.1611328125,3658.78271484375,3722.971923828125,23664,0.034486196428644804,0.000428948489393812,2015-08-20 00:00:00+07:00,0.000428948489393812,0.0006720871983323877,0.0007734061858622663
2015-08-21 00:00:00+07:00,3722.971923828125,3722.971923828125,3530.404296875,3658.78271484375,54822,0.053109857506201404,0.001017336953621598,2015-08-21 00:00:00+07:00,0.001017336953621598,0.0007926492354718616,0.000815314052060109
2015-08-24 00:00:00+07:00,3658.78271484375,3658.78271484375,3466.215087890625,3658.78271484375,122014,0.05406725463391719,0.0010543460702268656,2015-08-24 00:00:00+07:00,0.0010543460702268656,0.0006717056984059798,0.0008242126107844612
2015-08-25 00:00:00+07:00,3594.593505859375,3658.78271484375,3466.215087890625,3594.593505859375,87242,0.05406725463391719,0.0010543460702268656,2015-08-25 00:00:00+07:00,0.0010543460702268656,0.0007967852145725904,0.0008331111695088132
2015-08-26 00:00:00+07:00,3658.78271484375,3722.971923828125,3594.593505859375,3722.971923828125,15625,0.035091340889530795,0.00044413446377668736,2015-08-26 00:00:00+07:00,0.00044413446377668736,0.0007998224094491656,0.000836773994232817
2015-08-27 00:00:00+07:00,3787.1611328125,3787.1611328125,3722.971923828125,3722.971923828125,46736,0.017094443362542344,0.00010539608400307704,2015-08-27 00:00:00+07:00,0.00010539608400307704,0.0007351119283710185,0.0008037777890612924
2015-08-28 00:00:00+07:00,3722.971923828125,3722.971923828125,3658.78271484375,3722.971923828125,48263,0.017391753066102574,0.00010909410122246381,2015-08-28 00:00:00+07:00,0.00010909410122246381,0.0005534633578911917,0.0007916740459948009
2015-08-31 00:00:00+07:00,3658.78271484375,3722.971923828125,3658.78271484375,3658.78271484375,12837,0.017391753066102574,0.00010909410122246381,2015-08-31 00:00:00+07:00,0.00010909410122246381,0.0003644129640903113,0.0006845302567668153
2015-09-01 00:00:00+07:00,3658.78271484375,3787.1611328125,3658.78271484375,3722.971923828125,72161,0.034486196428644804,0.000428948489393812,2015-09-01 00:00:00+07:00,0.000428948489393812,0.00023933344792370065,0.0006650016527260286
2015-09-02 00:00:00+07:00,3722.971923828125,3722.971923828125,3722.971923828125,3722.971923828125,0,0.0,0.0,2015-09-02 00:00:00+07:00,0.0,0.00015050655516836317,0.0006259753900764323
2015-09-03 00:00:00+07:00,3722.971923828125,3915.539306640625,3722.971923828125,3915.539306640625,268129,0.050430820300971124,0.0009172899016101864,2015-09-03 00:00:00+07:00,0.0009172899016101864,0.00031288531868978506,0.0006506078197548371
2015-09-04 00:00:00+07:00,3915.539306640625,4043.917724609375,3915.539306640625,4043.917724609375,102182,0.032260882012419216,0.0003753764486852823,2015-09-04 00:00:00+07:00,0.0003753764486852823,0.0003661417881823487,0.0006506078197548371
2015-09-07 00:00:00+07:00,3979.728515625,4043.917724609375,3915.539306640625,4043.917724609375,171664,0.032260882012419216,0.0003753764486852823,2015-09-07 00:00:00+07:00,0.0003753764486852823,0.00041939825767491247,0.0006500437044589744
2015-09-08 00:00:00+07:00,4043.917724609375,4043.917724609375,3979.728515625,4043.917724609375,69139,0.01600035108390944,9.233653471747098e-05,2015-09-08 00:00:00+07:00,9.233653471747098e-05,0.00035207586673964423,0.0006497616095149391
2015-09-09 00:00:00+07:00,4043.917724609375,4043.917724609375,3979.728515625,3979.728515625,96324,0.01600035108390944,9.233653471747098e-05,2015-09-09 00:00:00+07:00,9.233653471747098e-05,0.00037054317368313843,0.0006493277159402394
2015-09-10 00:00:00+07:00,3915.539306640625,4043.917724609375,3851.35009765625,4043.917724609375,23804,0.048790194355583794,0.000858577778291118,2015-09-10 00:00:00+07:00,0.000858577778291118,0.00035880074901932475,0.0006154366246720899
2015-09-11 00:00:00+07:00,3979.728515625,4108.10693359375,3979.728515625,4043.917724609375,163314,0.03174871748522073,0.00036355231984860805,2015-09-11 00:00:00+07:00,0.00036355231984860805,0.0003564359232519899,0.0006131196043050163
2015-09-14 00:00:00+07:00,3979.728515625,4043.917724609375,3915.539306640625,3979.728515625,200376,0.032260882012419216,0.0003753764486852823,2015-09-14 00:00:00+07:00,0.0003753764486852823,0.00035643592325198994,0.0005060615791180215
2015-09-15 00:00:00+07:00,3979.728515625,3979.728515625,3979.728515625,3979.728515625,145616,0.0,0.0,2015-09-15 00:00:00+07:00,0.0,0.0003379686163084957,0.00048721945330328385
2015-09-16 00:00:00+07:00,3915.539306640625,3979.728515625,3851.35009765625,3851.35009765625,199909,0.03278984327167437,0.00038778698519425955,2015-09-16 00:00:00+07:00,0.00038778698519425955,0.00039705870640385343,0.0004294341455595559
2015-09-17 00:00:00+07:00,3915.539306640625,4043.917724609375,3915.539306640625,4043.917724609375,114193,0.032260882012419216,0.0003753764486852823,2015-09-17 00:00:00+07:00,0.0003753764486852823,0.00030041844048268624,0.0004269990528000773
2015-09-18 00:00:00+07:00,4043.917724609375,4236.4853515625,4043.917724609375,4172.2958984375,265901,0.04652004307684836,0.0007805392810382601,2015-09-18 00:00:00+07:00,0.0007805392810382601,0.0003838158327206167,0.00044298045242027945
2015-09-21 00:00:00+07:00,4236.4853515625,4429.052734375,4108.10693359375,4364.86376953125,568226,0.07522340917953244,0.002040894577404256,2015-09-21 00:00:00+07:00,0.002040894577404256,0.0007169194584644115,0.000516250729148027
2015-09-22 00:00:00+07:00,4429.052734375,4621.6201171875,4429.052734375,4621.6201171875,773946,0.04255958685752684,0.0006532950303643064,2015-09-22 00:00:00+07:00,0.0006532950303643064,0.0008475784645372728,0.0004997033689999683
2015-09-23 00:00:00+07:00,4749.99853515625,4749.99853515625,4557.43115234375,4685.8095703125,377135,0.04138518865404344,0.000617738154307707,2015-09-23 00:00:00+07:00,0.000617738154307707,0.0008935686983599622,0.0004798575546400065
2015-09-24 00:00:00+07:00,4685.8095703125,4685.8095703125,4429.052734375,4557.43115234375,547802,0.0563529697756743,0.0011453762244162447,2015-09-24 00:00:00+07:00,0.0011453762244162447,0.0010475686535061548,0.00048399528892134185
2015-09-25 00:00:00+07:00,4557.43115234375,4621.6201171875,4493.24169921875,4621.6201171875,488945,0.028170895078387805,0.00028623045428693826,2015-09-25 00:00:00+07:00,0.00028623045428693826,0.0009487068881558903,0.00047681783394453516
2015-09-28 00:00:00+07:00,4557.43115234375,4621.6201171875,4364.86376953125,4621.6201171875,368598,0.057158339262398744,0.0011783484946863057,2015-09-28 00:00:00+07:00,0.0011783484946863057,0.0007761976716123002,0.0005255883980665
2015-09-29 00:00:00+07:00,4493.24169921875,4557.43115234375,4429.052734375,4493.24169921875,299941,0.028573389524278757,0.00029446797585132615,2015-09-29 00:00:00+07:00,0.00029446797585132615,0.0007044322607097041,0.000534014483276903
2015-09-30 00:00:00+07:00,4557.43115234375,4621.6201171875,4493.24169921875,4493.24169921875,93987,0.028170895078387805,0.00028623045428693826,2015-09-30 00:00:00+07:00,0.00028623045428693826,0.0006381307207055505,0.0005420661356889244
2015-10-01 00:00:00+07:00,4493.24169921875,4621.6201171875,4493.24169921875,4621.6201171875,99378,0.028170895078387805,0.00028623045428693826,2015-10-01 00:00:00+07:00,0.00028623045428693826,0.00046630156667968914,0.0005355789522749757
2015-10-02 00:00:00+07:00,4621.6201171875,4621.6201171875,4621.6201171875,4621.6201171875,0,0.0,0.0,2015-10-02 00:00:00+07:00,0.0,0.00040905547582230156,0.0005355789522749757
2015-10-05 00:00:00+07:00,4621.6201171875,4942.56591796875,4621.6201171875,4749.99853515625,164015,0.0671392946050415,0.0016258036555891026,2015-10-05 00:00:00+07:00,0.0016258036555891026,0.0004985465080028608,0.0005677841229103809
2015-10-06 00:00:00+07:00,4878.376953125,4878.376953125,4685.8095703125,4878.376953125,347114,0.040273871715769814,0.0005850073362730825,2015-10-06 00:00:00+07:00,0.0005850073362730825,0.0005566543800872122,0.0005773127996189173
2015-10-07 00:00:00+07:00,4878.376953125,5006.75537109375,4814.18798828125,5006.75537109375,473054,0.03922068584642525,0.0005548108112556004,2015-10-07 00:00:00+07:00,0.0005548108112556004,0.0006103704514809446,0.0005854689070084773
2015-10-08 00:00:00+07:00,5070.9443359375,5263.51171875,5006.75537109375,5263.51171875,395845,0.05001035635121654,0.0009020579656528545,2015-10-08 00:00:00+07:00,0.0009020579656528545,0.0007335359537541279,0.0006222744265964492
2015-10-09 00:00:00+07:00,5263.51171875,5263.51171875,5006.75537109375,5070.9443359375,827148,0.05001035635121654,0.0009020579656528545,2015-10-09 00:00:00+07:00,0.0009020579656528545,0.0009139475468846987,0.0006590799461844212
2015-10-12 00:00:00+07:00,5006.75537109375,5135.1337890625,4878.376953125,5135.1337890625,278598,0.05129332441482686,0.0009489345132296679,2015-10-12 00:00:00+07:00,0.0009489345132296679,0.0007785737184128118,0.0006631870704998099
2015-10-13 00:00:00+07:00,5135.1337890625,5263.51171875,5070.9443359375,5263.51171875,229898,0.037271371311864455,0.0005010318004700933,2015-10-13 00:00:00+07:00,0.0005010318004700933,0.000761778611252214,0.0006694361378007863
2015-10-14 00:00:00+07:00,5199.32275390625,5263.51171875,5135.1337890625,5199.32275390625,159637,0.02469253373825366,0.0002199104459756454,2015-10-14 00:00:00+07:00,0.0002199104459756454,0.000694798538196223,0.0006623695013139847
2015-10-15 00:00:00+07:00,5135.1337890625,5263.51171875,5135.1337890625,5263.51171875,212263,0.02469253373825366,0.0002199104459756454,2015-10-15 00:00:00+07:00,0.0002199104459756454,0.0005583690342607811,0.0006723654306765141
2015-10-16 00:00:00+07:00,5199.32275390625,5391.89013671875,5199.32275390625,5327.701171875,184080,0.036367620692756786,0.00047702849840051,2015-10-16 00:00:00+07:00,0.00047702849840051,0.00047336314081031217,0.00067642186309498
2015-10-19 00:00:00+07:00,5327.701171875,5327.701171875,5199.32275390625,5263.51171875,201560,0.02439146783334127,0.0002145805825049697,2015-10-19 00:00:00+07:00,0.0002145805825049697,0.0003264923546653726,0.000669112960086784
2015-10-20 00:00:00+07:00,5263.51171875,5263.51171875,5135.1337890625,5199.32275390625,338795,0.02469253373825366,0.0002199104459756454,2015-10-20 00:00:00+07:00,0.0002199104459756454,0.00027026808376648306,0.0006436298312203015
2015-10-21 00:00:00+07:00,5199.32275390625,5199.32275390625,5070.9443359375,5199.32275390625,300533,0.025001317659368506,0.00022544486302306834,2015-10-21 00:00:00+07:00,0.00022544486302306834,0.0002713749671759676,0.0005611093896575203
2015-10-22 00:00:00+07:00,5199.32275390625,5263.51171875,5135.1337890625,5135.1337890625,117262,0.02469253373825366,0.0002199104459756454,2015-10-22 00:00:00+07:00,0.0002199104459756454,0.00027137496717596763,0.0005414100903671265
2015-10-23 00:00:00+07:00,5135.1337890625,5263.51171875,5135.1337890625,5263.51171875,226315,0.02469253373825366,0.0002199104459756454,2015-10-23 00:00:00+07:00,0.0002199104459756454,0.00021995135669099466,0.0005233270127156692
2015-10-26 00:00:00+07:00,5263.51171875,5327.701171875,5199.32275390625,5199.32275390625,141488,0.02439146783334127,0.0002145805825049697,2015-10-26 00:00:00+07:00,0.0002145805825049697,0.00021995135669099472,0.00048101811990152035
2015-10-27 00:00:00+07:00,5199.32275390625,5327.701171875,5135.1337890625,5327.701171875,182943,0.03681394791909879,0.0004888091589347924,2015-10-27 00:00:00+07:00,0.0004888091589347924,0.0002737310992828241,0.0004902262428400591
2015-10-28 00:00:00+07:00,5327.701171875,5391.89013671875,5199.32275390625,5263.51171875,262053,0.036367620692756786,0.00047702849840051,2015-10-28 00:00:00+07:00,0.00047702849840051,0.0003240478263583124,0.0004583480611907048
2015-10-29 00:00:00+07:00,5263.51171875,5263.51171875,5135.1337890625,5135.1337890625,600708,0.02469253373825366,0.0002199104459756454,2015-10-29 00:00:00+07:00,0.0002199104459756454,0.00032404782635831245,0.00045495908255999205
2015-10-30 00:00:00+07:00,5199.32275390625,5199.32275390625,5070.9443359375,5199.32275390625,194503,0.025001317659368506,0.00022544486302306834,2015-10-30 00:00:00+07:00,0.00022544486302306834,0.00032515470976779697,0.000452196101138907
2015-11-02 00:00:00+07:00,5135.1337890625,5135.1337890625,4942.56591796875,4942.56591796875,363550,0.038221284443702444,0.0005268962442241625,2015-11-02 00:00:00+07:00,0.0005268962442241625,0.00038761784211163556,0.0004631354552269628
2015-11-03 00:00:00+07:00,4878.376953125,5070.9443359375,4878.376953125,4942.56591796875,516691,0.038714486841216096,0.0005405819764598584,2015-11-03 00:00:00+07:00,0.0005405819764598584,0.0003979724056166488,0.00048770736324786537
2015-11-04 00:00:00+07:00,4942.56591796875,5199.32275390625,4942.56591796875,5135.1337890625,534809,0.05064376452946007,0.0009250527729347041,2015-11-04 00:00:00+07:00,0.0009250527729347041,0.00048757726052348755,0.0004558550503999382
2015-11-05 00:00:00+07:00,5199.32275390625,5263.51171875,5135.1337890625,5263.51171875,130909,0.02469253373825366,0.0002199104459756454,2015-11-05 00:00:00+07:00,0.0002199104459756454,0.00048757726052348755,0.0004392597372046001
2015-11-06 00:00:00+07:00,5199.32275390625,5199.32275390625,5070.9443359375,5135.1337890625,319275,0.025001317659368506,0.00022544486302306834,2015-11-06 00:00:00+07:00,0.00022544486302306834,0.00048757726052348755,0.00042428855773948495
2015-11-09 00:00:00+07:00,5199.32275390625,5199.32275390625,5070.9443359375,5135.1337890625,102042,0.025001317659368506,0.00022544486302306834,2015-11-09 00:00:00+07:00,0.00022544486302306834,0.00042728698428326874,0.0003935334167108583
2015-11-10 00:00:00+07:00,5135.1337890625,5135.1337890625,5070.9443359375,5070.9443359375,252394,0.012578837573610918,5.706838285610032e-05,2015-11-10 00:00:00+07:00,5.706838285610032e-05,0.00033058426556251716,0.00035512479931100585
2015-11-11 00:00:00+07:00,5070.9443359375,5135.1337890625,5070.9443359375,5135.1337890625,99035,0.012578837573610918,5.706838285610032e-05,2015-11-11 00:00:00+07:00,5.706838285610032e-05,0.0001569873875467964,0.00031458542974857097
2015-11-12 00:00:00+07:00,5135.1337890625,5199.32275390625,5006.75537109375,5135.1337890625,285640,0.03774030269872051,0.0005137186184038263,2015-11-12 00:00:00+07:00,0.0005137186184038263,0.00021574902203243254,0.00031516210329101345
2015-11-13 00:00:00+07:00,5135.1337890625,5199.32275390625,5135.1337890625,5199.32275390625,97835,0.01242248008575765,5.565845747088759e-05,2015-11-13 00:00:00+07:00,5.565845747088759e-05,0.00018179174092199639,0.00030769610381352444
2015-11-16 00:00:00+07:00,5199.32275390625,5520.2685546875,5135.1337890625,5520.2685546875,612860,0.07232061293078262,0.0018864215282744536,2015-11-16 00:00:00+07:00,0.0018864215282744536,0.0005139870739722734,0.0003834466075543793
2015-11-17 00:00:00+07:00,5648.64697265625,5841.21435546875,5584.4580078125,5777.025390625,262941,0.04495132925149014,0.0007287853352600935,2015-11-17 00:00:00+07:00,0.0007287853352600935,0.000648330464453072,0.00039489010013890586
2015-11-18 00:00:00+07:00,5777.025390625,5905.40380859375,5712.8359375,5841.21435546875,366214,0.03315226956201318,0.0003964067834137769,2015-11-18 00:00:00+07:00,0.0003964067834137769,0.0007161981445646074,0.00040315492745294254
2015-11-19 00:00:00+07:00,5905.40380859375,6226.349609375,5905.40380859375,6226.349609375,716242,0.05292239207782859,0.0010101677038406403,2015-11-19 00:00:00+07:00,0.0010101677038406403,0.00081548796165197,0.00043907571190135143
2015-11-20 00:00:00+07:00,6226.349609375,6354.72802734375,6033.7822265625,6354.72802734375,628081,0.05182505805554685,0.0009687108011790156,2015-11-20 00:00:00+07:00,0.0009687108011790156,0.0009980984303935955,0.0004728605272720763
2015-11-23 00:00:00+07:00,6226.349609375,6739.86279296875,6226.349609375,6739.86279296875,831495,0.07924934401980831,0.002265196593058484,2015-11-23 00:00:00+07:00,0.002265196593058484,0.0010738534433504018,0.0005658280794122053
2015-11-24 00:00:00+07:00,6739.86279296875,6996.61962890625,6675.673828125,6996.61962890625,539530,0.046956975035290324,0.0007952703142655962,2015-11-24 00:00:00+07:00,0.0007952703142655962,0.0010871504391515023,0.0005919808006981122
2015-11-25 00:00:00+07:00,6996.61962890625,7189.18701171875,6675.673828125,7189.18701171875,823596,0.07410794603109104,0.0019808158422106354,2015-11-25 00:00:00+07:00,0.0019808158422106354,0.001404032250910874,0.0006722642215938241
2015-11-26 00:00:00+07:00,7189.18701171875,7253.37646484375,6996.61962890625,7060.80859375,429947,0.03603995748140583,0.0004684714053847361,2015-11-26 00:00:00+07:00,0.0004684714053847361,0.0012956929912196933,0.0006713397782506399
2015-11-27 00:00:00+07:00,7060.80859375,7189.18701171875,6868.2412109375,7189.18701171875,396032,0.0456700298508776,0.000752275882048282,2015-11-27 00:00:00+07:00,0.000752275882048282,0.0012524060073935465,0.0006838510229619023
2015-11-30 00:00:00+07:00,7060.80859375,7060.80859375,6739.86279296875,6996.61962890625,449032,0.046520009048823315,0.0007805381391562354,2015-11-30 00:00:00+07:00,0.0007805381391562354,0.000955474316613097,0.0007093340999246563
2015-12-01 00:00:00+07:00,6996.61962890625,7060.80859375,6739.86279296875,6932.43017578125,330398,0.046520009048823315,0.0007805381391562354,2015-12-01 00:00:00+07:00,0.0007805381391562354,0.0009525278815912247,0.000734565612476164
2015-12-02 00:00:00+07:00,6996.61962890625,6996.61962890625,6739.86279296875,6739.86279296875,248842,0.0373875546696933,0.0005041603296467628,2015-12-02 00:00:00+07:00,0.0005041603296467628,0.0006571967790784502,0.0007335321618135548
2015-12-03 00:00:00+07:00,6675.673828125,7189.18701171875,6675.673828125,7189.18701171875,603450,0.07410794603109104,0.0019808158422106354,2015-12-03 00:00:00+07:00,0.0019808158422106354,0.0009596656664436299,0.0007989973375294993
2015-12-04 00:00:00+07:00,7445.94384765625,7445.94384765625,7060.80859375,7317.5654296875,372446,0.053109857506201404,0.001017336953621598,2015-12-04 00:00:00+07:00,0.001017336953621598,0.0010126778807582931,0.000803192073015267
2015-12-07 00:00:00+07:00,7381.75439453125,7702.7001953125,7317.5654296875,7702.7001953125,390128,0.05129326102390914,0.0009489321677473593,2015-12-07 00:00:00+07:00,0.0009489321677473593,0.001046356686476518,0.0008363294240048905
2015-12-08 00:00:00+07:00,7702.7001953125,8216.2138671875,7574.322265625,8152.0244140625,257411,0.08134562535215949,0.0023866182210351018,2015-12-08 00:00:00+07:00,0.0023866182210351018,0.0013675727028522912,0.000934564576641801
2015-12-09 00:00:00+07:00,8152.0244140625,8665.5380859375,8152.0244140625,8472.970703125,601892,0.06108772924903955,0.0013459301175362834,2015-12-09 00:00:00+07:00,0.0013459301175362834,0.0015359266604301953,0.00098549572457422
2015-12-10 00:00:00+07:00,8537.1591796875,8601.3486328125,8023.646484375,8472.970703125,623376,0.06952601632593365,0.001743448967883361,2015-12-10 00:00:00+07:00,0.001743448967883361,0.0014884532855647405,0.0010621493875300045
2015-12-11 00:00:00+07:00,8408.78125,8601.3486328125,8280.4033203125,8280.4033203125,218058,0.03802733134020144,0.0005215623641754126,2015-12-11 00:00:00+07:00,0.0005215623641754126,0.0013892983676755035,0.001083262750317246
2015-12-14 00:00:00+07:00,8280.4033203125,8344.591796875,8087.83544921875,8280.4033203125,358347,0.03125250356550337,0.0003522769068766815,2015-12-14 00:00:00+07:00,0.0003522769068766815,0.0012699673155013678,0.0010759244907023757
2015-12-15 00:00:00+07:00,8280.4033203125,8793.916015625,8216.2138671875,8793.916015625,711677,0.0679506176621092,0.0016653340625767833,2015-12-15 00:00:00+07:00,0.0016653340625767833,0.001125710483809704,0.0011490915636617348
2015-12-16 00:00:00+07:00,8665.5380859375,9179.0517578125,8665.5380859375,9179.0517578125,703903,0.057569884920697374,0.0011953780318001705,2015-12-16 00:00:00+07:00,0.0011953780318001705,0.0010956000666624815,0.0011176804956401763
2015-12-17 00:00:00+07:00,9179.0517578125,9564.1865234375,8858.10546875,9179.0517578125,422547,0.07669264002564988,0.0021213968688989144,2015-12-17 00:00:00+07:00,0.0021213968688989144,0.0011711896468655923,0.0011809810198964864
2015-12-18 00:00:00+07:00,9114.8623046875,9371.619140625,9050.6728515625,9307.4296875,604120,0.034846778628550235,0.0004379654187607886,2015-12-18 00:00:00+07:00,0.0004379654187607886,0.0011544702577826675,0.001182870048775896
2015-12-21 00:00:00+07:00,9179.0517578125,9820.943359375,9179.0517578125,9692.564453125,538844,0.06759327792065505,0.0016478647494346209,2015-12-21 00:00:00+07:00,0.0016478647494346209,0.0014135878262942555,0.001211856278121077
2015-12-22 00:00:00+07:00,9949.3212890625,10141.888671875,9820.943359375,10077.69921875,827304,0.03215705751073981,0.00037296420469952327,2015-12-22 00:00:00+07:00,0.00037296420469952327,0.0011551138547188035,0.0011847768873720092
2015-12-23 00:00:00+07:00,10141.888671875,10270.267578125,9949.3212890625,10270.267578125,485845,0.031748741256814546,0.000363552864262493,2015-12-23 00:00:00+07:00,0.000363552864262493,0.0009887488212112678,0.0010983385360631005
2015-12-24 00:00:00+07:00,10270.267578125,10719.591796875,10141.888671875,10719.591796875,500022,0.055398835895298024,0.001106918957700623,2015-12-24 00:00:00+07:00,0.001106918957700623,0.0007858532389716096,0.0011125043834919652
2015-12-25 00:00:00+07:00,10655.40234375,11233.1044921875,10591.212890625,11104.7265625,606955,0.05884049211965002,0.0012487259596460176,2015-12-25 00:00:00+07:00,0.0012487259596460176,0.0009480053471486553,0.0010792275706481191
2015-12-28 00:00:00+07:00,11040.537109375,11554.05078125,11040.537109375,11297.2939453125,441756,0.0454624015952953,0.0007454513329846702,2015-12-28 00:00:00+07:00,0.0007454513329846702,0.0007675226638586653,0.001091817567357207
2015-12-29 00:00:00+07:00,11297.2939453125,11554.05078125,10912.1591796875,11554.05078125,786378,0.05715840389627542,0.0011783511596088815,2015-12-29 00:00:00+07:00,0.0011783511596088815,0.0009286000548405369,0.0011111846254281434
2015-12-30 00:00:00+07:00,11554.05078125,12195.9423828125,11361.4833984375,12195.9423828125,332018,0.07087431922918146,0.0018117252969787933,2015-12-30 00:00:00+07:00,0.0018117252969787933,0.001218234541383797,0.0011580567689655323
2015-12-31 00:00:00+07:00,12837.833984375,13030.4013671875,12195.9423828125,12966.2119140625,333015,0.06618188913118664,0.001579766380004009,2015-12-31 00:00:00+07:00,0.001579766380004009,0.0013128040258444742,0.001194385325367704
2016-01-04 00:00:00+07:00,13158.7802734375,13543.9150390625,12837.833984375,13479.7255859375,561917,0.05354078062767835,0.0010339128797672663,2016-01-04 00:00:00+07:00,0.0010339128797672663,0.0012698414098687239,0.0012184649867368177
2016-01-05 00:00:00+07:00,13479.7255859375,14249.99609375,13479.7255859375,14249.99609375,525244,0.055569884441161205,0.0011137649201391183,2016-01-05 00:00:00+07:00,0.0011137649201391183,0.0013435041272996135,0.0011790535811881124
2016-01-06 00:00:00+07:00,14249.99609375,15212.8330078125,14249.99609375,15084.455078125,717052,0.06538271588897705,0.0015418440905888482,2016-01-06 00:00:00+07:00,0.0015418440905888482,0.0014162027134956069,0.0012028948146866236
2016-01-07 00:00:00+07:00,15405.400390625,15533.779296875,14314.1845703125,15405.400390625,799418,0.08176598852635779,0.0024113482198295827,2016-01-07 00:00:00+07:00,0.0024113482198295827,0.0015361272980657648,0.001269368271599452
2016-01-08 00:00:00+07:00,15405.400390625,15533.779296875,15148.64453125,15148.64453125,450808,0.025105904082391505,0.00022733498651940768,2016-01-08 00:00:00+07:00,0.00022733498651940768,0.0012656410193688445,0.0011712190336669204
2016-01-11 00:00:00+07:00,15020.265625,15084.455078125,14121.6171875,14121.6171875,1034878,0.06595799133349237,0.0015690955480893044,2016-01-11 00:00:00+07:00,0.0015690955480893044,0.001372677553033252,0.001181362916873876
2016-01-12 00:00:00+07:00,13158.7802734375,13800.671875,13158.7802734375,13800.671875,1092505,0.047628040359748214,0.0008181632603184284,2016-01-12 00:00:00+07:00,0.0008181632603184284,0.001313557221069114,0.0011393044756209244
2016-01-13 00:00:00+07:00,13864.8603515625,14570.94140625,13864.8603515625,14378.3740234375,479722,0.04967162375999526,0.0008898796230265952,2016-01-13 00:00:00+07:00,0.0008898796230265952,0.0011831643275566634,0.001156046169205069
2016-01-14 00:00:00+07:00,14378.3740234375,14378.3740234375,13736.482421875,13929.0498046875,294068,0.0456700298508776,0.000752275882048282,2016-01-14 00:00:00+07:00,0.000752275882048282,0.0008513498600004034,0.0011742279408037783
2016-01-15 00:00:00+07:00,13929.0498046875,13929.0498046875,12966.2119140625,13608.1044921875,534700,0.07162968286426705,0.0018505490648792107,2016-01-15 00:00:00+07:00,0.0018505490648792107,0.0011759926756723638,0.0011826468045447976
2016-01-18 00:00:00+07:00,13158.7802734375,13287.158203125,12709.4560546875,13287.158203125,582434,0.04445173250399577,0.0007126756690442556,2016-01-18 00:00:00+07:00,0.0007126756690442556,0.0010047086998633541,0.0011607057880558924
2016-01-19 00:00:00+07:00,13158.7802734375,14185.806640625,13094.5908203125,14185.806640625,312404,0.08004270193680177,0.0023107769579932703,2016-01-19 00:00:00+07:00,0.0023107769579932703,0.0013032314393983224,0.0011693139739238178
2016-01-20 00:00:00+07:00,14185.806640625,14763.5087890625,13993.2392578125,14763.5087890625,263066,0.05358421093659615,0.0010355909041490053,2016-01-20 00:00:00+07:00,0.0010355909041490053,0.0013323736956228046,0.0011964787687141912
2016-01-21 00:00:00+07:00,14763.5087890625,15084.455078125,14763.5087890625,15084.455078125,219117,0.021506234776026322,0.00016681815464788006,2016-01-21 00:00:00+07:00,0.00016681815464788006,0.001215282150142724,0.0011291584689511575
2016-01-22 00:00:00+07:00,15405.400390625,16047.29296875,14763.5087890625,16047.29296875,490659,0.08338165921080494,0.0025075847120702315,2016-01-22 00:00:00+07:00,0.0025075847120702315,0.0013466892795809284,0.0012261866738316441
2016-01-25 00:00:00+07:00,15918.9140625,16432.427734375,15918.9140625,16304.048828125,393991,0.03174871748522073,0.00036355231984860805,2016-01-25 00:00:00+07:00,0.00036355231984860805,0.001276864609741799,0.0012261866490855585
2016-01-26 00:00:00+07:00,16304.048828125,16304.048828125,15405.400390625,16304.048828125,585675,0.05669534866795624,0.0011593362314423856,2016-01-26 00:00:00+07:00,0.0011593362314423856,0.0010465764644316219,0.0012285692524374569
2016-01-27 00:00:00+07:00,16304.048828125,16432.427734375,16047.29296875,16047.29296875,287182,0.023716510452632192,0.00020286920434251402,2016-01-27 00:00:00+07:00,0.00020286920434251402,0.0008800321244703237,0.0011810303090145702
2016-01-28 00:00:00+07:00,15854.724609375,16047.29296875,15405.400390625,15726.3466796875,503231,0.04082205030426295,0.0006010411056197235,2016-01-28 00:00:00+07:00,0.0006010411056197235,0.0009668767146646925,0.0011744662077707092
2016-01-29 00:00:00+07:00,15597.96875,16689.18359375,15405.400390625,16689.18359375,332844,0.0800426979210872,0.002310776726131521,2016-01-29 00:00:00+07:00,0.002310776726131521,0.0009275151174769503,0.001225940097158102
2016-02-01 00:00:00+07:00,16689.18359375,16817.5625,16560.806640625,16817.5625,179827,0.01538486932411762,8.536938862283427e-05,2016-02-01 00:00:00+07:00,8.536938862283427e-05,0.0008718785312317954,0.0011474693740510127
2016-02-02 00:00:00+07:00,16753.373046875,17202.697265625,16689.18359375,16753.373046875,289285,0.030305368709109506,0.0003312483258797756,2016-02-02 00:00:00+07:00,0.0003312483258797756,0.0007062609501192735,0.001090718553409002
2016-02-03 00:00:00+07:00,16689.18359375,16753.373046875,16432.427734375,16560.806640625,124086,0.019342930510119417,0.00013494571254587653,2016-02-03 00:00:00+07:00,0.00013494571254587653,0.000692676251759946,0.0010498564094443936
2016-02-04 00:00:00+07:00,16560.806640625,17010.130859375,16560.806640625,16881.751953125,249185,0.026770241509648567,0.0002584753464285835,2016-02-04 00:00:00+07:00,0.0002584753464285835,0.000624163099921718,0.001010979610639369
2016-02-05 00:00:00+07:00,16945.94140625,17972.966796875,16881.751953125,17972.966796875,319835,0.06263551190467505,0.0014149979476189328,2016-02-05 00:00:00+07:00,0.0014149979476189328,0.00044500734421920043,0.0010052138768680094
2016-02-15 00:00:00+07:00,17972.966796875,18293.9140625,17716.2109375,18293.9140625,129149,0.03208834704478521,0.0003713720710927454,2016-02-15 00:00:00+07:00,0.0003713720710927454,0.0005022078807131827,0.0009124876882890625
2016-02-16 00:00:00+07:00,18165.53515625,18486.48046875,18165.53515625,18358.103515625,222046,0.017513553373204923,0.00011062749743435304,2016-02-16 00:00:00+07:00,0.00011062749743435304,0.0004580837150240981,0.0009071828024215599
2016-02-17 00:00:00+07:00,18614.859375,19192.5625,18293.9140625,19192.5625,202526,0.04795439455031205,0.0008294140195554471,2016-02-17 00:00:00+07:00,0.0008294140195554471,0.0005969773764260122,0.0008735609147609299
2016-02-18 00:00:00+07:00,19385.12890625,19834.453125,19128.373046875,19834.453125,305378,0.03624774974813476,0.00047388902337523606,2016-02-18 00:00:00+07:00,0.00047388902337523606,0.0006400601118153427,0.0008579120858089668
2016-02-19 00:00:00+07:00,19834.453125,19898.642578125,19577.697265625,19706.076171875,370841,0.016260493517476375,9.536345845708336e-05,2016-02-19 00:00:00+07:00,9.536345845708336e-05,0.0003761332139829728,0.0008217977146921708
2016-02-22 00:00:00+07:00,19641.88671875,20219.587890625,19320.939453125,20219.587890625,379721,0.04546237856958008,0.0007454505778751665,2016-02-22 00:00:00+07:00,0.0007454505778751665,0.00045094891533945696,0.0008214874735933928
2016-02-23 00:00:00+07:00,21182.42578125,21182.42578125,19898.642578125,19898.642578125,316875,0.06252034805827217,0.0014097994015390262,2016-02-23 00:00:00+07:00,0.0014097994015390262,0.0007107832961603916,0.0008014533979870207
2016-02-24 00:00:00+07:00,19641.88671875,21182.42578125,19256.751953125,21182.42578125,685801,0.09531011526084583,0.0032763669556072398,2016-02-24 00:00:00+07:00,0.0032763669556072398,0.0012001738833707502,0.00091798482010352
2016-02-25 00:00:00+07:00,21439.18359375,21439.18359375,19962.83203125,19962.83203125,430835,0.0713481106761586,0.0018360288549919058,2016-02-25 00:00:00+07:00,0.0018360288549919058,0.0014726018496940842,0.0008964053608761852
2016-02-26 00:00:00+07:00,19962.83203125,20861.48046875,19962.83203125,20540.53515625,263253,0.044032272558825185,0.0006992890835711165,2016-02-26 00:00:00+07:00,0.0006992890835711165,0.001593386974716891,0.0008811189144862813
2016-02-29 00:00:00+07:00,20540.53515625,20861.48046875,20412.15625,20861.48046875,246490,0.021773800727214788,0.00017099485196111892,2016-02-29 00:00:00+07:00,0.00017099485196111892,0.0014784958295340814,0.0008813087643641557
2016-03-01 00:00:00+07:00,21182.42578125,21824.318359375,20861.48046875,21824.318359375,385314,0.045120450425448835,0.0007342794949229832,2016-03-01 00:00:00+07:00,0.0007342794949229832,0.0013433918482108728,0.0008007039817665534
2016-03-02 00:00:00+07:00,21374.994140625,22466.208984375,21374.994140625,22466.208984375,319275,0.04979061672731211,0.0008941483077531225,2016-03-02 00:00:00+07:00,0.0008941483077531225,0.0008669481186400492,0.0008248219812167588
2016-03-03 00:00:00+07:00,22466.208984375,22466.208984375,21824.318359375,21824.318359375,246723,0.02898748829130496,0.0003030649553965375,2016-03-03 00:00:00+07:00,0.0003030649553965375,0.0005603553387209755,0.0007859005595783112
2016-03-04 00:00:00+07:00,21824.318359375,22145.263671875,21439.18359375,21503.37109375,337112,0.03240338708625161,0.00037870005249579617,2016-03-04 00:00:00+07:00,0.00037870005249579617,0.0004962375325059115,0.0007938928708580058
2016-03-07 00:00:00+07:00,21503.37109375,21760.12890625,21054.046875,21760.12890625,371807,0.03298655372621719,0.0003924537086963273,2016-03-07 00:00:00+07:00,0.0003924537086963273,0.0005405293038529531,0.0007844116255433059
2016-03-08 00:00:00+07:00,21760.12890625,21760.12890625,20347.966796875,21182.42578125,324447,0.06709835077503139,0.0016238213192658992,2016-03-08 00:00:00+07:00,0.0016238213192658992,0.0007184376687215364,0.0007531863797766869
2016-03-09 00:00:00+07:00,21246.615234375,21310.8046875,20925.669921875,21182.42578125,227000,0.018237575179907203,0.00011996339225317035,2016-03-09 00:00:00+07:00,0.00011996339225317035,0.0005636006856215459,0.0007547588344871566
2016-03-10 00:00:00+07:00,21310.8046875,21374.994140625,21054.046875,21374.994140625,377026,0.015128948455541948,8.255284295665201e-05,2016-03-10 00:00:00+07:00,8.255284295665201e-05,0.0005194982631335688,0.0007434544943542873
2016-03-11 00:00:00+07:00,21182.42578125,21760.12890625,21118.236328125,21760.12890625,269173,0.029942397810564635,0.0003233610450243222,2016-03-11 00:00:00+07:00,0.0003233610450243222,0.000508430461639274,0.000752018827648762
2016-03-14 00:00:00+07:00,22145.263671875,22145.263671875,21439.18359375,21824.318359375,115128,0.03240338708625161,0.00037870005249579617,2016-03-14 00:00:00+07:00,0.00037870005249579617,0.0005056797303991678,0.0007574835870154535
2016-03-15 00:00:00+07:00,21824.318359375,21824.318359375,21567.560546875,21567.560546875,90124,0.011834509851288259,5.0514388339247686e-05,2016-03-15 00:00:00+07:00,5.0514388339247686e-05,0.00019101834421383752,0.0006954616070481951
2016-03-16 00:00:00+07:00,21503.37109375,21567.560546875,21118.236328125,21374.994140625,177740,0.02105341112460809,0.00015986724479774412,2016-03-16 00:00:00+07:00,0.00015986724479774412,0.00019899911472275226,0.0006858477513075133
2016-03-17 00:00:00+07:00,21310.8046875,21503.37109375,20989.859375,21503.37109375,235211,0.024170283709463287,0.00021070655373798457,2016-03-17 00:00:00+07:00,0.00021070655373798457,0.00022462985687901876,0.0006903967993213147
2016-03-18 00:00:00+07:00,21503.37109375,21503.37109375,20989.859375,21374.994140625,120300,0.024170283709463287,0.00021070655373798457,2016-03-18 00:00:00+07:00,0.00021070655373798457,0.00020209895862175124,0.0006622737326932482
2016-03-21 00:00:00+07:00,21182.42578125,21182.42578125,20540.53515625,20540.53515625,143310,0.030771606801457685,0.0003415190206712624,2016-03-21 00:00:00+07:00,0.0003415190206712624,0.0001946627522568445,0.0006562569143885222
2016-03-22 00:00:00+07:00,20540.53515625,21182.42578125,20540.53515625,21118.236328125,123805,0.030771606801457685,0.0003415190206712624,2016-03-22 00:00:00+07:00,0.0003415190206712624,0.00025286367872324745,0.0006674458035800757
2016-03-23 00:00:00+07:00,20989.859375,21246.615234375,20989.859375,21118.236328125,111109,0.012158165404059356,5.331515085766183e-05,2016-03-23 00:00:00+07:00,5.331515085766183e-05,0.00023155325993523098,0.0006359851023520073
2016-03-24 00:00:00+07:00,21118.236328125,21439.18359375,20989.859375,21439.18359375,112230,0.02118082263663794,0.0001618080763173196,2016-03-24 00:00:00+07:00,0.0001618080763173196,0.00022177356445109798,0.0005792582239328389
2016-03-25 00:00:00+07:00,21310.8046875,21631.75,21118.236328125,21118.236328125,228060,0.024025194681018762,0.000208184493729948,2016-03-25 00:00:00+07:00,0.000208184493729948,0.00022126915244949068,0.00043979538475659837
2016-03-28 00:00:00+07:00,21054.046875,21118.236328125,20925.669921875,20925.669921875,117496,0.00916031691471465,3.026464231962292e-05,2016-03-28 00:00:00+07:00,3.026464231962292e-05,0.00015901827677916277,0.00035771519327149455
2016-03-29 00:00:00+07:00,20861.48046875,21054.046875,20668.912109375,20797.291015625,252223,0.018462051315859578,0.00012293469134292865,2016-03-29 00:00:00+07:00,0.00012293469134292865,0.00011530141091349602,0.0003315172663520315
2016-03-30 00:00:00+07:00,20797.291015625,20797.291015625,20476.345703125,20476.345703125,185592,0.015552386806200025,8.723859165605681e-05,2016-03-30 00:00:00+07:00,8.723859165605681e-05,0.00012208609907317502,0.0003277101636108923
2016-03-31 00:00:00+07:00,20347.966796875,20412.15625,19834.453125,20219.587890625,348859,0.0287101356096253,0.0002972932408298923,2016-03-31 00:00:00+07:00,0.0002972932408298923,0.00014918313197568954,0.00030784715206120633
2016-04-01 00:00:00+07:00,20155.3984375,20925.669921875,19898.642578125,20925.669921875,160541,0.050325113996006074,0.0009134485321952409,2016-04-01 00:00:00+07:00,0.0009134485321952409,0.0002902359396687481,0.00030872443499039355
2016-04-04 00:00:00+07:00,20925.669921875,21182.42578125,20733.1015625,21054.046875,144214,0.021440332950655314,0.00016579735513877667,2016-04-04 00:00:00+07:00,0.00016579735513877667,0.00031734248223257887,0.00030248499861504076
2016-04-05 00:00:00+07:00,21054.046875,21054.046875,20861.48046875,20989.859375,50538,0.009188373533899976,3.045031797224923e-05,2016-04-05 00:00:00+07:00,3.045031797224923e-05,0.000298845607558443,0.00028665546522760684
2016-04-06 00:00:00+07:00,20861.48046875,20925.669921875,20668.912109375,20733.1015625,82194,0.012345890316797644,5.4974257989215046e-05,2016-04-06 00:00:00+07:00,5.4974257989215046e-05,0.0002923927408250746,0.00027131549019546533
2016-04-07 00:00:00+07:00,20733.1015625,20733.1015625,20412.15625,20733.1015625,82085,0.015600914373663507,8.778385605556527e-05,2016-04-07 00:00:00+07:00,8.778385605556527e-05,0.0002504908638702092,0.00020149560550408654
2016-04-08 00:00:00+07:00,20540.53515625,20733.1015625,20412.15625,20733.1015625,286730,0.015600914373663507,8.778385605556527e-05,2016-04-08 00:00:00+07:00,8.778385605556527e-05,8.535792864227412e-05,0.0002000328993132863
2016-04-11 00:00:00+07:00,20733.1015625,21054.046875,20733.1015625,20797.291015625,334028,0.0153612598874512,8.510757597657503e-05,2016-04-11 00:00:00+07:00,8.510757597657503e-05,6.921997280983379e-05,0.0002001490235414646
2016-04-12 00:00:00+07:00,20797.291015625,20797.291015625,20540.53515625,20540.53515625,412094,0.01242248008575765,5.565845747088759e-05,2016-04-12 00:00:00+07:00,5.565845747088759e-05,7.426160070956147e-05,0.0001879807241072176
2016-04-13 00:00:00+07:00,19834.453125,20733.1015625,19834.453125,20733.1015625,319321,0.0443110499832887,0.0007081718016350293,2016-04-13 00:00:00+07:00,0.0007081718016350293,0.0002049011094387243,0.00020295671270445547
2016-04-14 00:00:00+07:00,20604.72265625,20604.72265625,20347.966796875,20540.53515625,349108,0.012539309482731097,5.671027983432443e-05,2016-04-14 00:00:00+07:00,5.671027983432443e-05,0.00019868639419447616,0.00020323834413604988
2016-04-15 00:00:00+07:00,20733.1015625,21824.318359375,20540.53515625,21824.318359375,762433,0.060624610629802504,0.001325599929240897,2016-04-15 00:00:00+07:00,0.001325599929240897,0.0004462496088315425,0.0002562261934289205
2016-04-19 00:00:00+07:00,21888.5078125,22273.642578125,21888.5078125,22016.884765625,444093,0.01744229057735139,0.00010972904064148111,2016-04-19 00:00:00+07:00,0.00010972904064148111,0.00045117390176452365,0.00025163630646998845
2016-04-20 00:00:00+07:00,22145.263671875,23557.42578125,22016.884765625,23557.42578125,463193,0.06763144222232313,0.0016497260990719195,2016-04-20 00:00:00+07:00,0.0016497260990719195,0.0007699874300847301,0.00031704628580334917
2016-04-21 00:00:00+07:00,24712.830078125,24905.3984375,24135.12890625,24905.3984375,225287,0.03141617454225608,0.0003559763534175346,2016-04-21 00:00:00+07:00,0.0003559763534175346,0.0006995483404412311,0.00031770343729181606
2016-04-22 00:00:00+07:00,24841.208984375,26253.37109375,24777.01953125,26253.37109375,325740,0.05787781163335219,0.0012081997782778598,2016-04-22 00:00:00+07:00,0.0012081997782778598,0.0009298462401299383,0.00035709801718302505
2016-04-25 00:00:00+07:00,26253.37109375,27280.396484375,25932.423828125,27280.396484375,427953,0.0506742957480445,0.0009261684681043737,2016-04-25 00:00:00+07:00,0.0009261684681043737,0.0008499599479026336,0.00039677316796696646
2016-04-26 00:00:00+07:00,26381.748046875,27280.396484375,26381.748046875,26766.884765625,299832,0.03349595756370555,0.00040466844725646657,2016-04-26 00:00:00+07:00,0.00040466844725646657,0.0009089478292256308,0.00040781227573692767
2016-04-28 00:00:00+07:00,28564.181640625,28692.55859375,28179.044921875,28499.9921875,156038,0.01805919285768542,0.0001176281372188569,2016-04-28 00:00:00+07:00,0.0001176281372188569,0.0006025282368550181,0.0004036960777136963
2016-04-29 00:00:00+07:00,28307.423828125,29334.451171875,28307.423828125,29077.693359375,388788,0.035638536886225765,0.0004580936585375868,2016-04-29 00:00:00+07:00,0.0004580936585375868,0.0006229516978790286,0.0004231428511781492
2016-05-04 00:00:00+07:00,29141.8828125,29334.451171875,28820.9375,29334.451171875,249870,0.01766051368039183,0.00011249188924181648,2016-05-04 00:00:00+07:00,0.00011249188924181648,0.00040381012007181994,0.0004226681783553714
2016-05-05 00:00:00+07:00,29206.072265625,29334.451171875,28949.31640625,28949.31640625,283100,0.013216042386077619,6.299664099098748e-05,2016-05-05 00:00:00+07:00,6.299664099098748e-05,0.0002311757546491427,0.0004215662715069592
2016-05-06 00:00:00+07:00,28949.31640625,29013.505859375,28114.857421875,28564.181640625,482215,0.03146327037794662,0.00035704443826636926,2016-05-06 00:00:00+07:00,0.00035704443826636926,0.00022165095285112325,0.00042428223502679897
2016-05-09 00:00:00+07:00,28371.61328125,28371.61328125,26959.451171875,26959.451171875,238544,0.05105518424063388,0.0009401437064705917,2016-05-09 00:00:00+07:00,0.0009401437064705917,0.0003861540667014702,0.000425495652039315
2016-05-10 00:00:00+07:00,25483.099609375,27087.830078125,25483.099609375,27087.830078125,321736,0.06106908038858063,0.0013451084719460933,2016-05-10 00:00:00+07:00,0.0013451084719460933,0.0005635570293831716,0.00047910070280328393
2016-05-11 00:00:00+07:00,26895.26171875,28114.857421875,26895.26171875,27601.34375,273644,0.044348043675571075,0.0007093547492545379,2016-05-11 00:00:00+07:00,0.0007093547492545379,0.0006829296013857157,0.000509959995134297
2016-05-12 00:00:00+07:00,27601.34375,27729.720703125,27601.34375,27601.34375,118649,0.0046403294334507305,7.76626445827654e-06,2016-05-12 00:00:00+07:00,7.76626445827654e-06,0.0006718835260791736,0.0005078141772465271
2016-05-13 00:00:00+07:00,27601.34375,28050.66796875,27601.34375,27601.34375,196139,0.016147987055688665,9.404838296393303e-05,2016-05-13 00:00:00+07:00,9.404838296393303e-05,0.0006192843150186863,0.0005080989284696346
2016-05-16 00:00:00+07:00,27601.34375,27601.34375,27216.208984375,27472.96484375,175309,0.014051743775949227,7.121557610081475e-05,2016-05-16 00:00:00+07:00,7.121557610081475e-05,0.0004454986889447309,0.0005073458248353278
2016-05-17 00:00:00+07:00,27280.396484375,27729.720703125,27280.396484375,27472.96484375,320085,0.01633642081124455,9.62561243870571e-05,2016-05-17 00:00:00+07:00,9.62561243870571e-05,0.0001957282194329237,0.0005078525770358043
2016-05-18 00:00:00+07:00,27472.96484375,28307.423828125,27472.96484375,28243.234375,602313,0.02992167180466154,0.00032291354155931993,2016-05-18 00:00:00+07:00,0.00032291354155931993,0.00011843997789388011,0.0005200005354034603
2016-05-19 00:00:00+07:00,28243.234375,29398.640625,28243.234375,29077.693359375,135801,0.04009449827134125,0.0005798078808933276,2016-05-19 00:00:00+07:00,0.0005798078808933276,0.0002328483011808903,0.000514165811733383
2016-05-20 00:00:00+07:00,29270.26171875,30040.53125,28885.126953125,29655.396484375,291606,0.03922068714675094,0.0005548108480440834,2016-05-20 00:00:00+07:00,0.0005548108480440834,0.0003250007941969204,0.0005368067466520085
2016-05-23 00:00:00+07:00,29527.017578125,29527.017578125,28756.748046875,29013.505859375,192166,0.02643323994079552,0.0002520085897208813,2016-05-23 00:00:00+07:00,0.0002520085897208813,0.0003611593969209337,0.0004880071403101895
2016-05-24 00:00:00+07:00,29013.505859375,29334.451171875,28692.55859375,28692.55859375,196746,0.022124826517767752,0.00017655267242300537,2016-05-24 00:00:00+07:00,0.00017655267242300537,0.00037721870652812335,0.0004910445781184405
2016-05-25 00:00:00+07:00,28692.55859375,28692.55859375,27665.533203125,27665.533203125,214802,0.036450456970828084,0.0004792040747784898,2016-05-25 00:00:00+07:00,0.0004792040747784898,0.00040847681317195735,0.0004378390315596484
2016-05-26 00:00:00+07:00,27601.34375,28564.181640625,27601.34375,28499.9921875,514385,0.0342890846097258,0.0004240590441495901,2016-05-26 00:00:00+07:00,0.0004240590441495901,0.00037732704582320987,0.00044093369932019633
2016-05-27 00:00:00+07:00,28435.802734375,28885.126953125,28435.802734375,28756.748046875,375779,0.015677813482401194,8.865138692131769e-05,2016-05-27 00:00:00+07:00,8.865138692131769e-05,0.0002840951535986567,0.0003900451360767171
2016-05-30 00:00:00+07:00,29077.693359375,29077.693359375,28820.9375,28885.126953125,297869,0.00886920946689106,2.8371635481530685e-05,2016-05-30 00:00:00+07:00,2.8371635481530685e-05,0.0002393677627507866,0.0003492361891393152
2016-05-31 00:00:00+07:00,28885.126953125,28885.126953125,26959.451171875,28756.748046875,234385,0.06899289563587258,0.001716814185256123,2016-05-31 00:00:00+07:00,0.001716814185256123,0.0005474200653174102,0.00040887917723020866
2016-06-01 00:00:00+07:00,28756.748046875,29527.017578125,28371.61328125,29527.017578125,288272,0.03991658136565538,0.0005746735731630054,2016-06-01 00:00:00+07:00,0.0005746735731630054,0.0005665139649943132,0.0004296539697731245
2016-06-02 00:00:00+07:00,29013.505859375,30489.85546875,28949.31640625,30489.85546875,313635,0.0518474298752035,0.0009695473270527374,2016-06-02 00:00:00+07:00,0.0009695473270527374,0.0006756116215749427,0.0004529018637965404
2016-06-03 00:00:00+07:00,30104.720703125,30746.61328125,30104.720703125,30682.423828125,225816,0.021097857543329494,0.0001605429573265537,2016-06-03 00:00:00+07:00,0.0001605429573265537,0.0006899899356559899,0.00045508600325493755
2016-06-06 00:00:00+07:00,30618.234375,31131.748046875,30361.4765625,30746.61328125,226813,0.02505354953176232,0.00022638782993873274,2016-06-06 00:00:00+07:00,0.00022638782993873274,0.0007295931745474303,0.0004625128754798351
2016-06-07 00:00:00+07:00,30810.80078125,32094.5859375,30746.61328125,32094.5859375,326971,0.042907502535834724,0.0006640197873903938,2016-06-07 00:00:00+07:00,0.0006640197873903938,0.0005190342949742845,0.00047646630044001807
2016-06-08 00:00:00+07:00,32094.5859375,32736.4765625,32094.5859375,32736.4765625,148420,0.01980259388543746,0.00014143559102223438,2016-06-08 00:00:00+07:00,0.00014143559102223438,0.00043238669854613027,0.00044016138610145626
2016-06-09 00:00:00+07:00,32736.4765625,33057.421875,32094.5859375,32736.4765625,197323,0.02955875261199483,0.00031512782583609944,2016-06-09 00:00:00+07:00,0.00031512782583609944,0.00030150279830280265,0.0003933440840055475
2016-06-10 00:00:00+07:00,32736.4765625,33378.3671875,32415.53125,33378.3671875,290002,0.029270333634426934,0.00030900812089380283,2016-06-10 00:00:00+07:00,0.00030900812089380283,0.0003311958310162525,0.0003751465099891505
2016-06-13 00:00:00+07:00,33057.421875,33699.3125,32094.5859375,33699.3125,239744,0.048790083029056026,0.0008585738601934308,2016-06-13 00:00:00+07:00,0.0008585738601934308,0.00045763303706719213,0.0004138195825225666
2016-06-14 00:00:00+07:00,33699.3125,34020.26171875,33378.3671875,34020.26171875,204909,0.019048278878556438,0.00013086575925409831,2016-06-14 00:00:00+07:00,0.00013086575925409831,0.000351002231439933,0.000415493099626665
2016-06-15 00:00:00+07:00,34020.26171875,34341.20703125,33378.3671875,34020.26171875,254419,0.028438003131954347,0.0002916840913497393,2016-06-15 00:00:00+07:00,0.0002916840913497393,0.000381051931505434,0.0004255143957743434
2016-06-16 00:00:00+07:00,34020.26171875,35624.98828125,34020.26171875,35624.98828125,219040,0.04609102961831806,0.0007662092088294047,2016-06-16 00:00:00+07:00,0.0007662092088294047,0.0004712682081040951,0.00045596680870354107
2016-06-17 00:00:00+07:00,35304.04296875,36587.828125,34662.15234375,36587.828125,135069,0.05406723906421732,0.001054345462988728,2016-06-17 00:00:00+07:00,0.001054345462988728,0.00062033567652308,0.0004892137142230596
2016-06-20 00:00:00+07:00,36587.828125,37229.71875,35945.93359375,37229.71875,358814,0.035091368525474065,0.00044413516332702466,2016-06-20 00:00:00+07:00,0.00044413516332702466,0.0005374479371497989,0.00048304677251550035
2016-06-21 00:00:00+07:00,37229.71875,37550.6640625,36908.7734375,37550.6640625,298383,0.01724177748810702,0.00010722069543341542,2016-06-21 00:00:00+07:00,0.00010722069543341542,0.0005327189243856623,0.00046270176557865173
2016-06-22 00:00:00+07:00,37550.6640625,37871.609375,37229.71875,37871.609375,201171,0.017094404905632438,0.00010539560979013407,2016-06-22 00:00:00+07:00,0.00010539560979013407,0.0004954612280737412,0.00045603753921816324
2016-06-23 00:00:00+07:00,37550.6640625,37871.609375,36587.828125,37871.609375,430352,0.03448611816546019,0.0004289465424793825,2016-06-23 00:00:00+07:00,0.0004289465424793825,0.0004280086948037368,0.0004675099878570895
2016-06-24 00:00:00+07:00,37871.609375,38834.44921875,35304.04296875,38834.44921875,367491,0.09531023009794527,0.0032763748508595645,2016-06-24 00:00:00+07:00,0.0032763748508595645,0.0008724145723779041,0.0005946541140425929
2016-06-27 00:00:00+07:00,38513.50390625,39155.39453125,38192.5546875,38834.44921875,154371,0.024897611144044506,0.00022357843257015143,2016-06-27 00:00:00+07:00,0.00022357843257015143,0.0008283032262265293,0.0005855413589708002
2016-06-28 00:00:00+07:00,38513.50390625,39155.39453125,37871.609375,37871.609375,207636,0.033336465921734636,0.0004008239488376829,2016-06-28 00:00:00+07:00,0.0004008239488376829,0.000887023876907383,0.0005997310208760895
2016-06-29 00:00:00+07:00,37871.609375,38834.44921875,37550.6640625,38834.44921875,258205,0.033616656364145174,0.0004075900533102182,2016-06-29 00:00:00+07:00,0.0004075900533102182,0.0009474627656114,0.0006169682216864845
2016-06-30 00:00:00+07:00,39155.39453125,39155.39453125,38513.50390625,38513.50390625,173970,0.01652927368509738,9.854216255202099e-05,2016-06-30 00:00:00+07:00,9.854216255202099e-05,0.0008813818896259275,0.0005434104024726617
2016-07-01 00:00:00+07:00,38834.44921875,40760.12109375,38513.50390625,40118.23046875,296919,0.05669524864008249,0.0011593321406011222,2016-07-01 00:00:00+07:00,0.0011593321406011222,0.000457973347574239,0.0005699857919016669
2016-07-04 00:00:00+07:00,40118.23046875,41081.0703125,40118.23046875,40439.17578125,615212,0.023716582908450728,0.00020287044390739344,2016-07-04 00:00:00+07:00,0.00020287044390739344,0.00045383174984168736,0.0005351368426677876
2016-07-05 00:00:00+07:00,40760.12109375,41402.015625,40439.17578125,41081.0703125,264374,0.023530553570476107,0.0001997003547232785,2016-07-05 00:00:00+07:00,0.0001997003547232785,0.0004136070310188065,0.0005369167243676388
2016-07-06 00:00:00+07:00,41081.0703125,43648.63671875,41081.0703125,43648.63671875,643005,0.060624610629802504,0.001325599929240897,2016-07-06 00:00:00+07:00,0.001325599929240897,0.0005972090062049422,0.0005868809106995553
2016-07-07 00:00:00+07:00,44290.52734375,46537.1484375,44290.52734375,46537.1484375,523078,0.049480060304613147,0.0008830290436189764,2016-07-07 00:00:00+07:00,0.0008830290436189764,0.0007541063824183334,0.0005968358768917636
2016-07-08 00:00:00+07:00,48141.87890625,49746.60546875,47179.0390625,49746.60546875,772560,0.052992523196304306,0.001012846763815116,2016-07-08 00:00:00+07:00,0.001012846763815116,0.000724809307061132,0.0006364454756550764
2016-07-13 00:00:00+07:00,50709.4453125,52635.12109375,49425.66015625,50067.55078125,611505,0.06291387263750553,0.0014276027809312986,2016-07-13 00:00:00+07:00,0.0014276027809312986,0.000969755774465913,0.0006870125190684945
2016-07-14 00:00:00+07:00,49425.66015625,50388.5,46858.09375,48783.76953125,392496,0.07263922187031972,0.0019030794259536099,2016-07-14 00:00:00+07:00,0.0019030794259536099,0.0013104315887119795,0.0007594703056621222
2016-07-15 00:00:00+07:00,48462.82421875,49104.71484375,45574.3125,48783.76953125,340727,0.07461082009503314,0.002007789482298836,2016-07-15 00:00:00+07:00,0.002007789482298836,0.0014468694993235672,0.0008117073793941862
2016-07-18 00:00:00+07:00,48141.87890625,49104.71484375,46537.1484375,48783.76953125,281137,0.053704170742614014,0.0010402328812842985,2016-07-18 00:00:00+07:00,0.0010402328812842985,0.0014783102668566317,0.000853042248577377
2016-07-19 00:00:00+07:00,48141.87890625,48462.82421875,45574.3125,46858.09375,261243,0.06145275764384142,0.001362063327943564,2016-07-19 00:00:00+07:00,0.001362063327943564,0.001548153579682321,0.0009016958502407326
2016-07-20 00:00:00+07:00,45574.3125,45574.3125,43648.63671875,43648.63671875,194098,0.04317218573033033,0.0006722373231138564,2016-07-20 00:00:00+07:00,0.0006722373231138564,0.0013970804881188327,0.0008974244008900259
2016-07-21 00:00:00+07:00,40760.12109375,40760.12109375,40760.12109375,40760.12109375,41549,0.0,0.0,2016-07-21 00:00:00+07:00,0.0,0.0010164646029281108,0.000849499607117811
2016-07-22 00:00:00+07:00,38192.5546875,38192.5546875,38192.5546875,38192.5546875,1869,0.0,0.0,2016-07-22 00:00:00+07:00,0.0,0.0006149067064683436,0.0008293116451484008
2016-07-25 00:00:00+07:00,35624.98828125,35624.98828125,35624.98828125,35624.98828125,15563,0.0,0.0,2016-07-25 00:00:00+07:00,0.0,0.0004068601302114839,0.0008244379771741545
2016-07-26 00:00:00+07:00,33378.3671875,33378.3671875,33378.3671875,33378.3671875,231129,0.0,0.0,2016-07-26 00:00:00+07:00,0.0,0.0001344474646227711,0.0008196472676382394
2016-07-27 00:00:00+07:00,33378.3671875,33378.3671875,33378.3671875,33378.3671875,0,0.0,0.0,2016-07-27 00:00:00+07:00,0.0,0.0,0.0008001496975255401
2016-07-28 00:00:00+07:00,34020.26171875,34662.15234375,32736.4765625,34662.15234375,198943,0.05715843372729537,0.0011783523895741615,2016-07-28 00:00:00+07:00,0.0011783523895741615,0.0002356704779148321,0.0007047850401943856
2016-07-29 00:00:00+07:00,35304.04296875,35624.98828125,34020.26171875,34020.26171875,179157,0.04609102961831806,0.0007662092088294047,2016-07-29 00:00:00+07:00,0.0007662092088294047,0.0003889123196807131,0.000729450075478897
2016-08-01 00:00:00+07:00,34020.26171875,34020.26171875,31645.26171875,32415.53125,187321,0.07236785136863724,0.0018888866818597163,2016-08-01 00:00:00+07:00,0.0018888866818597163,0.0007666896560526563,0.0007970892906162621
2016-08-02 00:00:00+07:00,30810.80078125,30810.80078125,30168.91015625,30168.91015625,52859,0.021053374130515643,0.00015986668297539598,2016-08-02 00:00:00+07:00,0.00015986668297539598,0.0007986629926477355,0.0007858291374192249
2016-08-03 00:00:00+07:00,28114.857421875,28114.857421875,28114.857421875,28114.857421875,9129,0.0,0.0,2016-08-03 00:00:00+07:00,0.0,0.0007986629926477355,0.0007813499482123148
2016-08-04 00:00:00+07:00,26189.181640625,26189.181640625,26189.181640625,26189.181640625,358,0.0,0.0,2016-08-04 00:00:00+07:00,0.0,0.0005629925147329032,0.0007286530327304456
2016-08-05 00:00:00+07:00,24391.884765625,24841.208984375,24391.884765625,24841.208984375,1571028,0.01825344134388191,0.00012017221242441542,2016-08-05 00:00:00+07:00,0.00012017221242441542,0.0004337851154519053,0.0007248940222084919
2016-08-08 00:00:00+07:00,23108.1015625,23108.1015625,23108.1015625,23108.1015625,243280,0.0,0.0,2016-08-08 00:00:00+07:00,0.0,5.6007779079962104e-05,0.0007158167333574339
2016-08-09 00:00:00+07:00,21503.37109375,21503.37109375,21503.37109375,21503.37109375,1713,0.0,0.0,2016-08-09 00:00:00+07:00,0.0,2.403444248488291e-05,0.0006555621911192113
2016-08-10 00:00:00+07:00,20027.021484375,20027.021484375,20027.021484375,20027.021484375,1620,0.0,0.0,2016-08-10 00:00:00+07:00,0.0,2.403444248488291e-05,0.0006154245073183487
2016-08-11 00:00:00+07:00,18679.048828125,18679.048828125,18679.048828125,18679.048828125,10064,0.0,0.0,2016-08-11 00:00:00+07:00,0.0,2.403444248488291e-05,0.0005693860180540252
2016-08-12 00:00:00+07:00,17395.265625,17395.265625,17395.265625,17395.265625,62,0.0,0.0,2016-08-12 00:00:00+07:00,0.0,0.0,0.0005044949825571481
2016-08-15 00:00:00+07:00,16239.8603515625,16239.8603515625,16239.8603515625,16239.8603515625,6714,0.0,0.0,2016-08-15 00:00:00+07:00,0.0,0.0,0.00041799137228652945
2016-08-16 00:00:00+07:00,15405.400390625,15405.400390625,15148.64453125,15148.64453125,5577,0.016807064595264144,0.000101882193360863,2016-08-16 00:00:00+07:00,0.000101882193360863,2.037643867217243e-05,0.0003313592227893489
2016-08-17 00:00:00+07:00,14121.6171875,14121.6171875,14121.6171875,14121.6171875,17760,0.0,0.0,2016-08-17 00:00:00+07:00,0.0,2.037643867217243e-05,0.000284075910003699
2016-08-18 00:00:00+07:00,13158.7802734375,13158.7802734375,13158.7802734375,13158.7802734375,2009,0.0,0.0,2016-08-18 00:00:00+07:00,0.0,2.037643867217243e-05,0.00022216394055171878
2016-08-19 00:00:00+07:00,12260.1318359375,12260.1318359375,12260.1318359375,12260.1318359375,2118,0.0,0.0,2016-08-19 00:00:00+07:00,0.0,2.037643867217243e-05,0.00019160769859199805
2016-08-22 00:00:00+07:00,11425.671875,11425.671875,11425.671875,11425.671875,6714,0.0,0.0,2016-08-22 00:00:00+07:00,0.0,2.037643867217243e-05,0.00019160769859199805
2016-08-23 00:00:00+07:00,10655.40234375,10655.40234375,10655.40234375,10655.40234375,104908,0.0,0.0,2016-08-23 00:00:00+07:00,0.0,0.0,0.00019160769859199805
2016-08-25 00:00:00+07:00,12131.7529296875,12131.7529296875,12131.7529296875,12131.7529296875,178223,0.0,0.0,2016-08-25 00:00:00+07:00,0.0,0.0,0.00019160769859199805
2016-08-26 00:00:00+07:00,12966.2119140625,12966.2119140625,12324.3203125,12516.8876953125,818206,0.0507723190970946,0.000929755057365576,2016-08-26 00:00:00+07:00,0.000929755057365576,0.00018595101147311503,0.00023386929210861515
2016-08-29 00:00:00+07:00,11682.4287109375,12195.9423828125,11682.4287109375,11682.4287109375,1734716,0.04301741148129719,0.0006674259603336881,2016-08-29 00:00:00+07:00,0.0006674259603336881,0.00031943620353985265,0.0002642068357601464
2016-08-30 00:00:00+07:00,10912.1591796875,11489.861328125,10912.1591796875,11104.7265625,877718,0.051587334293168405,0.0009598441478638304,2016-08-30 00:00:00+07:00,0.0009598441478638304,0.0005114050331126187,0.0002542746429551314
2016-08-31 00:00:00+07:00,11554.05078125,11874.99609375,11425.671875,11874.99609375,544686,0.03857227848227878,0.0005366178746166724,2016-08-31 00:00:00+07:00,0.0005366178746166724,0.0006187286080359532,0.00024383867321818898
2016-09-01 00:00:00+07:00,12388.509765625,12645.2666015625,12260.1318359375,12645.2666015625,906959,0.030930279666067068,0.00034505016649143876,2016-09-01 00:00:00+07:00,0.00034505016649143876,0.0006877386413342409,0.00017366428615599457
2016-09-06 00:00:00+07:00,13479.7255859375,14378.3740234375,13479.7255859375,14378.3740234375,918784,0.06453852566549398,0.0015022860266526775,2016-09-06 00:00:00+07:00,0.0015022860266526775,0.0008022448351916612,0.0002346833472322346
2016-09-07 00:00:00+07:00,14699.3203125,15341.2119140625,14506.7529296875,15341.2119140625,1416002,0.05592853604102631,0.0011281879344750003,2016-09-07 00:00:00+07:00,0.0011281879344750003,0.0008943972300199237,0.00028596461698109825
2016-09-08 00:00:00+07:00,15084.455078125,15854.724609375,14763.5087890625,15277.0224609375,547849,0.07130902475896203,0.0018340177795884785,2016-09-08 00:00:00+07:00,0.0018340177795884785,0.0010692319563648533,0.00036932906150784726
2016-09-09 00:00:00+07:00,15277.0224609375,15918.9140625,14827.6982421875,15277.0224609375,369345,0.0710110313941115,0.001818721449455349,2016-09-09 00:00:00+07:00,0.001818721449455349,0.0013256526713325886,0.00044653584500925334
2016-09-12 00:00:00+07:00,15277.0224609375,15341.2119140625,14217.9013671875,14217.9013671875,549142,0.07604096603865387,0.0020854981013630654,2016-09-12 00:00:00+07:00,0.0020854981013630654,0.001673742258306914,0.000541331213253029
2016-09-13 00:00:00+07:00,14121.6171875,15020.265625,14121.6171875,14442.5634765625,479520,0.06169357373379999,0.0013727593312047866,2016-09-13 00:00:00+07:00,0.0013727593312047866,0.001647836919217336,0.0006037293646714285
2016-09-14 00:00:00+07:00,14570.94140625,14570.94140625,13864.8603515625,13864.8603515625,474456,0.04967162375999526,0.0008898796230265952,2016-09-14 00:00:00+07:00,0.0008898796230265952,0.0016001752569276546,0.0006441784384453646
2016-09-15 00:00:00+07:00,13576.009765625,14121.6171875,13543.9150390625,13672.29296875,297776,0.04176938534590057,0.0006292608558130926,2016-09-15 00:00:00+07:00,0.0006292608558130926,0.0013592238721725775,0.000672781204618687
2016-09-16 00:00:00+07:00,13543.9150390625,13993.2392578125,13287.158203125,13511.8203125,348625,0.05177628267221494,0.0009668882462983863,2016-09-16 00:00:00+07:00,0.0009668882462983863,0.001188857231541185,0.0007167306703595228
2016-09-19 00:00:00+07:00,13672.29296875,14442.5634765625,13479.7255859375,14442.5634765625,75246,0.06899289563587258,0.001716814185256123,2016-09-19 00:00:00+07:00,0.001716814185256123,0.0011151204483197965,0.0007947676787802557
2016-09-20 00:00:00+07:00,15437.4951171875,15437.4951171875,15341.2119140625,15437.4951171875,651761,0.006256501749820293,1.411814663729961e-05,2016-09-20 00:00:00+07:00,1.411814663729961e-05,0.0008433922114062991,0.0007907784039291845
2016-09-21 00:00:00+07:00,15437.4951171875,16239.8603515625,15437.4951171875,15662.1572265625,294613,0.05066943756224256,0.0009259908915736989,2016-09-21 00:00:00+07:00,0.0009259908915736989,0.00085061446511572,0.0008328688990007164
2016-09-22 00:00:00+07:00,15662.1572265625,15983.103515625,15084.455078125,15662.1572265625,251771,0.05786738544053229,0.0012077645237689636,2016-09-22 00:00:00+07:00,0.0012077645237689636,0.0009663151987068941,0.0008877672864447601
2016-09-23 00:00:00+07:00,15662.1572265625,16432.427734375,15212.8330078125,15790.5361328125,739158,0.07711733493958836,0.002144956913544834,2016-09-23 00:00:00+07:00,0.002144956913544834,0.0012019289321561837,0.0009852653279695254
2016-09-26 00:00:00+07:00,15790.5361328125,16047.29296875,15405.400390625,15405.400390625,269235,0.04082205030426295,0.0006010411056197235,2016-09-26 00:00:00+07:00,0.0006010411056197235,0.0009787743162289037,0.0010125853782249673
2016-09-27 00:00:00+07:00,15405.400390625,15565.8740234375,15084.455078125,15277.0224609375,316081,0.0314162069120857,0.0003559770869823313,2016-09-27 00:00:00+07:00,0.0003559770869823313,0.00104714610429791,0.0010287661549059823
2016-09-28 00:00:00+07:00,15277.0224609375,15405.400390625,14570.94140625,14635.130859375,359967,0.05568889189783116,0.0011185404657864436,2016-09-28 00:00:00+07:00,0.0011185404657864436,0.001085656019140459,0.0010796089033508207
2016-09-29 00:00:00+07:00,14603.0361328125,15148.64453125,14249.99609375,14635.130859375,302231,0.06115442547640584,0.0013488707233606937,2016-09-29 00:00:00+07:00,0.0013488707233606937,0.001113877259058805,0.0010986596154415077
2016-09-30 00:00:00+07:00,14635.130859375,14667.2255859375,14185.806640625,14570.94140625,125036,0.03337352026486964,0.00040171549640074616,2016-09-30 00:00:00+07:00,0.00040171549640074616,0.0007652289756299875,0.0010865818670809195
2016-10-03 00:00:00+07:00,14506.7529296875,14763.5087890625,14378.3740234375,14378.3740234375,184112,0.02643323994079552,0.0002520085897208813,2016-10-03 00:00:00+07:00,0.0002520085897208813,0.000695422472450219,0.0010544075235289672
2016-10-04 00:00:00+07:00,14314.1845703125,14506.7529296875,13479.7255859375,14121.6171875,110797,0.07342751215109909,0.0019446084799567053,2016-10-04 00:00:00+07:00,0.0019446084799567053,0.001013148751045094,0.0011184070964989688
2016-10-05 00:00:00+07:00,13800.671875,14121.6171875,13736.482421875,13993.2392578125,331473,0.02765151323420705,0.00027577338752350384,2016-10-05 00:00:00+07:00,0.00027577338752350384,0.0008445953353925058,0.0011152581520004262
2016-10-06 00:00:00+07:00,13993.2392578125,14956.076171875,13993.2392578125,14956.076171875,209568,0.06654334734620708,0.001597069569142905,2016-10-06 00:00:00+07:00,0.001597069569142905,0.0008942351045489481,0.0011195664948408914
2016-10-07 00:00:00+07:00,15726.3466796875,15726.3466796875,14956.076171875,15180.73828125,436382,0.05021978816089558,0.0009096290058079218,2016-10-07 00:00:00+07:00,0.0009096290058079218,0.0009958178064303834,0.0011096319980832966
2016-10-10 00:00:00+07:00,14956.076171875,15148.64453125,14185.806640625,14378.3740234375,179999,0.06566912567693328,0.0015553818107177262,2016-10-10 00:00:00+07:00,0.0015553818107177262,0.0012564924506297522,0.0010969667267709897
2016-10-11 00:00:00+07:00,13929.0498046875,14442.5634765625,13800.671875,14442.5634765625,216438,0.04546236621431806,0.0007454501726946082,2016-10-11 00:00:00+07:00,0.0007454501726946082,0.0010166607891773328,0.0010481816687364107
2016-10-12 00:00:00+07:00,14570.94140625,14570.94140625,13929.0498046875,13929.0498046875,184672,0.04505265745501702,0.000732074659136395,2016-10-12 00:00:00+07:00,0.000732074659136395,0.0011079210434999111,0.000986662421362471
2016-10-13 00:00:00+07:00,13929.0498046875,14121.6171875,13608.1044921875,14121.6171875,192602,0.03704122340321804,0.000494863237450783,2016-10-13 00:00:00+07:00,0.000494863237450783,0.0008874797771614866,0.0009467580534645619
2016-10-14 00:00:00+07:00,14121.6171875,14121.6171875,13896.955078125,13929.0498046875,84609,0.016037000187484093,9.276001628023745e-05,2016-10-14 00:00:00+07:00,9.276001628023745e-05,0.0007241059792559498,0.0009105253440670002
2016-10-17 00:00:00+07:00,13800.671875,13993.2392578125,13479.7255859375,13608.1044921875,128043,0.0373875546696933,0.0005041603296467628,2016-10-17 00:00:00+07:00,0.0005041603296467628,0.0005138616830417571,0.0009048389565139851
2016-10-18 00:00:00+07:00,12837.833984375,13222.96875,12677.361328125,12709.4560546875,542241,0.04213754406269485,0.0006404024532716084,2016-10-18 00:00:00+07:00,0.0006404024532716084,0.0004928521391571572,0.0008899986931945862
2016-10-19 00:00:00+07:00,12035.4697265625,12645.2666015625,12035.4697265625,12195.9423828125,89220,0.04942486293945949,0.0008810600205467814,2016-10-19 00:00:00+07:00,0.0008810600205467814,0.0005226492114392344,0.0008520098675259797
2016-10-20 00:00:00+07:00,12516.8876953125,13030.4013671875,12195.9423828125,12356.4150390625,234774,0.06618188913118664,0.001579766380004009,2016-10-20 00:00:00+07:00,0.001579766380004009,0.0007396298399498797,0.0009231756963153756
2016-10-21 00:00:00+07:00,12356.4150390625,12773.64453125,12292.2265625,12709.4560546875,111109,0.038416951429536106,0.0005323047537851521,2016-10-21 00:00:00+07:00,0.0005323047537851521,0.0008275387874508626,0.0009052808718704417
2016-10-24 00:00:00+07:00,12581.0771484375,12837.833984375,12581.0771484375,12645.2666015625,153857,0.02020271973696472,0.00014720895367439422,2016-10-24 00:00:00+07:00,0.00014720895367439422,0.0007561485122563889,0.0008570738005025066
2016-10-25 00:00:00+07:00,12645.2666015625,12837.833984375,12516.8876953125,12516.8876953125,133823,0.025317843093106605,0.0002311894201060416,2016-10-25 00:00:00+07:00,0.0002311894201060416,0.0006743059056232755,0.0007700843689825616
2016-10-26 00:00:00+07:00,12548.982421875,12581.0771484375,12067.564453125,12516.8876953125,233933,0.041672641900344025,0.0006263493279852278,2016-10-26 00:00:00+07:00,0.0006263493279852278,0.0006233637671109647,0.0007712347427264481
2016-10-27 00:00:00+07:00,12773.64453125,12773.64453125,12260.1318359375,12516.8876953125,103475,0.04103134344209997,0.0006072199353474686,2016-10-27 00:00:00+07:00,0.0006072199353474686,0.0004288544781796567,0.0007826548721975908
2016-10-28 00:00:00+07:00,12356.4150390625,12773.64453125,12356.4150390625,12773.64453125,134088,0.03320866265650522,0.0003977565322211499,2016-10-28 00:00:00+07:00,0.0003977565322211499,0.0004019448338668563,0.000749891966126441
2016-10-31 00:00:00+07:00,12581.0771484375,12837.833984375,12260.1318359375,12260.1318359375,88083,0.04604390743653857,0.000764643307901757,2016-10-31 00:00:00+07:00,0.000764643307901757,0.0005254317047123288,0.0007233361745146711
2016-11-01 00:00:00+07:00,12228.037109375,12324.3203125,11874.99609375,11874.99609375,118602,0.03713955037599296,0.0004974939813708256,2016-11-01 00:00:00+07:00,0.0004974939813708256,0.0005786926169652855,0.000727689742013311
2016-11-02 00:00:00+07:00,11874.99609375,12388.509765625,11810.8076171875,11874.99609375,318496,0.04775439916488754,0.0008225102487458611,2016-11-02 00:00:00+07:00,0.0008225102487458611,0.0006179248011174124,0.0007536216356053557
2016-11-03 00:00:00+07:00,11746.6181640625,11810.8076171875,11104.7265625,11489.861328125,237423,0.06164417792737971,0.001370561974035835,2016-11-03 00:00:00+07:00,0.001370561974035835,0.0007705932088550855,0.0007275286126089526
2016-11-04 00:00:00+07:00,11040.537109375,11521.9560546875,11040.537109375,11265.19921875,218261,0.04268074639079014,0.0006570199531805657,2016-11-04 00:00:00+07:00,0.0006570199531805657,0.0008224458930469688,0.0007448580019570008
2016-11-07 00:00:00+07:00,11265.19921875,11682.4287109375,11233.1044921875,11265.19921875,428654,0.039220716496978225,0.0005548116784135525,2016-11-07 00:00:00+07:00,0.0005548116784135525,0.0007804795671493279,0.0006974826432874847
2016-11-08 00:00:00+07:00,11040.537109375,11425.671875,10847.9697265625,11425.671875,455279,0.05188480198984274,0.000970945548444157,2016-11-08 00:00:00+07:00,0.000970945548444157,0.0008751698805639941,0.0007002697588618591
2016-11-09 00:00:00+07:00,11297.2939453125,11361.4833984375,10655.40234375,11233.1044921875,843631,0.06416195975110259,0.0014848062556412863,2016-11-09 00:00:00+07:00,0.0014848062556412863,0.0010076290819430792,0.0006970617790856572
2016-11-10 00:00:00+07:00,11297.2939453125,11746.6181640625,10783.7802734375,11233.1044921875,419245,0.0855222046140238,0.0026379850077924445,2016-11-10 00:00:00+07:00,0.0026379850077924445,0.0012611136886944009,0.0007830860897719226
2016-11-11 00:00:00+07:00,11233.1044921875,11233.1044921875,10944.25390625,10944.25390625,343375,0.02605061575828901,0.00024476568628534065,2016-11-11 00:00:00+07:00,0.00024476568628534065,0.001178662835315356,0.0007609356819150564
2016-11-14 00:00:00+07:00,10944.25390625,10944.25390625,10623.3076171875,10944.25390625,379565,0.029764142073710014,0.0003195223821975062,2016-11-14 00:00:00+07:00,0.0003195223821975062,0.0011316049760721467,0.0007529656430399074
2016-11-15 00:00:00+07:00,10783.7802734375,11104.7265625,10655.40234375,10912.1591796875,164217,0.04130380826029978,0.0006153110856721101,2016-11-15 00:00:00+07:00,0.0006153110856721101,0.0010604780835177373,0.0007767179643759017
2016-11-16 00:00:00+07:00,10847.9697265625,11650.333984375,10783.7802734375,11650.333984375,887299,0.0772916690627276,0.002154665803327737,2016-11-16 00:00:00+07:00,0.002154665803327737,0.0011944499930550275,0.0008517409404523096
2016-11-17 00:00:00+07:00,11650.333984375,12452.69921875,11650.333984375,12452.69921875,762122,0.0666025563433652,0.0015999129174440563,2016-11-17 00:00:00+07:00,0.0015999129174440563,0.0009868355749853498,0.0008953550524601481
2016-11-18 00:00:00+07:00,13287.158203125,13287.158203125,12837.833984375,13255.0634765625,716974,0.034401428922233954,0.00042684235941617817,2016-11-18 00:00:00+07:00,0.00042684235941617817,0.0010232509096115175,0.0008747087951360299
2016-11-21 00:00:00+07:00,12998.306640625,13736.482421875,12998.306640625,13672.29296875,357755,0.055236153401558644,0.0011004274157675293,2016-11-21 00:00:00+07:00,0.0011004274157675293,0.0011794319163255219,0.0008529206603980082
2016-11-22 00:00:00+07:00,13672.29296875,14442.5634765625,13672.29296875,14442.5634765625,394739,0.054808269827308735,0.0010834446585487089,2016-11-22 00:00:00+07:00,0.0010834446585487089,0.0012730586309008419,0.000877972474250897
2016-11-23 00:00:00+07:00,14763.5087890625,15437.4951171875,14185.806640625,15277.0224609375,703451,0.08455736570131178,0.002578798664581393,2016-11-23 00:00:00+07:00,0.002578798664581393,0.001357885203151573,0.0009884992792921243
2016-11-24 00:00:00+07:00,15212.8330078125,16047.29296875,15212.8330078125,15790.5361328125,627193,0.053400824486956,0.0010285146271470918,2016-11-24 00:00:00+07:00,0.0010285146271470918,0.00124360554509218,0.0010247413341576265
2016-11-25 00:00:00+07:00,15790.5361328125,16368.23828125,15790.5361328125,16368.23828125,869897,0.035931985215730176,0.0004656686190732451,2016-11-25 00:00:00+07:00,0.0004656686190732451,0.0012513707970235935,0.001017437665570718
2016-11-28 00:00:00+07:00,16432.427734375,16817.5625,16239.8603515625,16239.8603515625,735887,0.0349549916227559,0.00044068975306221634,2016-11-28 00:00:00+07:00,0.00044068975306221634,0.001119423264482531,0.0010098681118304795
2016-11-29 00:00:00+07:00,16304.048828125,16432.427734375,15277.0224609375,16239.8603515625,1296309,0.072906783792572,0.0019171249887660578,2016-11-29 00:00:00+07:00,0.0019171249887660578,0.0012861593305260005,0.0010789303144007024
2016-11-30 00:00:00+07:00,16239.8603515625,16368.23828125,15405.400390625,16368.23828125,835078,0.06062464418970039,0.0013256013968630431,2016-11-30 00:00:00+07:00,0.0013256013968630431,0.0010355198769823307,0.0011044284093534881
2016-12-01 00:00:00+07:00,16304.048828125,17491.548828125,16239.8603515625,17491.548828125,1302680,0.07424910452208154,0.0019883690206593204,2016-12-01 00:00:00+07:00,0.0019883690206593204,0.0012274907556847764,0.0011721954565938745
2016-12-02 00:00:00+07:00,17844.58984375,18711.142578125,17652.021484375,18711.142578125,893795,0.05826889768567691,0.0012245827916233774,2016-12-02 00:00:00+07:00,0.0012245827916233774,0.0013792735901948026,0.0011904714812701251
2016-12-05 00:00:00+07:00,19577.697265625,19834.453125,18839.521484375,19449.318359375,1056829,0.05146361246656278,0.000955245683163933,2016-12-05 00:00:00+07:00,0.000955245683163933,0.001482184776215146,0.001171593468048675
2016-12-06 00:00:00+07:00,19449.318359375,19898.642578125,18486.48046875,19256.751953125,958152,0.07361183779192963,0.0019543838650284803,2016-12-06 00:00:00+07:00,0.0019543838650284803,0.0014896365514676306,0.001230564554950853
2016-12-07 00:00:00+07:00,19128.373046875,20091.2109375,19064.18359375,20027.021484375,1465060,0.05247108250517521,0.000993012226148267,2016-12-07 00:00:00+07:00,0.000993012226148267,0.0014231187173246753,0.0012504827616660673
2016-12-08 00:00:00+07:00,20412.15625,20797.291015625,20091.2109375,20797.291015625,1296122,0.03454028594695716,0.00043029510425686207,2016-12-08 00:00:00+07:00,0.00043029510425686207,0.0011115039340441838,0.0012259077414757359
2016-12-09 00:00:00+07:00,20540.53515625,21182.42578125,20540.53515625,20733.1015625,889433,0.030771606801457685,0.0003415190206712624,2016-12-09 00:00:00+07:00,0.0003415190206712624,0.0009348911798537609,0.0011739401398861893
2016-12-12 00:00:00+07:00,20476.345703125,20861.48046875,19545.6015625,19706.076171875,1692528,0.06515414160720837,0.0015310825347161013,2016-12-12 00:00:00+07:00,0.0015310825347161013,0.0010500585501641946,0.0011236263911099916
2016-12-13 00:00:00+07:00,19224.65625,19834.453125,18358.103515625,18358.103515625,1351427,0.07734939687251921,0.002157885570460408,2016-12-13 00:00:00+07:00,0.002157885570460408,0.00109075889125058,0.0012105863858452221
2016-12-15 00:00:00+07:00,18614.859375,18743.23828125,17908.779296875,18133.44140625,382992,0.04554200625422325,0.0007480641889014861,2016-12-15 00:00:00+07:00,0.0007480641889014861,0.001041769283801224,0.0012300655588772212
2016-12-16 00:00:00+07:00,17972.966796875,17972.966796875,17138.5078125,17331.076171875,578243,0.04754093377988378,0.0008151733311666525,2016-12-16 00:00:00+07:00,0.0008151733311666525,0.0011187449291831819,0.0012391502063997003
2016-12-19 00:00:00+07:00,17331.076171875,17523.642578125,16175.6708984375,16368.23828125,904467,0.08004265658927905,0.002310774339691329,2016-12-19 00:00:00+07:00,0.002310774339691329,0.0015125959929871951,0.0012462460489616816
2016-12-20 00:00:00+07:00,15662.1572265625,16368.23828125,15244.927734375,15694.251953125,503823,0.07109592670790216,0.0018230726951713602,2016-12-20 00:00:00+07:00,0.0018230726951713602,0.001570994025078247,0.0012563896752220138
2016-12-22 00:00:00+07:00,17459.455078125,17940.873046875,17010.130859375,17716.2109375,850049,0.053272420803661354,0.0010235743929556881,2016-12-22 00:00:00+07:00,0.0010235743929556881,0.0013441317895773032,0.0012835138585647187
2016-12-23 00:00:00+07:00,17652.021484375,17972.966796875,16657.08984375,16657.08984375,551152,0.07603284214525038,0.0020850525136719526,2016-12-23 00:00:00+07:00,0.0020850525136719526,0.0016115294545313962,0.0013282695448331016
2016-12-26 00:00:00+07:00,16624.994140625,16978.03515625,15726.3466796875,15726.3466796875,388040,0.0765830206806106,0.002115336836481445,2016-12-26 00:00:00+07:00,0.002115336836481445,0.001871562155594355,0.0013751737347391351
2016-12-27 00:00:00+07:00,15533.779296875,16785.46875,15373.306640625,16047.29296875,1155194,0.08788088633042723,0.0027855015496068805,2016-12-27 00:00:00+07:00,0.0027855015496068805,0.001966507597577465,0.0013845693204221118
2016-12-28 00:00:00+07:00,16047.29296875,16624.994140625,15886.8193359375,16624.994140625,375219,0.04541744124238626,0.0007439776236770022,2016-12-28 00:00:00+07:00,0.0007439776236770022,0.0017506885832785936,0.0013716358202643805
2016-12-29 00:00:00+07:00,16689.18359375,17010.130859375,16079.38671875,16079.38671875,331488,0.05627097582085199,0.0011420455888145492,2016-12-29 00:00:00+07:00,0.0011420455888145492,0.0017743828224503658,0.0014023802279798945
2016-12-30 00:00:00+07:00,16047.29296875,16689.18359375,15694.251953125,16689.18359375,261632,0.06146629290308446,0.0013626633957436367,2016-12-30 00:00:00+07:00,0.0013626633957436367,0.001629904998864703,0.0014442881208290498
2017-01-03 00:00:00+07:00,16432.427734375,17716.2109375,16079.38671875,17716.2109375,870723,0.09694196895763621,0.0033895201513304573,2017-01-03 00:00:00+07:00,0.0033895201513304573,0.001884741661834505,0.0015112151736728862
2017-01-04 00:00:00+07:00,17908.779296875,18101.345703125,17331.076171875,17844.58984375,376699,0.04348508316655613,0.0006820169334291798,2017-01-04 00:00:00+07:00,0.0006820169334291798,0.001464044738598965,0.0014819613344258923
2017-01-05 00:00:00+07:00,17844.58984375,17972.966796875,17619.927734375,17652.021484375,389645,0.019838265220234744,0.0001419455989961787,2017-01-05 00:00:00+07:00,0.0001419455989961787,0.0013436383336628004,0.0013980329970775677
2017-01-06 00:00:00+07:00,17523.642578125,17780.400390625,17010.130859375,17010.130859375,636010,0.04428764952683877,0.0007074240347582556,2017-01-06 00:00:00+07:00,0.0007074240347582556,0.0012567140228515418,0.0013745257808564259
2017-01-09 00:00:00+07:00,16913.845703125,17555.73828125,16849.65625,17266.88671875,291061,0.041050608065409104,0.0006077902607850593,2017-01-09 00:00:00+07:00,0.0006077902607850593,0.0011057393958598262,0.001358732352566477
2017-01-10 00:00:00+07:00,17331.076171875,17459.455078125,17010.130859375,17074.318359375,201404,0.026072240731912163,0.0002451722216606463,2017-01-10 00:00:00+07:00,0.0002451722216606463,0.00047686980992586394,0.0012810409142315754
2017-01-11 00:00:00+07:00,16945.94140625,17298.98046875,16624.994140625,16624.994140625,223542,0.039740333226705386,0.0005696099361227231,2017-01-11 00:00:00+07:00,0.0005696099361227231,0.0004543884104645726,0.0012617953555940507
2017-01-12 00:00:00+07:00,16624.994140625,16945.94140625,16624.994140625,16913.845703125,410115,0.019121125997670522,0.0001318686238914781,2017-01-12 00:00:00+07:00,0.0001318686238914781,0.0004523730154436325,0.0012482305155774422
2017-01-13 00:00:00+07:00,17170.603515625,17170.603515625,16689.18359375,16689.18359375,221049,0.028438003131954347,0.0002916840913497393,2017-01-13 00:00:00+07:00,0.0002916840913497393,0.00036922502676192925,0.001245965291517373
2017-01-16 00:00:00+07:00,16624.994140625,16624.994140625,15790.5361328125,15790.5361328125,241458,0.051496452460791334,0.0009564651961450196,2017-01-16 00:00:00+07:00,0.0009564651961450196,0.00043896001383392127,0.001219846321582324
2017-01-17 00:00:00+07:00,15758.44140625,16239.8603515625,15758.44140625,15886.8193359375,406096,0.03009255165810822,0.0003266123309353908,2017-01-17 00:00:00+07:00,0.0003266123309353908,0.0004552480356888702,0.0011366066288766416
2017-01-18 00:00:00+07:00,16047.29296875,16304.048828125,15341.2119140625,15405.400390625,407716,0.06087067498866233,0.001336382509188798,2017-01-18 00:00:00+07:00,0.001336382509188798,0.0006086025503020851,0.0011633483707078828
2017-01-19 00:00:00+07:00,15405.400390625,16207.765625,14891.8876953125,16175.6708984375,369501,0.08467387224446686,0.002585909905555853,2017-01-19 00:00:00+07:00,0.002585909905555853,0.00109941080663496,0.0012438363968164828
2017-01-20 00:00:00+07:00,16047.29296875,16689.18359375,15951.0087890625,16689.18359375,181479,0.04523874639055743,0.0007381347830542687,2017-01-20 00:00:00+07:00,0.0007381347830542687,0.001188700944975866,0.0011723527806057074
2017-01-23 00:00:00+07:00,16689.18359375,16978.03515625,16592.900390625,16592.900390625,275124,0.02294554244161342,0.00018989398381255828,2017-01-23 00:00:00+07:00,0.00018989398381255828,0.0010353867025093737,0.0010981173846348528
2017-01-24 00:00:00+07:00,16560.806640625,16881.751953125,16015.1982421875,16657.08984375,250478,0.05269511095802347,0.0010015097791479302,2017-01-24 00:00:00+07:00,0.0010015097791479302,0.0011703661921518816,0.0010971144476435912
2017-01-25 00:00:00+07:00,16689.18359375,16689.18359375,16304.048828125,16304.048828125,167598,0.02334734925313095,0.00019660280400597138,2017-01-25 00:00:00+07:00,0.00019660280400597138,0.0009424102511153163,0.0010112758244769555
2017-01-26 00:00:00+07:00,16304.048828125,16304.048828125,16304.048828125,16304.048828125,0,0.0,0.0,2017-01-26 00:00:00+07:00,0.0,0.00042522827000414577,0.0009151241500914353
2017-02-03 00:00:00+07:00,16239.8603515625,16560.806640625,16047.29296875,16047.29296875,221641,0.031498684985732155,0.0003578486588623521,2017-02-03 00:00:00+07:00,0.0003578486588623521,0.0003491710451657624,0.0008047762914212294
2017-02-06 00:00:00+07:00,16239.8603515625,16239.8603515625,15662.1572265625,15918.9140625,158593,0.03622130064819228,0.00047319770513488756,2017-02-06 00:00:00+07:00,0.00047319770513488756,0.00040583178943022827,0.0007924681133056788
2017-02-07 00:00:00+07:00,15918.9140625,16464.521484375,15662.1572265625,16239.8603515625,1718436,0.04996041780445439,0.0009002573397107609,2017-02-07 00:00:00+07:00,0.0009002573397107609,0.0003855813015427944,0.0007814777383464157
2017-02-08 00:00:00+07:00,16047.29296875,16304.048828125,15918.9140625,16047.29296875,181884,0.023905505396281772,0.00020611538367291764,2017-02-08 00:00:00+07:00,0.00020611538367291764,0.0003874838174761837,0.000728907374161383
2017-02-09 00:00:00+07:00,16047.29296875,16368.23828125,15918.9140625,16175.6708984375,1042372,0.027834800918025995,0.00027944142451833,2017-02-09 00:00:00+07:00,0.00027944142451833,0.0004433721023798497,0.0005875401593062863
2017-02-10 00:00:00+07:00,16047.29296875,16239.8603515625,15951.0087890625,16047.29296875,404538,0.017946661460827077,0.00011616676321519037,2017-02-10 00:00:00+07:00,0.00011616676321519037,0.0003950357232504173,0.0005618196970238323
2017-02-13 00:00:00+07:00,16175.6708984375,16175.6708984375,15918.9140625,15918.9140625,265979,0.01600035108390944,9.233653471747098e-05,2017-02-13 00:00:00+07:00,9.233653471747098e-05,0.000318863489166934,0.0005595647395566182
2017-02-14 00:00:00+07:00,15918.9140625,16175.6708984375,15405.400390625,15790.5361328125,484162,0.048790194355583794,0.000858577778291118,2017-02-14 00:00:00+07:00,0.000858577778291118,0.00031052757688300534,0.0005664353642626575
2017-02-15 00:00:00+07:00,16015.1982421875,16047.29296875,15341.2119140625,16047.29296875,897176,0.04499737662496912,0.0007302792105039118,2017-02-15 00:00:00+07:00,0.0007302792105039118,0.00041536034224920416,0.0005720030437953326
2017-02-16 00:00:00+07:00,15726.3466796875,16047.29296875,15469.58984375,15469.58984375,802549,0.0366640217432991,0.000484835879050674,2017-02-16 00:00:00+07:00,0.000484835879050674,0.00045643923315567304,0.0005828968464039702
2017-02-17 00:00:00+07:00,15405.400390625,16368.23828125,15373.306640625,16368.23828125,1124442,0.06271009642127211,0.0014183698294741697,2017-02-17 00:00:00+07:00,0.0014183698294741697,0.0007168798464074689,0.0006214768415563087
2017-02-20 00:00:00+07:00,16368.23828125,17010.130859375,16368.23828125,16881.751953125,786207,0.03846633260994339,0.0005336740832096732,2017-02-20 00:00:00+07:00,0.0005336740832096732,0.0008051473561059093,0.000639740726070772
2017-02-21 00:00:00+07:00,16945.94140625,17652.021484375,16753.373046875,16753.373046875,826151,0.052250694583187,0.0009846880868144055,2017-02-21 00:00:00+07:00,0.0009846880868144055,0.0008303694178105669,0.0006712409076828023
2017-02-22 00:00:00+07:00,16945.94140625,17074.318359375,16304.048828125,16689.18359375,700289,0.04616201294057845,0.0007685710547811437,2017-02-22 00:00:00+07:00,0.0007685710547811437,0.0008380277866660132,0.0006627002648935354
2017-02-23 00:00:00+07:00,16657.08984375,16817.5625,16047.29296875,16047.29296875,487200,0.04688355430984989,0.0007927853298591572,2017-02-23 00:00:00+07:00,0.0007927853298591572,0.0008996176768277098,0.0006838899466627974
2017-02-24 00:00:00+07:00,16047.29296875,16047.29296875,15405.400390625,15405.400390625,827896,0.04082205030426295,0.0006010411056197235,2017-02-24 00:00:00+07:00,0.0006010411056197235,0.0007361519320568206,0.0006504653374096576
2017-02-27 00:00:00+07:00,15405.400390625,16047.29296875,15405.400390625,15597.96875,730995,0.04082205030426295,0.0006010411056197235,2017-02-27 00:00:00+07:00,0.0006010411056197235,0.0007496253365388307,0.0005602440283216519
2017-02-28 00:00:00+07:00,15533.779296875,16047.29296875,15405.400390625,15726.3466796875,478803,0.04082205030426295,0.0006010411056197235,2017-02-28 00:00:00+07:00,0.0006010411056197235,0.0006728959402998943,0.0005540124975291725
2017-03-01 00:00:00+07:00,15790.5361328125,16015.1982421875,15373.306640625,15469.58984375,486141,0.04090549108443976,0.0006035006878003426,2017-03-01 00:00:00+07:00,0.0006035006878003426,0.000639881866903734,0.0005728128022558899
2017-03-02 00:00:00+07:00,15662.1572265625,15790.5361328125,15084.455078125,15084.455078125,507873,0.04574603310448584,0.0007547818138372029,2017-03-02 00:00:00+07:00,0.0007547818138372029,0.0006322811636993432,0.000561597894741766
2017-03-03 00:00:00+07:00,15148.64453125,15212.8330078125,14891.8876953125,14891.8876953125,512017,0.021322733775113557,0.0001639835623644466,2017-03-03 00:00:00+07:00,0.0001639835623644466,0.0005448696550482879,0.0005601152019398785
2017-03-06 00:00:00+07:00,14891.8876953125,15533.779296875,14763.5087890625,15084.455078125,1249478,0.050858448393669306,0.000932912174194377,2017-03-06 00:00:00+07:00,0.000932912174194377,0.0006112438687632185,0.0006025203007668956
2017-03-07 00:00:00+07:00,15084.455078125,16111.4814453125,15084.455078125,16111.4814453125,1550541,0.06586740254798136,0.0015647884172712923,2017-03-07 00:00:00+07:00,0.0015647884172712923,0.0008039933310935322,0.0006573811988763929
2017-03-08 00:00:00+07:00,16368.23828125,17202.697265625,16239.8603515625,16304.048828125,1358609,0.057597453638839786,0.0011965231767221316,2017-03-08 00:00:00+07:00,0.0011965231767221316,0.0009225978288778901,0.0006902596294030857
2017-03-09 00:00:00+07:00,16368.23828125,16689.18359375,16111.4814453125,16304.048828125,858524,0.035228669503621336,0.0004476174720904205,2017-03-09 00:00:00+07:00,0.0004476174720904205,0.0008611649605285336,0.0006696850899657976
2017-03-10 00:00:00+07:00,16304.048828125,16528.7109375,15918.9140625,16239.8603515625,1300686,0.03759095964458338,0.000509660966181514,2017-03-10 00:00:00+07:00,0.000509660966181514,0.000930300441291947,0.000683482616443461
2017-03-13 00:00:00+07:00,16207.765625,16207.765625,15854.724609375,15951.0087890625,518451,0.022022948434240523,0.00017493047340444028,2017-03-13 00:00:00+07:00,0.00017493047340444028,0.0007787041011339598,0.000678732118665557
2017-03-14 00:00:00+07:00,15951.0087890625,16368.23828125,15951.0087890625,16336.1435546875,1168561,0.02582069265917063,0.00024046414242814962,2017-03-14 00:00:00+07:00,0.00024046414242814962,0.0005138392461653313,0.0006843819995388732
2017-03-15 00:00:00+07:00,16560.806640625,17138.5078125,16304.048828125,17138.5078125,1297742,0.04991437926772675,0.0008985989294762063,2017-03-15 00:00:00+07:00,0.0008985989294762063,0.00045425439671614617,0.000721030290209725
2017-03-16 00:00:00+07:00,17266.88671875,17587.83203125,17202.697265625,17298.98046875,1016511,0.022141111788807774,0.0001768126759343019,2017-03-16 00:00:00+07:00,0.0001768126759343019,0.0004000934374849224,0.0006900409673753241
2017-03-17 00:00:00+07:00,17298.98046875,17523.642578125,17298.98046875,17331.076171875,1239118,0.012903406283395664,6.005142139504653e-05,2017-03-17 00:00:00+07:00,6.005142139504653e-05,0.0003101715285276289,0.0006595760678703758
2017-03-20 00:00:00+07:00,17331.076171875,17652.021484375,17266.88671875,17652.021484375,1282054,0.022059703668416725,0.0001755148616291144,2017-03-20 00:00:00+07:00,0.0001755148616291144,0.00031028840617256377,0.0006455160216239412
2017-03-21 00:00:00+07:00,17523.642578125,17652.021484375,17234.79296875,17331.076171875,578119,0.023920120874040832,0.00020636749260326859,2017-03-21 00:00:00+07:00,0.00020636749260326859,0.00030346907620758755,0.0005904250063116275
2017-03-22 00:00:00+07:00,17331.076171875,17331.076171875,16304.048828125,16368.23828125,731182,0.06108772924903955,0.0013459301175362834,2017-03-22 00:00:00+07:00,0.0013459301175362834,0.0003929353138196029,0.0006273457351446553
2017-03-23 00:00:00+07:00,16368.23828125,16528.7109375,15886.8193359375,16336.1435546875,458379,0.03960913272388243,0.0005658550734747066,2017-03-23 00:00:00+07:00,0.0005658550734747066,0.00047074379332768385,0.0006083078709019416
2017-03-24 00:00:00+07:00,16239.8603515625,16239.8603515625,15822.630859375,15854.724609375,516566,0.026027487560350313,0.0002443312645941017,2017-03-24 00:00:00+07:00,0.0002443312645941017,0.0005075997619674949,0.0005844787895298033
2017-03-27 00:00:00+07:00,15854.724609375,16047.29296875,15662.1572265625,15854.724609375,322936,0.024292737961098407,0.00021284697326831112,2017-03-27 00:00:00+07:00,0.00021284697326831112,0.0005150661842953342,0.0005581179551393104
2017-03-28 00:00:00+07:00,15726.3466796875,15854.724609375,15630.0625,15630.0625,265465,0.014271395370105026,7.34594078725539e-05,2017-03-28 00:00:00+07:00,7.34594078725539e-05,0.0004884845673491914,0.0005341369688780754
2017-03-29 00:00:00+07:00,15726.3466796875,16207.765625,15726.3466796875,16047.29296875,639095,0.030153048622695727,0.00032792686991389345,2017-03-29 00:00:00+07:00,0.00032792686991389345,0.00028488391782471336,0.0005217226854369012
2017-03-30 00:00:00+07:00,16271.955078125,16304.048828125,15918.9140625,16047.29296875,400270,0.023905505396281772,0.00020611538367291764,2017-03-30 00:00:00+07:00,0.00020611538367291764,0.00021293597986435557,0.000503771516257501
2017-03-31 00:00:00+07:00,15790.5361328125,16047.29296875,15758.44140625,16047.29296875,429776,0.018163988971014258,0.00011899727236594967,2017-03-31 00:00:00+07:00,0.00011899727236594967,0.00018786918141872516,0.0004817486337377559
2017-04-03 00:00:00+07:00,16143.576171875,16143.576171875,15790.5361328125,16047.29296875,573461,0.02211142864819863,0.00017633891133677355,2017-04-03 00:00:00+07:00,0.00017633891133677355,0.00018056756903241764,0.00045545577453319096
2017-04-04 00:00:00+07:00,16047.29296875,16047.29296875,15790.5361328125,15854.724609375,293632,0.016129391330292783,9.383189890333286e-05,2017-04-04 00:00:00+07:00,9.383189890333286e-05,0.00018464206723857343,0.0004522670625576857
2017-04-05 00:00:00+07:00,15886.8193359375,15983.103515625,15822.630859375,15983.103515625,275217,0.010090885879010207,3.67259583098028e-05,2017-04-05 00:00:00+07:00,3.67259583098028e-05,0.0001264018849177553,0.0004115313254720232
2017-04-07 00:00:00+07:00,15983.103515625,16047.29296875,15790.5361328125,15886.8193359375,335664,0.016129391330292783,9.383189890333286e-05,2017-04-07 00:00:00+07:00,9.383189890333286e-05,0.00010394518796383835,0.000344669665546207
2017-04-10 00:00:00+07:00,16015.1982421875,16015.1982421875,15726.3466796875,15790.5361328125,262349,0.018200723188903485,0.00011947907092815487,2017-04-10 00:00:00+07:00,0.00011947907092815487,0.00010404154767627938,0.0002957131152828444
2017-04-11 00:00:00+07:00,15726.3466796875,16689.18359375,15533.779296875,16592.900390625,837399,0.07174385843395986,0.0018564532062418635,2017-04-11 00:00:00+07:00,0.0018564532062418635,0.0004400644066572974,0.00035975110319881907
2017-04-12 00:00:00+07:00,16624.994140625,16978.03515625,16432.427734375,16753.373046875,1001399,0.03266377558767984,0.00038481085459383154,2017-04-12 00:00:00+07:00,0.00038481085459383154,0.0004982601977953971,0.0003540760981266517
2017-04-13 00:00:00+07:00,16689.18359375,17652.021484375,16689.18359375,17523.642578125,1654344,0.056089487929114556,0.0011346907065281678,2017-04-13 00:00:00+07:00,0.0011346907065281678,0.00071785314743907,0.0003977015632686393
2017-04-14 00:00:00+07:00,17652.021484375,17844.58984375,17010.130859375,17652.021484375,756809,0.04789127283547197,0.0008272319639058463,2017-04-14 00:00:00+07:00,0.0008272319639058463,0.0008645331604395727,0.00042437282788126187
2017-04-17 00:00:00+07:00,17684.1171875,17972.966796875,17298.98046875,17331.076171875,1859238,0.03822121705409971,0.0005268943862386032,2017-04-17 00:00:00+07:00,0.0005268943862386032,0.0009460162235016625,0.00040747716682500715
2017-04-18 00:00:00+07:00,17138.5078125,17652.021484375,16689.18359375,17619.927734375,1047123,0.056089487929114556,0.0011346907065281678,2017-04-18 00:00:00+07:00,0.0011346907065281678,0.0008016637235589233,0.00045101707730654654
2017-04-20 00:00:00+07:00,18037.15625,18871.615234375,18037.15625,18614.859375,3166203,0.045225087323917904,0.0007376891159694748,2017-04-20 00:00:00+07:00,0.0007376891159694748,0.000872239375834052,0.00048181879069629334
2017-04-21 00:00:00+07:00,18743.23828125,18807.427734375,18326.0078125,18326.0078125,2060690,0.025930641211682932,0.00024251637044308747,2017-04-21 00:00:00+07:00,0.00024251637044308747,0.000693804508617036,0.00048486431382420116
2017-04-24 00:00:00+07:00,18326.0078125,18486.48046875,17652.021484375,17908.779296875,1296885,0.04618937094375293,0.0007694823148729162,2017-04-24 00:00:00+07:00,0.0007694823148729162,0.00068225457881045,0.0005104604421091852
2017-04-25 00:00:00+07:00,17876.68359375,18358.103515625,17619.927734375,18165.53515625,1755654,0.041040566342361195,0.0006074929441179792,2017-04-25 00:00:00+07:00,0.0006074929441179792,0.0006983742903863251,0.0004768951160447168
2017-04-26 00:00:00+07:00,18165.53515625,18486.48046875,18101.345703125,18390.197265625,1319132,0.02105339571040269,0.00015986701070497587,2017-04-26 00:00:00+07:00,0.00015986701070497587,0.0005034095512216867,0.00045844111319154714
2017-04-27 00:00:00+07:00,18358.103515625,19064.18359375,18326.0078125,19064.18359375,2232915,0.03949012728999197,0.0005624599641738358,2017-04-27 00:00:00+07:00,0.0005624599641738358,0.0004683637208625589,0.00047290150862698966
2017-04-28 00:00:00+07:00,19064.18359375,19064.18359375,19064.18359375,19064.18359375,0,0.0,0.0,2017-04-28 00:00:00+07:00,0.0,0.0004198604467739414,0.00046322664620570273
2017-05-03 00:00:00+07:00,18807.427734375,18935.8046875,18679.048828125,18903.7109375,1542503,0.013652045571148623,6.722177969697455e-05,2017-05-03 00:00:00+07:00,6.722177969697455e-05,0.0002794083397387531,0.0004629431176522673
2017-05-04 00:00:00+07:00,18903.7109375,19385.12890625,18775.33203125,19256.751953125,2898323,0.03196233864695082,0.0003684611004826903,2017-05-04 00:00:00+07:00,0.0003684611004826903,0.0002316019710116953,0.00046478558267812174
2017-05-05 00:00:00+07:00,19256.751953125,20219.587890625,19192.5625,19898.642578125,3606948,0.052128997914886226,0.0009801065703733327,2017-05-05 00:00:00+07:00,0.0009801065703733327,0.00039564988294536665,0.0004999670002554133
2017-05-08 00:00:00+07:00,19898.642578125,20219.587890625,19770.263671875,19994.92578125,2230672,0.0224728580474152,0.0001821508342612373,2017-05-08 00:00:00+07:00,0.0001821508342612373,0.0003195880569628469,0.0005028376167051991
2017-05-09 00:00:00+07:00,20123.3046875,20123.3046875,19673.98046875,19706.076171875,2202240,0.022581606280035076,0.00018391798902456168,2017-05-09 00:00:00+07:00,0.00018391798902456168,0.0003563716547677593,0.0005031821202364623
2017-05-10 00:00:00+07:00,19706.076171875,20027.021484375,19609.791015625,20027.021484375,1497059,0.02105345277260421,0.00015986787729923638,2017-05-10 00:00:00+07:00,0.00015986787729923638,0.00037490087428821166,0.0005061837556180942
2017-05-11 00:00:00+07:00,20091.2109375,20219.587890625,19738.169921875,19866.548828125,1254292,0.024097511527190835,0.00020943966811420774,2017-05-11 00:00:00+07:00,0.00020943966811420774,0.00034309658781451514,0.0005140343787910217
2017-05-12 00:00:00+07:00,19866.548828125,19962.83203125,19545.6015625,19962.83203125,1454139,0.02112186904838317,0.0001609085936613949,2017-05-12 00:00:00+07:00,0.0001609085936613949,0.0001792569924721276,0.0005170833194618427
2017-05-15 00:00:00+07:00,20091.2109375,20091.2109375,19706.076171875,19706.076171875,1104734,0.019355429336816332,0.00013512016470652405,2017-05-15 00:00:00+07:00,0.00013512016470652405,0.00016985085856118494,0.0005177942782699504
2017-05-16 00:00:00+07:00,19706.076171875,20091.2109375,19545.6015625,19770.263671875,1326205,0.02753217554165486,0.00027339817260893496,2017-05-16 00:00:00+07:00,0.00027339817260893496,0.0001877468952780596,0.0004458372312866355
2017-05-17 00:00:00+07:00,19834.453125,19834.453125,19385.12890625,19449.318359375,1393879,0.02291426147925996,0.0001893765833093827,2017-05-17 00:00:00+07:00,0.0001893765833093827,0.00019364863648008886,0.0004369538553191605
2017-05-18 00:00:00+07:00,19449.318359375,19770.263671875,18101.345703125,18101.345703125,1454357,0.08819269031544413,0.0028053026987690296,2017-05-18 00:00:00+07:00,0.0028053026987690296,0.0007128212426110532,0.0005128907640573816
2017-05-19 00:00:00+07:00,18486.48046875,19032.08984375,18422.291015625,19032.08984375,1472912,0.03256509403742193,0.00038248923872468224,2017-05-19 00:00:00+07:00,0.00038248923872468224,0.0007571373716237107,0.0004926751856400559
2017-05-22 00:00:00+07:00,19032.08984375,19288.845703125,18775.33203125,18807.427734375,1048790,0.026983103746748033,0.00026260219626789665,2017-05-22 00:00:00+07:00,0.00026260219626789665,0.0007826337779359852,0.00048066190427775105
2017-05-23 00:00:00+07:00,18935.8046875,18935.8046875,18293.9140625,18614.859375,1149446,0.03448611816546019,0.0004289465424793825,2017-05-23 00:00:00+07:00,0.0004289465424793825,0.0008137434519100747,0.00044858262409371534
2017-05-24 00:00:00+07:00,18614.859375,19032.08984375,18422.291015625,18807.427734375,1732659,0.03256509403742193,0.00038248923872468224,2017-05-24 00:00:00+07:00,0.00038248923872468224,0.0008523659829931347,0.0004324371751280429
2017-05-25 00:00:00+07:00,18807.427734375,20123.3046875,18807.427734375,20059.115234375,2624180,0.06762669656437766,0.0016494945866027694,2017-05-25 00:00:00+07:00,0.0016494945866027694,0.0006212043605598827,0.0004963907304080284
2017-05-26 00:00:00+07:00,20219.587890625,21182.42578125,19577.697265625,21118.236328125,2585124,0.07878084157574841,0.002238493199369806,2017-05-26 00:00:00+07:00,0.002238493199369806,0.0009924051526889073,0.0005631639524306144
2017-05-29 00:00:00+07:00,21182.42578125,21182.42578125,20604.72265625,20604.72265625,2262686,0.027651560629286996,0.000275774332883191,2017-05-29 00:00:00+07:00,0.000275774332883191,0.0009950395800119663,0.000548085833738124
2017-05-30 00:00:00+07:00,20540.53515625,20733.1015625,19577.697265625,19802.359375,1814947,0.05734050862509314,0.0011858714936733524,2017-05-30 00:00:00+07:00,0.0011858714936733524,0.0011464245702507603,0.0005947224011457775
2017-05-31 00:00:00+07:00,19738.169921875,20219.587890625,19256.751953125,19577.697265625,1915104,0.0487900820631008,0.0008585738261970182,2017-05-31 00:00:00+07:00,0.0008585738261970182,0.0012416414877452274,0.0006081821221468312
2017-06-01 00:00:00+07:00,19577.697265625,19898.642578125,19385.12890625,19641.88671875,1002521,0.02614529635493175,0.00024654811440443056,2017-06-01 00:00:00+07:00,0.00024654811440443056,0.0009610521933055595,0.00061938885461976
2017-06-02 00:00:00+07:00,19770.263671875,19866.548828125,19288.845703125,19417.224609375,668056,0.029510367921150207,0.00031409700539290324,2017-06-02 00:00:00+07:00,0.00031409700539290324,0.0005761729545101791,0.0006306104557877567
2017-06-05 00:00:00+07:00,19417.224609375,19770.263671875,19256.751953125,19417.224609375,752915,0.026317224015685557,0.00024980130458450266,2017-06-05 00:00:00+07:00,0.00024980130458450266,0.0005709783488504415,0.0006252168287014754
2017-06-06 00:00:00+07:00,19417.224609375,19449.318359375,19256.751953125,19256.751953125,817848,0.009950273613053255,3.5709567805874306e-05,2017-06-06 00:00:00+07:00,3.5709567805874306e-05,0.0003409459636769458,0.0005822896922211365
2017-06-07 00:00:00+07:00,19256.751953125,19802.359375,19096.27734375,19577.697265625,1766232,0.03630767836714552,0.00047545728576258735,2017-06-07 00:00:00+07:00,0.00047545728576258735,0.0002643226555900596,0.0005956218036530159
2017-06-08 00:00:00+07:00,19641.88671875,19641.88671875,19224.65625,19256.751953125,1112913,0.02147072855409031,0.00016626778466841108,2017-06-08 00:00:00+07:00,0.00016626778466841108,0.0002482665896428557,0.0005948195216368273
2017-06-09 00:00:00+07:00,19256.751953125,19320.939453125,18903.7109375,19256.751953125,1304316,0.021831204848582076,0.00017189765698669526,2017-06-09 00:00:00+07:00,0.00017189765698669526,0.00021982671996161415,0.000595366329804439
2017-06-12 00:00:00+07:00,19385.12890625,19449.318359375,18807.427734375,19224.65625,1369950,0.03356013959834885,0.00040622071381391796,2017-06-12 00:00:00+07:00,0.00040622071381391796,0.0002511106018074972,0.0006043109227907895
2017-06-13 00:00:00+07:00,19224.65625,19385.12890625,18871.615234375,19032.08984375,790694,0.026847267171184616,0.00025996490167452704,2017-06-13 00:00:00+07:00,0.00025996490167452704,0.0002959616685812278,0.0006088134822459319
2017-06-14 00:00:00+07:00,19032.08984375,19064.18359375,18614.859375,18614.859375,446430,0.02385121723528281,0.00020518029199263746,2017-06-14 00:00:00+07:00,0.00020518029199263746,0.00024190626982723774,0.0006119980334862098
2017-06-15 00:00:00+07:00,18614.859375,19256.751953125,18358.103515625,19192.5625,520648,0.047790664545617444,0.000823759975430721,2017-06-15 00:00:00+07:00,0.000823759975430721,0.0003734047079796997,0.0006370144790690183
2017-06-16 00:00:00+07:00,19256.751953125,19288.845703125,18999.994140625,18999.994140625,1228556,0.015088315215999983,8.210999858409155e-05,2017-06-16 00:00:00+07:00,8.210999858409155e-05,0.000355447176299179,0.0006321387252178686
2017-06-19 00:00:00+07:00,18999.994140625,19288.845703125,18935.8046875,19064.18359375,1010123,0.018472428184076566,0.00012307292469263518,2017-06-19 00:00:00+07:00,0.00012307292469263518,0.0002988176184749225,0.0005102191900325779
2017-06-20 00:00:00+07:00,18967.900390625,19128.373046875,18871.615234375,18967.900390625,738099,0.013513778902309885,6.586704286706757e-05,2017-06-20 00:00:00+07:00,6.586704286706757e-05,0.00025999804671343054,0.00049582727203905
2017-06-21 00:00:00+07:00,18871.615234375,18999.994140625,18646.953125,18935.8046875,363005,0.018755909348630157,0.00012687930693516282,2017-06-21 00:00:00+07:00,0.00012687930693516282,0.0002443378497019356,0.000489658049796653
2017-06-22 00:00:00+07:00,18839.521484375,19513.5078125,18839.521484375,19513.5078125,1256255,0.03515006418422227,0.00044562217333007437,2017-06-22 00:00:00+07:00,0.00044562217333007437,0.0001687102892818063,0.0004904160330171391
2017-06-23 00:00:00+07:00,19449.318359375,19609.791015625,19320.939453125,19545.6015625,1315704,0.014839529580300447,7.942455958153012e-05,2017-06-23 00:00:00+07:00,7.942455958153012e-05,0.00016817320148129403,0.0004766403657833594
2017-06-26 00:00:00+07:00,19545.6015625,19898.642578125,19449.318359375,19449.318359375,1001742,0.02283949358952042,0.00018814275021805101,2017-06-26 00:00:00+07:00,0.00018814275021805101,0.00018118716658637718,0.0004102152823113268
2017-06-27 00:00:00+07:00,19449.318359375,19449.318359375,19064.18359375,19160.466796875,937260,0.020000653520039876,0.00014427893254414246,2017-06-27 00:00:00+07:00,0.00014427893254414246,0.00019686954452179215,0.000315023724728342
2017-06-28 00:00:00+07:00,19128.373046875,19256.751953125,18967.900390625,19256.751953125,888935,0.01511365274070027,8.238600169373485e-05,2017-06-28 00:00:00+07:00,8.238600169373485e-05,0.00018797088347350657,0.0003062333460379122
2017-06-29 00:00:00+07:00,19320.939453125,19417.224609375,18871.615234375,18871.615234375,807005,0.02850158488837912,0.00029298984542260124,2017-06-29 00:00:00+07:00,0.00029298984542260124,0.00015744441789201192,0.00026564781657196894
2017-06-30 00:00:00+07:00,18935.8046875,19128.373046875,18935.8046875,18935.8046875,572464,0.010118174815404342,3.692486403550653e-05,2017-06-30 00:00:00+07:00,3.692486403550653e-05,0.0001489444787828072,0.00022830013647371844
2017-07-03 00:00:00+07:00,18935.8046875,19064.18359375,18775.33203125,18807.427734375,822179,0.015267487892322119,8.407167809364107e-05,2017-07-03 00:00:00+07:00,8.407167809364107e-05,0.00012813026435792523,0.00022091484391413712
2017-07-04 00:00:00+07:00,18775.33203125,19032.08984375,18582.765625,18807.427734375,539327,0.023891921779212778,0.00020588121192489489,2017-07-04 00:00:00+07:00,0.00020588121192489489,0.0001404507202340757,0.00021599594421104582
2017-07-05 00:00:00+07:00,18775.33203125,18999.994140625,18614.859375,18807.427734375,1117867,0.020478517873708905,0.00015125564456780867,2017-07-05 00:00:00+07:00,0.00015125564456780867,0.00015422464880889046,0.00021151659602846882
2017-07-06 00:00:00+07:00,18807.427734375,19064.18359375,18679.048828125,18935.8046875,651044,0.02040885790079911,0.0001502283686988857,2017-07-06 00:00:00+07:00,0.0001502283686988857,0.0001256723534641474,0.00021672199606906023
2017-07-07 00:00:00+07:00,18807.427734375,19256.751953125,18807.427734375,19096.27734375,934223,0.023609865985295842,0.00020104884917562682,2017-07-07 00:00:00+07:00,0.00020104884917562682,0.00015849715049217142,0.00020424888531510747
2017-07-10 00:00:00+07:00,18871.615234375,19096.27734375,18775.33203125,18999.994140625,547724,0.016949530340361698,0.0001036167306223344,2017-07-10 00:00:00+07:00,0.0001036167306223344,0.00016240616099791008,0.00020140111013119489
2017-07-11 00:00:00+07:00,18871.615234375,18999.994140625,18679.048828125,18807.427734375,471652,0.017036158539225146,0.00010467859709793407,2017-07-11 00:00:00+07:00,0.00010467859709793407,0.00014216563803251794,0.00019834569831806938
2017-07-12 00:00:00+07:00,18807.427734375,18871.615234375,18646.953125,18839.521484375,914764,0.01197619229364799,5.1731142345038124e-05,2017-07-12 00:00:00+07:00,5.1731142345038124e-05,0.00012226073758796384,0.00018223253597857486
2017-07-13 00:00:00+07:00,18839.521484375,18839.521484375,18839.521484375,18839.521484375,0,0.0,0.0,2017-07-13 00:00:00+07:00,0.0,9.221506384818668e-05,0.00017041594953882361
2017-07-14 00:00:00+07:00,18807.427734375,18807.427734375,18646.953125,18775.33203125,706474,0.008569122631894936,2.6484224685562134e-05,2017-07-14 00:00:00+07:00,2.6484224685562134e-05,5.730213895017374e-05,0.00016229340102486567
2017-07-17 00:00:00+07:00,18743.23828125,18743.23828125,18229.724609375,18614.859375,414415,0.02777958025139562,0.0002783337726052362,2017-07-17 00:00:00+07:00,0.0002783337726052362,9.22455473467541e-05,0.00013750130089643453
2017-07-18 00:00:00+07:00,18518.576171875,18614.859375,17908.779296875,17940.873046875,619637,0.03866909678316216,0.0005393151295867691,2017-07-18 00:00:00+07:00,0.0005393151295867691,0.00017917285384452109,0.00015828335230564717
2017-07-19 00:00:00+07:00,17972.966796875,18197.62890625,17652.021484375,17844.58984375,460918,0.030440997205529084,0.00033421989472656087,2017-07-19 00:00:00+07:00,0.00033421989472656087,0.00023567060432082564,0.00016788094185264378
2017-07-20 00:00:00+07:00,17972.966796875,17972.966796875,17587.83203125,17908.779296875,191480,0.021661483296562405,0.0001692352907748258,2017-07-20 00:00:00+07:00,0.0001692352907748258,0.0002695176624757908,0.00017257949857572366
2017-07-21 00:00:00+07:00,17908.779296875,17972.966796875,17619.927734375,17652.021484375,391265,0.019838265220234744,0.0001419455989961787,2017-07-21 00:00:00+07:00,0.0001419455989961787,0.0002926099373379141,0.0001732643300330426
2017-07-24 00:00:00+07:00,17619.927734375,17844.58984375,17074.318359375,17331.076171875,268534,0.04412488802658106,0.0007022338826313433,2017-07-24 00:00:00+07:00,0.0007022338826313433,0.00037738995934313553,0.00018492849863764574
2017-07-25 00:00:00+07:00,17331.076171875,17459.455078125,17202.697265625,17331.076171875,235288,0.014815150901359216,7.916381339556743e-05,2017-07-25 00:00:00+07:00,7.916381339556743e-05,0.0002853596961048952,0.00018491664653828377
2017-07-26 00:00:00+07:00,17331.076171875,17491.548828125,17042.224609375,17074.318359375,431272,0.02602377510358123,0.000244261568695512,2017-07-26 00:00:00+07:00,0.000244261568695512,0.00026736803089868544,0.00018746750192362292
2017-07-27 00:00:00+07:00,17266.88671875,17266.88671875,16689.18359375,16689.18359375,269967,0.03402978426069764,0.0004176696700598768,2017-07-27 00:00:00+07:00,0.0004176696700598768,0.0003170549067556956,0.00019989435362888358
2017-07-28 00:00:00+07:00,16689.18359375,16849.65625,16047.29296875,16689.18359375,615477,0.048790083029056026,0.0008585738601934308,2017-07-28 00:00:00+07:00,0.0008585738601934308,0.000460380558995146,0.00023517561992432426
2017-07-31 00:00:00+07:00,16689.18359375,16817.5625,16400.33203125,16689.18359375,329167,0.025122146844461807,0.00022762923942244945,2017-07-31 00:00:00+07:00,0.00022762923942244945,0.00036545963035336727,0.00023220468328795377
2017-08-01 00:00:00+07:00,17010.130859375,17523.642578125,16849.65625,17523.642578125,684352,0.03922071761154393,0.0005548117099465857,2017-08-01 00:00:00+07:00,0.0005548117099465857,0.0004605892096635709,0.00025574499446573006
2017-08-02 00:00:00+07:00,17652.021484375,17908.779296875,17266.88671875,17523.642578125,429137,0.03650045127609387,0.00048051949886106595,2017-08-02 00:00:00+07:00,0.00048051949886106595,0.0005078407956966817,0.0002737653499551585
2017-08-03 00:00:00+07:00,17587.83203125,17652.021484375,17298.98046875,17523.642578125,322562,0.020202741188734708,0.00014720926629510392,2017-08-03 00:00:00+07:00,0.00014720926629510392,0.0004537487149437271,0.00027109844333562255
2017-08-04 00:00:00+07:00,17523.642578125,17523.642578125,17106.4140625,17523.642578125,269437,0.024097489054648178,0.0002094392774813679,2017-08-04 00:00:00+07:00,0.0002094392774813679,0.0003239217984013146,0.0002737431539226025
2017-08-07 00:00:00+07:00,17491.548828125,17523.642578125,17106.4140625,17106.4140625,405504,0.024097489054648178,0.0002094392774813679,2017-08-07 00:00:00+07:00,0.0002094392774813679,0.00032028380601309826,0.0002764345588672608
2017-08-08 00:00:00+07:00,17106.4140625,17106.4140625,16624.994140625,16881.751953125,299676,0.028546250455452928,0.0002939088688231967,2017-08-08 00:00:00+07:00,0.0002939088688231967,0.00026810323778842047,0.0002806554688512412
2017-08-09 00:00:00+07:00,16624.994140625,16881.751953125,16560.806640625,16689.18359375,368613,0.019194414520896326,0.00013288142804763716,2017-08-09 00:00:00+07:00,0.00013288142804763716,0.0001985756236257347,0.0002819856823705732
2017-08-10 00:00:00+07:00,16689.18359375,16785.46875,16239.8603515625,16432.427734375,277772,0.03304482110749876,0.00039384139207797005,2017-08-10 00:00:00+07:00,0.00039384139207797005,0.00024790204878230793,0.0002951294457787566
2017-08-14 00:00:00+07:00,17395.265625,17395.265625,17010.130859375,17010.130859375,247814,0.022388979216772402,0.0001807936338874409,2017-08-14 00:00:00+07:00,0.0001807936338874409,0.00024217292006352255,0.00030099592266704766
2017-08-15 00:00:00+07:00,17010.130859375,17266.88671875,16368.23828125,16689.18359375,266431,0.05344783799208457,0.0010303264105180423,2017-08-15 00:00:00+07:00,0.0010303264105180423,0.0004063503466708574,0.0003478289413269587
2017-08-16 00:00:00+07:00,16336.1435546875,16560.806640625,16336.1435546875,16432.427734375,212839,0.013658808941996229,6.728840098694655e-05,2017-08-16 00:00:00+07:00,6.728840098694655e-05,0.0003610262531036074,0.00034968367661338527
2017-08-17 00:00:00+07:00,16432.427734375,16528.7109375,16239.8603515625,16368.23828125,392511,0.01763018992490082,0.0001121059154193564,2017-08-17 00:00:00+07:00,0.0001121059154193564,0.00035687115057795124,0.000342127864923118
2017-08-18 00:00:00+07:00,16047.29296875,16368.23828125,16047.29296875,16047.29296875,191231,0.01980259388543746,0.00014143559102223438,2017-08-18 00:00:00+07:00,0.00014143559102223438,0.0003063899903668041,0.00032404243135200275
2017-08-21 00:00:00+07:00,16047.29296875,16304.048828125,16047.29296875,16111.4814453125,325615,0.01587329836369324,9.087593804366493e-05,2017-08-21 00:00:00+07:00,9.087593804366493e-05,0.0002884064511980489,0.00031298134241187115
2017-08-22 00:00:00+07:00,16111.4814453125,16239.8603515625,15854.724609375,16047.29296875,128121,0.02400119713893693,0.0002077688116817981,2017-08-22 00:00:00+07:00,0.0002077688116817981,0.00012389493143080007,0.0003147328660894608
2017-08-23 00:00:00+07:00,16047.29296875,16432.427734375,15405.400390625,16368.23828125,24353017,0.06453856075689528,0.0015022876603229733,2017-08-23 00:00:00+07:00,0.0015022876603229733,0.0004108947832980055,0.0003765665961497696
2017-08-24 00:00:00+07:00,16368.23828125,16368.23828125,16047.29296875,16047.29296875,31564514,0.01980259388543746,0.00014143559102223438,2017-08-24 00:00:00+07:00,0.00014143559102223438,0.000416760718418581,0.00035107576471299194
2017-08-25 00:00:00+07:00,16304.048828125,16304.048828125,16047.29296875,16239.8603515625,299037,0.01587329836369324,9.087593804366493e-05,2017-08-25 00:00:00+07:00,9.087593804366493e-05,0.00040664878782286707,0.0003516081340151782
2017-08-28 00:00:00+07:00,16015.1982421875,16368.23828125,15918.9140625,16047.29296875,488182,0.027834800918025995,0.00027944142451833,2017-08-28 00:00:00+07:00,0.00027944142451833,0.0004443618851178001,0.00035320721837076084
2017-08-29 00:00:00+07:00,16432.427734375,16432.427734375,15983.103515625,16047.29296875,135973,0.027724549446878695,0.0002772321173590732,2017-08-29 00:00:00+07:00,0.0002772321173590732,0.0004582545462532551,0.000346823693247997
2017-08-30 00:00:00+07:00,16047.29296875,16047.29296875,15918.9140625,16047.29296875,69949,0.008032207032588494,2.3269354483360156e-05,2017-08-30 00:00:00+07:00,2.3269354483360156e-05,0.00016245088508533252,0.00030885530662481204
2017-08-31 00:00:00+07:00,16047.29296875,16047.29296875,15790.5361328125,15854.724609375,268176,0.016129391330292783,9.383189890333286e-05,2017-08-31 00:00:00+07:00,9.383189890333286e-05,0.00015293014666155222,0.00030277360932848854
2017-09-01 00:00:00+07:00,16047.29296875,16047.29296875,15694.251953125,15822.630859375,91152,0.022245645286260426,0.00017848616718109953,2017-09-01 00:00:00+07:00,0.00017848616718109953,0.00017045219248903917,0.00028566790283914825
2017-09-04 00:00:00+07:00,15822.630859375,15822.630859375,15822.630859375,15822.630859375,0,0.0,0.0,2017-09-04 00:00:00+07:00,0.0,0.00011456390758537314,0.0002638261074363725
2017-09-05 00:00:00+07:00,16047.29296875,16047.29296875,15726.3466796875,15726.3466796875,182367,0.020202734640298464,0.00014720917086346623,2017-09-05 00:00:00+07:00,0.00014720917086346623,8.855931828625176e-05,0.0002638261030985708
2017-09-06 00:00:00+07:00,15726.3466796875,15726.3466796875,15405.400390625,15662.1572265625,178908,0.02061931566396466,0.00015334267756335834,2017-09-06 00:00:00+07:00,0.00015334267756335834,0.00011457398290225139,0.0002612762576477522
2017-09-07 00:00:00+07:00,15726.3466796875,16304.048828125,15662.1572265625,16239.8603515625,1091414,0.040166036324791626,0.0005818787550795487,2017-09-07 00:00:00+07:00,0.0005818787550795487,0.00021218335413749454,0.00027820532481130585
2017-09-08 00:00:00+07:00,16271.955078125,16624.994140625,16047.29296875,16304.048828125,949116,0.03536706113049863,0.0004511412035168237,2017-09-08 00:00:00+07:00,0.0004511412035168237,0.0002667143614046394,0.0002853522491155617
2017-09-11 00:00:00+07:00,16304.048828125,16560.806640625,16047.29296875,16047.29296875,290251,0.031498684985732155,0.0003578486588623521,2017-09-11 00:00:00+07:00,0.0003578486588623521,0.0003382840931771098,0.00029557803233441234
2017-09-12 00:00:00+07:00,16047.29296875,16111.4814453125,15694.251953125,16047.29296875,416191,0.02623762339946313,0.0002482924626108752,2017-09-12 00:00:00+07:00,0.0002482924626108752,0.0003585007515265916,0.0002889621719040898
2017-09-13 00:00:00+07:00,16047.29296875,16047.29296875,15694.251953125,15854.724609375,377696,0.022245645286260426,0.00017848616718109953,2017-09-13 00:00:00+07:00,0.00017848616718109953,0.00036352944945013983,0.0002888572870538016
2017-09-14 00:00:00+07:00,15854.724609375,15854.724609375,15726.3466796875,15726.3466796875,329448,0.008130100188455279,2.3840005026394308e-05,2017-09-14 00:00:00+07:00,2.3840005026394308e-05,0.00025192169943950897,0.0002431079049859994
2017-09-15 00:00:00+07:00,15854.724609375,15854.724609375,15694.251953125,15854.724609375,467025,0.01017301083441715,3.732618134346526e-05,2017-09-15 00:00:00+07:00,3.732618134346526e-05,0.00016915869500483725,0.00024174598591129572
2017-09-18 00:00:00+07:00,15854.724609375,15918.9140625,15726.3466796875,15854.724609375,294192,0.012170527607709957,5.342362574798798e-05,2017-09-18 00:00:00+07:00,5.342362574798798e-05,0.00010827368838196444,0.0002390786091080517
2017-09-19 00:00:00+07:00,15726.3466796875,15854.724609375,15597.96875,15662.1572265625,417811,0.016326841071587852,9.614326756748404e-05,2017-09-19 00:00:00+07:00,9.614326756748404e-05,7.78438493732862e-05,0.00023701986713283577
2017-09-20 00:00:00+07:00,15630.0625,15694.251953125,15405.400390625,15533.779296875,236317,0.01857640501800261,0.0001244623195012148,2017-09-20 00:00:00+07:00,0.0001244623195012148,6.703907983730926e-05,0.0002385465208354517
2017-09-21 00:00:00+07:00,15437.4951171875,15726.3466796875,15405.400390625,15405.400390625,518919,0.02061931566396466,0.00015334267756335834,2017-09-21 00:00:00+07:00,0.00015334267756335834,9.293961434470206e-05,0.00023607260564824983
2017-09-22 00:00:00+07:00,15405.400390625,15694.251953125,15212.8330078125,15341.2119140625,308136,0.03115517920069564,0.00035008625088950865,2017-09-22 00:00:00+07:00,0.00035008625088950865,0.00015549162825391076,0.0001836998143103651
2017-09-25 00:00:00+07:00,15405.400390625,15405.400390625,15020.265625,15084.455078125,364859,0.025317791730208056,0.00023118848206825997,2017-09-25 00:00:00+07:00,0.00023118848206825997,0.00019104459951796513,0.00018777949117609354
2017-09-26 00:00:00+07:00,14891.8876953125,15084.455078125,14635.130859375,14923.982421875,322515,0.03023988689339349,0.00032981839390391465,2017-09-26 00:00:00+07:00,0.00032981839390391465,0.00023777962478525126,0.00019864051189701396
2017-09-27 00:00:00+07:00,15084.455078125,15084.455078125,14699.3203125,14923.982421875,374533,0.02586349306215106,0.00024126199028738814,2017-09-27 00:00:00+07:00,0.00024126199028738814,0.0002611395589424859,0.00019690508306833478
2017-09-28 00:00:00+07:00,14956.076171875,14956.076171875,14763.5087890625,14763.5087890625,379627,0.012959136409611077,6.057126869766717e-05,2017-09-28 00:00:00+07:00,6.057126869766717e-05,0.00024258527716934766,0.00018705686267463453
2017-09-29 00:00:00+07:00,14763.5087890625,14859.79296875,14635.130859375,14859.79296875,189845,0.0152342454365644,8.370597202530644e-05,2017-09-29 00:00:00+07:00,8.370597202530644e-05,0.00018930922139650725,0.0001898039816538139
2017-10-02 00:00:00+07:00,14891.8876953125,14891.8876953125,14667.2255859375,14763.5087890625,363316,0.015201162049521036,8.334280732020323e-05,2017-10-02 00:00:00+07:00,8.334280732020323e-05,0.0001597400864468959,0.00018932720476367163
2017-10-03 00:00:00+07:00,14763.5087890625,14763.5087890625,14538.8466796875,14763.5087890625,446804,0.015334365314286296,8.480982329107622e-05,2017-10-03 00:00:00+07:00,8.480982329107622e-05,0.00011073837232432821,0.00018506918913230698
2017-10-04 00:00:00+07:00,14923.982421875,14923.982421875,14474.658203125,14763.5087890625,660204,0.030570067245401518,0.00033706009257421704,2017-10-04 00:00:00+07:00,0.00033706009257421704,0.000129897992781694,0.00020039010243113497
2017-10-05 00:00:00+07:00,14859.79296875,14859.79296875,14635.130859375,14699.3203125,362366,0.0152342454365644,8.370597202530644e-05,2017-10-05 00:00:00+07:00,8.370597202530644e-05,0.00013452493344722182,0.00019750359339303685
2017-10-06 00:00:00+07:00,14763.5087890625,14763.5087890625,14570.94140625,14699.3203125,251537,0.013129282991288916,6.217224735953489e-05,2017-10-06 00:00:00+07:00,6.217224735953489e-05,0.00013021818851406756,0.00019335948292922668
2017-10-09 00:00:00+07:00,14699.3203125,14699.3203125,14410.46875,14442.5634765625,338515,0.019846316495052713,0.0001420608384007334,2017-10-09 00:00:00+07:00,0.0001420608384007334,0.00014196179473017356,0.00017336775944382598
2017-10-10 00:00:00+07:00,14442.5634765625,14442.5634765625,13800.671875,13800.671875,423903,0.04546236621431806,0.0007454501726946082,2017-10-10 00:00:00+07:00,0.0007454501726946082,0.00027408986461087995,0.000186745439860998
2017-10-11 00:00:00+07:00,13800.671875,14089.5224609375,13158.7802734375,13479.7255859375,578773,0.06834219606824425,0.0016845829769001018,2017-10-11 00:00:00+07:00,0.0016845829769001018,0.000543594441476057,0.00024705154522635026
2017-10-13 00:00:00+07:00,14057.4287109375,15084.455078125,14057.4287109375,15084.455078125,531460,0.07051375860916316,0.0017933385190915174,2017-10-13 00:00:00+07:00,0.0017933385190915174,0.0008855209508892992,0.0003172809114300158
2017-10-16 00:00:00+07:00,15084.455078125,15662.1572265625,15084.455078125,15341.2119140625,366775,0.03758268647368016,0.0005094366543617458,2017-10-16 00:00:00+07:00,0.0005094366543617458,0.0009749738322897413,0.00033232411539277243
2017-10-17 00:00:00+07:00,15277.0224609375,15341.2119140625,14763.5087890625,14859.79296875,383179,0.03838428258583599,0.0005313998206120858,2017-10-17 00:00:00+07:00,0.0005313998206120858,0.0010528416287320119,0.00035539501610121297
2017-10-18 00:00:00+07:00,14827.6982421875,15084.455078125,13929.0498046875,13929.0498046875,388336,0.07968817522233262,0.0022903524130096363,2017-10-18 00:00:00+07:00,0.0022903524130096363,0.0013618220767950173,0.0004578052993587662
2017-10-19 00:00:00+07:00,13511.8203125,14506.7529296875,13511.8203125,14249.99609375,368566,0.07104937924909463,0.0018206862962364429,2017-10-19 00:00:00+07:00,0.0018206862962364429,0.0013890427406622855,0.0005381354207446051
2017-10-20 00:00:00+07:00,14249.99609375,14249.99609375,13287.158203125,13287.158203125,225661,0.0699586124436831,0.0017652122061189667,2017-10-20 00:00:00+07:00,0.0017652122061189667,0.0013834174780677755,0.0006140021906787634
2017-10-23 00:00:00+07:00,13287.158203125,13800.671875,12837.833984375,13800.671875,218479,0.07232068634631018,0.0018864253582392832,2017-10-23 00:00:00+07:00,0.0018864253582392832,0.001658815218843283,0.000694091419712312
2017-10-24 00:00:00+07:00,14057.4287109375,14057.4287109375,13287.158203125,13736.482421875,473459,0.0563529697756743,0.0011453762244162447,2017-10-24 00:00:00+07:00,0.0011453762244162447,0.001781610499604115,0.0007391838536601705
2017-10-25 00:00:00+07:00,13319.2529296875,14089.5224609375,13319.2529296875,13832.7666015625,385641,0.05622085610115725,0.0011400120888444114,2017-10-25 00:00:00+07:00,0.0011400120888444114,0.0015515424347710698,0.0007750895735672114
2017-10-26 00:00:00+07:00,13832.7666015625,14378.3740234375,13832.7666015625,13864.8603515625,313993,0.03868510464858615,0.0005397617431203837,2017-10-26 00:00:00+07:00,0.0005397617431203837,0.001295357524147858,0.0007891156308877625
2017-10-27 00:00:00+07:00,13800.671875,14025.333984375,13800.671875,14025.333984375,229150,0.016147987055688665,9.404838296393303e-05,2017-10-27 00:00:00+07:00,9.404838296393303e-05,0.0009611247595168512,0.0007783988122086725
2017-10-30 00:00:00+07:00,13993.2392578125,14121.6171875,13993.2392578125,14121.6171875,230007,0.009132454379129984,3.0080813038695474e-05,2017-10-30 00:00:00+07:00,3.0080813038695474e-05,0.0005898558504767337,0.0007687996677882773
2017-10-31 00:00:00+07:00,14121.6171875,14121.6171875,13800.671875,13864.8603515625,136845,0.02298947962726877,0.00019062191564627528,2017-10-31 00:00:00+07:00,0.00019062191564627528,0.0003989049887227398,0.0007747110608313959
2017-11-01 00:00:00+07:00,13704.3876953125,13993.2392578125,13543.9150390625,13768.5771484375,71663,0.03263693096677054,0.0003841786033340242,2017-11-01 00:00:00+07:00,0.0003841786033340242,0.00024773829162066236,0.0007883689077090648
2017-11-02 00:00:00+07:00,13672.29296875,13768.5771484375,12837.833984375,13158.7802734375,315536,0.06999238636004977,0.0017669170003753655,2017-11-02 00:00:00+07:00,0.0017669170003753655,0.0004931693430716587,0.0008648950073933906
2017-11-03 00:00:00+07:00,13030.4013671875,13800.671875,12837.833984375,13800.671875,197369,0.07232068634631018,0.0018864253582392832,2017-11-03 00:00:00+07:00,0.0018864253582392832,0.0008516447381267288,0.000946786622618309
2017-11-06 00:00:00+07:00,13800.671875,13800.671875,13479.7255859375,13672.29296875,204738,0.023530529421554588,0.00019969994482678337,2017-11-06 00:00:00+07:00,0.00019969994482678337,0.0008855685644843464,0.0009405429795388801
2017-11-07 00:00:00+07:00,13864.8603515625,13864.8603515625,13351.34765625,13576.009765625,247035,0.03774027922060215,0.0005137179792386945,2017-11-07 00:00:00+07:00,0.0005137179792386945,0.0009501877772028301,0.0009600889798667613
2017-11-08 00:00:00+07:00,13479.7255859375,13479.7255859375,13158.7802734375,13158.7802734375,117979,0.02409751093819368,0.00020943965787585873,2017-11-08 00:00:00+07:00,0.00020943965787585873,0.0009152399881111972,0.0009667829530720488
2017-11-09 00:00:00+07:00,13158.7802734375,13319.2529296875,13094.5908203125,13190.8740234375,79904,0.017011346725061372,0.00010437390698411323,2017-11-09 00:00:00+07:00,0.00010437390698411323,0.0005827313694329465,0.0009650699107349298
2017-11-10 00:00:00+07:00,13030.4013671875,13800.671875,13030.4013671875,13640.1982421875,293725,0.05743208359540007,0.0011896622819140802,2017-11-10 00:00:00+07:00,0.0011896622819140802,0.000443378754167906,0.0009852613702449056
2017-11-13 00:00:00+07:00,13672.29296875,13672.29296875,13383.4423828125,13383.4423828125,121562,0.021353074112397435,0.00016445056217396869,2017-11-13 00:00:00+07:00,0.00016445056217396869,0.00043632887763734305,0.0009161644423028088
2017-11-14 00:00:00+07:00,13640.1982421875,13640.1982421875,13222.96875,13255.0634765625,177397,0.031065811928881238,0.000348080717150503,2017-11-14 00:00:00+07:00,0.000348080717150503,0.0004032014252197048,0.0008504709058509446
2017-11-15 00:00:00+07:00,13479.7255859375,13479.7255859375,13158.7802734375,13479.7255859375,133402,0.02409751093819368,0.00020943965787585873,2017-11-15 00:00:00+07:00,0.00020943965787585873,0.0004032014252197048,0.0008368346787379497
2017-11-16 00:00:00+07:00,13383.4423828125,13479.7255859375,13190.8740234375,13190.8740234375,93816,0.021661519519945042,0.00016923585678221644,2017-11-16 00:00:00+07:00,0.00016923585678221644,0.0004161738151793254,0.0008203726803820464
2017-11-17 00:00:00+07:00,13158.7802734375,13351.34765625,13030.4013671875,13030.4013671875,125831,0.024332133808248602,0.00021353788642126356,2017-11-17 00:00:00+07:00,0.00021353788642126356,0.0002209489360807621,0.0007259720200825749
2017-11-20 00:00:00+07:00,12966.2119140625,13190.8740234375,12773.64453125,12773.64453125,121017,0.032141201399249086,0.0003725964904569607,2017-11-20 00:00:00+07:00,0.0003725964904569607,0.0002625781217373605,0.0006601497561835076
2017-11-21 00:00:00+07:00,12837.833984375,12837.833984375,12324.3203125,12581.0771484375,281776,0.04082201987662276,0.0006010402096208432,2017-11-21 00:00:00+07:00,0.0006010402096208432,0.00031317002023142855,0.0006072328472517748
2017-11-22 00:00:00+07:00,12709.4560546875,12709.4560546875,12324.3203125,12581.0771484375,123837,0.03077171629486091,0.0003415214511030959,2017-11-22 00:00:00+07:00,0.0003415214511030959,0.00033958637887687596,0.000537009942381948
2017-11-23 00:00:00+07:00,12581.0771484375,13158.7802734375,12324.3203125,12581.0771484375,137172,0.06551466586318475,0.0015480736139247505,2017-11-23 00:00:00+07:00,0.0015480736139247505,0.0006153539303053828,0.0005553143691777893
2017-11-24 00:00:00+07:00,12516.8876953125,12966.2119140625,12516.8876953125,12966.2119140625,207901,0.03526814231357847,0.0004486211215798393,2017-11-24 00:00:00+07:00,0.0004486211215798393,0.000662370577337098,0.0005238875070293996
2017-11-27 00:00:00+07:00,12805.7392578125,13800.671875,12805.7392578125,13479.7255859375,650919,0.07482382762209261,0.002019269982277756,2017-11-27 00:00:00+07:00,0.002019269982277756,0.000991705275701257,0.0005911378815365528
2017-11-28 00:00:00+07:00,13993.2392578125,13993.2392578125,13672.29296875,13864.8603515625,808095,0.0232029288611295,0.00019417806305571347,2017-11-28 00:00:00+07:00,0.00019417806305571347,0.000910332846388231,0.0005956892306316338
2017-11-29 00:00:00+07:00,13672.29296875,13961.14453125,13672.29296875,13672.29296875,682062,0.02090670649352761,0.00015764702961549044,2017-11-29 00:00:00+07:00,0.00015764702961549044,0.00087355796209071,0.0006014876950214881
2017-11-30 00:00:00+07:00,13672.29296875,13736.482421875,13351.34765625,13672.29296875,278956,0.02843791618021349,0.00029168230765201403,2017-11-30 00:00:00+07:00,0.00029168230765201403,0.0006222797008361626,0.0006060813492035672
2017-12-01 00:00:00+07:00,13543.9150390625,13736.482421875,13383.4423828125,13608.1044921875,479520,0.02603694411845006,0.00024450884243648114,2017-12-01 00:00:00+07:00,0.00024450884243648114,0.000581457245007491,0.0005997327237082243
2017-12-04 00:00:00+07:00,13800.671875,13929.0498046875,13576.009765625,13864.8603515625,371215,0.02567232604890271,0.00023770865093498373,2017-12-04 00:00:00+07:00,0.00023770865093498373,0.00022514497873893656,0.000530223253279116
2017-12-05 00:00:00+07:00,13864.8603515625,14731.4140625,13768.5771484375,14442.5634765625,1076443,0.0675932470929485,0.0016478632463301438,2017-12-05 00:00:00+07:00,0.0016478632463301438,0.0005158820153938227,0.0005193795209196097
2017-12-06 00:00:00+07:00,14442.5634765625,14827.6982421875,14249.99609375,14667.2255859375,982377,0.03974030194923302,0.0005696090395045732,2017-12-06 00:00:00+07:00,0.0005696090395045732,0.0005982744173716392,0.000536193570677691
2017-12-07 00:00:00+07:00,14570.94140625,14763.5087890625,14378.3740234375,14378.3740234375,1111293,0.02643323994079552,0.0002520085897208813,2017-12-07 00:00:00+07:00,0.0002520085897208813,0.0005903396737854127,0.0005242976893359723
2017-12-08 00:00:00+07:00,14378.3740234375,14570.94140625,14314.1845703125,14570.94140625,929019,0.017778257141399446,0.00011399686670094812,2017-12-08 00:00:00+07:00,0.00011399686670094812,0.000564237278638306,0.0005199593806462036
2017-12-11 00:00:00+07:00,14121.6171875,14603.0361328125,14121.6171875,14314.1845703125,675067,0.03352270419754113,0.0004053149634858303,2017-12-11 00:00:00+07:00,0.0004053149634858303,0.0005977585411484753,0.0005336385195780997
2017-12-12 00:00:00+07:00,14249.99609375,14378.3740234375,13319.2529296875,13800.671875,629997,0.07651469663660039,0.0021115640969142893,2017-12-12 00:00:00+07:00,0.0021115640969142893,0.0006904987112653045,0.0005755431475326548
2017-12-13 00:00:00+07:00,13768.5771484375,13768.5771484375,13158.7802734375,13479.7255859375,167473,0.0452997403734876,0.0007401265328121441,2017-12-13 00:00:00+07:00,0.0007401265328121441,0.0007246022099268186,0.0006017102371071172
2017-12-14 00:00:00+07:00,13704.3876953125,13800.671875,13222.96875,13479.7255859375,328295,0.042761903306675106,0.0006595209595068427,2017-12-14 00:00:00+07:00,0.0006595209595068427,0.0008061046838840109,0.0006158666117596781
2017-12-15 00:00:00+07:00,13351.34765625,13479.7255859375,13222.96875,13222.96875,238217,0.019231373885120605,0.0001333936542923417,2017-12-15 00:00:00+07:00,0.0001333936542923417,0.0008099840414022896,0.0006124099752331546
2017-12-18 00:00:00+07:00,13415.5361328125,13800.671875,13158.7802734375,13222.96875,728175,0.047628040359748214,0.0008181632603184284,2017-12-18 00:00:00+07:00,0.0008181632603184284,0.0008925537007688092,0.0006419066753938916
2017-12-19 00:00:00+07:00,13222.96875,13479.7255859375,13030.4013671875,13287.158203125,385812,0.033901554173845695,0.00041452789812754584,2017-12-19 00:00:00+07:00,0.00041452789812754584,0.0005531464610114606,0.0006510425850169044
2017-12-20 00:00:00+07:00,13351.34765625,13415.5361328125,12966.2119140625,12966.2119140625,480454,0.03406655780687658,0.00041857284908515096,2017-12-20 00:00:00+07:00,0.00041857284908515096,0.0004888357242660619,0.0006531324195000039
2017-12-21 00:00:00+07:00,13287.158203125,13287.158203125,12709.4560546875,13030.4013671875,275840,0.04445173250399577,0.0007126756690442556,2017-12-21 00:00:00+07:00,0.0007126756690442556,0.0004994666661735446,0.0006582067585647046
2017-12-22 00:00:00+07:00,12837.833984375,13030.4013671875,12709.4560546875,12966.2119140625,394381,0.024938906332671703,0.00022432070219464194,2017-12-22 00:00:00+07:00,0.00022432070219464194,0.0005176520757540045,0.0006528794517961385
2017-12-25 00:00:00+07:00,12837.833984375,13094.5908203125,12324.3203125,12324.3203125,461947,0.06062465910521055,0.0013256020491398126,2017-12-25 00:00:00+07:00,0.0013256020491398126,0.0006191398335182814,0.0006427671079422777
2017-12-26 00:00:00+07:00,12324.3203125,12645.2666015625,12195.9423828125,12581.0771484375,452288,0.03617965860980526,0.0004721103013304591,2017-12-26 00:00:00+07:00,0.0004721103013304591,0.000630656314158864,0.0006438347979309422
2017-12-27 00:00:00+07:00,12324.3203125,12645.2666015625,12195.9423828125,12356.4150390625,366931,0.03617965860980526,0.0004721103013304591,2017-12-27 00:00:00+07:00,0.0004721103013304591,0.0006413638046079257,0.0005735093578878832
2017-12-28 00:00:00+07:00,12003.375,12356.4150390625,12003.375,12356.4150390625,312794,0.028987504330321073,0.00030306529077330413,2017-12-28 00:00:00+07:00,0.00030306529077330413,0.0005594417289537353,0.0005784587773295919
2017-12-29 00:00:00+07:00,12228.037109375,12452.69921875,12163.84765625,12356.4150390625,683744,0.023469158543283533,0.00019865961305823402,2017-12-29 00:00:00+07:00,0.00019865961305823402,0.0005543095111264538,0.0005803229856678984
2018-01-01 00:00:00+07:00,12356.4150390625,12356.4150390625,12356.4150390625,12356.4150390625,0,0.0,0.0,2018-01-01 00:00:00+07:00,0.0,0.00028918910129849127,0.0005670646989564432
2018-01-02 00:00:00+07:00,12324.3203125,12420.6044921875,12003.375,12324.3203125,466215,0.03416888594486989,0.00042109121967803966,2018-01-02 00:00:00+07:00,0.00042109121967803966,0.0002789852849680074,0.0005750911706492414
2018-01-03 00:00:00+07:00,12195.9423828125,12324.3203125,12067.564453125,12195.9423828125,325958,0.021053341760685833,0.00015986619138166758,2018-01-03 00:00:00+07:00,0.00015986619138166758,0.00021653646297824908,0.0005715528770331816
2018-01-04 00:00:00+07:00,11874.99609375,12388.509765625,11682.4287109375,12195.9423828125,505209,0.05868351785358021,0.0012420721616762177,2018-01-04 00:00:00+07:00,0.0012420721616762177,0.0004043378371588318,0.0005531078277307304
2018-01-05 00:00:00+07:00,12260.1318359375,12420.6044921875,11939.185546875,11939.185546875,421628,0.039530852706124664,0.0005636206708692577,2018-01-05 00:00:00+07:00,0.0005636206708692577,0.0004773300487210365,0.0005528356291563978
2018-01-08 00:00:00+07:00,11874.99609375,12388.509765625,11874.99609375,12388.509765625,820512,0.04233439024462207,0.0006463997285310165,2018-01-08 00:00:00+07:00,0.0006463997285310165,0.0006066099944272398,0.000570762499102313
2018-01-09 00:00:00+07:00,12452.69921875,12516.8876953125,12260.1318359375,12452.69921875,808750,0.020726064343431744,0.00015493453454613106,2018-01-09 00:00:00+07:00,0.00015493453454613106,0.0005533786574008581,0.0005726233021861849
2018-01-10 00:00:00+07:00,12516.8876953125,12902.0234375,12195.9423828125,12773.64453125,917787,0.056280849841603586,0.0011424464196530023,2018-01-10 00:00:00+07:00,0.0011424464196530023,0.0007498947030551252,0.000606129277466511
2018-01-11 00:00:00+07:00,12773.64453125,12902.0234375,12581.0771484375,12645.2666015625,798561,0.025190283198291582,0.00022886566713635123,2018-01-11 00:00:00+07:00,0.00022886566713635123,0.0005472534041471518,0.0005205520761129684
2018-01-12 00:00:00+07:00,12645.2666015625,12805.7392578125,12067.564453125,12452.69921875,768977,0.05937222036152623,0.0012713968438167703,2018-01-12 00:00:00+07:00,0.0012713968438167703,0.0006888086387366543,0.0005447007266131787
2018-01-15 00:00:00+07:00,12195.9423828125,12420.6044921875,12035.4697265625,12131.7529296875,510880,0.031498645673536045,0.000357847765630912,2018-01-15 00:00:00+07:00,0.000357847765630912,0.0006310982461566335,0.0005309883087097273
2018-01-16 00:00:00+07:00,12131.7529296875,12260.1318359375,11939.185546875,12131.7529296875,320521,0.02652679030598103,0.0002537955226799894,2018-01-16 00:00:00+07:00,0.0002537955226799894,0.0006508704437834051,0.0005364611209091658
2018-01-17 00:00:00+07:00,12067.564453125,12195.9423828125,11746.6181640625,11746.6181640625,248063,0.03753792150684492,0.000508223790911095,2018-01-17 00:00:00+07:00,0.000508223790911095,0.0005240259180350237,0.0005223729632088325
2018-01-18 00:00:00+07:00,11618.240234375,11939.185546875,11040.537109375,11682.4287109375,435509,0.07825220260635761,0.00220855230479325,2018-01-18 00:00:00+07:00,0.00220855230479325,0.0009199632455664034,0.0006039195271481827
2018-01-19 00:00:00+07:00,11682.4287109375,11778.712890625,10912.1591796875,10912.1591796875,347395,0.07641622142190212,0.002106132384353023,2018-01-19 00:00:00+07:00,0.002106132384353023,0.001086910353673654,0.0006806267787512677
2018-01-22 00:00:00+07:00,10912.1591796875,10912.1591796875,10912.1591796875,10912.1591796875,0,0.0,0.0,2018-01-22 00:00:00+07:00,0.0,0.0010153408005474716,0.000648232430158347
2018-01-23 00:00:00+07:00,10912.1591796875,10912.1591796875,10912.1591796875,10912.1591796875,0,0.0,0.0,2018-01-23 00:00:00+07:00,0.0,0.0009645816960114736,0.000638036034604045
2018-01-24 00:00:00+07:00,10912.1591796875,10912.1591796875,10912.1591796875,10912.1591796875,0,0.0,0.0,2018-01-24 00:00:00+07:00,0.0,0.0008629369378292548,0.0005777813960067808
2018-01-25 00:00:00+07:00,12452.69921875,12452.69921875,11939.185546875,11939.185546875,677450,0.04211151064746675,0.0006396113908950463,2018-01-25 00:00:00+07:00,0.0006396113908950463,0.0005491487550496139,0.0005853950818960804
2018-01-26 00:00:00+07:00,11939.185546875,12131.7529296875,11618.240234375,11682.4287109375,319913,0.04324992731291502,0.0006746605428955726,2018-01-26 00:00:00+07:00,0.0006746605428955726,0.00026285438675812376,0.0005946019110581309
2018-01-29 00:00:00+07:00,11554.05078125,11682.4287109375,10912.1591796875,10976.34765625,204099,0.06820820478828327,0.0016779838867273728,2018-01-29 00:00:00+07:00,0.0016779838867273728,0.0005984511641035984,0.000657098210874225
2018-01-30 00:00:00+07:00,10912.1591796875,11104.7265625,10655.40234375,10912.1591796875,208680,0.04130380826029978,0.0006153110856721101,2018-01-30 00:00:00+07:00,0.0006153110856721101,0.0007215133812380203,0.0006760369141748557
2018-01-31 00:00:00+07:00,10783.7802734375,10912.1591796875,10559.1181640625,10559.1181640625,463364,0.032887920975896275,0.00039011027399802614,2018-01-31 00:00:00+07:00,0.00039011027399802614,0.0007995354360376256,0.0006937691993565841
2018-02-01 00:00:00+07:00,10559.1181640625,11168.916015625,10559.1181640625,10976.34765625,734438,0.05614479651268962,0.001136929595856125,2018-02-01 00:00:00+07:00,0.001136929595856125,0.0008989990770298413,0.0007263073073646789
2018-02-02 00:00:00+07:00,11072.6318359375,11168.916015625,10912.1591796875,11104.7265625,425040,0.023256875536793255,0.0001950820384557258,2018-02-02 00:00:00+07:00,0.0001950820384557258,0.0008030833761418721,0.0007279080276862272
2018-02-05 00:00:00+07:00,11104.7265625,11104.7265625,10783.7802734375,10912.1591796875,366728,0.02932765540088446,0.00031021960250137765,2018-02-05 00:00:00+07:00,0.00031021960250137765,0.000529530519296673,0.0006855510931782798
2018-02-06 00:00:00+07:00,10719.591796875,10719.591796875,10173.9833984375,10398.6455078125,683246,0.05223926163224759,0.000984257215645707,2018-02-06 00:00:00+07:00,0.000984257215645707,0.0006033197452913922,0.0007046709361226639
2018-02-07 00:00:00+07:00,10591.212890625,10880.064453125,10206.078125,10462.8349609375,382182,0.06394872798733199,0.0014749536339072331,2018-02-07 00:00:00+07:00,0.0014749536339072331,0.0008202884172732336,0.0007423324772761283
2018-02-08 00:00:00+07:00,10462.8349609375,10591.212890625,10206.078125,10398.6455078125,752182,0.0370412473243187,0.0004948638766131029,2018-02-08 00:00:00+07:00,0.0004948638766131029,0.0006918752734246293,0.0007577838110064451
2018-02-09 00:00:00+07:00,9756.75390625,10270.267578125,9756.75390625,10270.267578125,318947,0.05129332441482686,0.0009489345132296679,2018-02-09 00:00:00+07:00,0.0009489345132296679,0.0008426457683794178,0.0007489878152599299
2018-02-12 00:00:00+07:00,10270.267578125,10398.6455078125,9981.416015625,10141.888671875,135443,0.040950592440228945,0.0006048322305267996,2018-02-12 00:00:00+07:00,0.0006048322305267996,0.000901568293984502,0.0007660772045049503
2018-02-13 00:00:00+07:00,10077.69921875,10847.9697265625,10013.5107421875,10847.9697265625,123805,0.08004268516788522,0.00231077598977953,2018-02-13 00:00:00+07:00,0.00231077598977953,0.0011668720488112669,0.0008133217111396212
2018-02-14 00:00:00+07:00,10847.9697265625,10847.9697265625,10847.9697265625,10847.9697265625,0,0.0,0.0,2018-02-14 00:00:00+07:00,0.0,0.0008718813220298203,0.0007970559036109434
2018-02-15 00:00:00+07:00,10847.9697265625,10847.9697265625,10847.9697265625,10847.9697265625,0,0.0,0.0,2018-02-15 00:00:00+07:00,0.0,0.0007729085467071996,0.0007855197434891257
2018-02-16 00:00:00+07:00,10847.9697265625,10847.9697265625,10847.9697265625,10847.9697265625,0,0.0,0.0,2018-02-16 00:00:00+07:00,0.0,0.0005831216440612659,0.0007624186620840759
2018-02-19 00:00:00+07:00,10847.9697265625,10847.9697265625,10847.9697265625,10847.9697265625,0,0.0,0.0,2018-02-19 00:00:00+07:00,0.0,0.000462155197955906,0.00066202992095711
2018-02-20 00:00:00+07:00,10847.9697265625,10847.9697265625,10847.9697265625,10847.9697265625,0,0.0,0.0,2018-02-20 00:00:00+07:00,0.0,0.0,0.0005662966307592453
2018-02-21 00:00:00+07:00,10847.9697265625,11361.4833984375,10847.9697265625,10912.1591796875,313121,0.04625104511527909,0.0007715385830926644,2018-02-21 00:00:00+07:00,0.0007715385830926644,0.0001543077166185329,0.0006013665663543665
2018-02-22 00:00:00+07:00,10687.4970703125,11072.6318359375,10687.4970703125,10912.1591796875,128417,0.03540190321414329,0.0004520305305761757,2018-02-22 00:00:00+07:00,0.0004520305305761757,0.000244713822733768,0.0006219134086532835
2018-02-23 00:00:00+07:00,10912.1591796875,10912.1591796875,10591.212890625,10815.875,302667,0.029853003828344993,0.0003214331178752112,2018-02-23 00:00:00+07:00,0.0003214331178752112,0.00030900044630881025,0.0006365240049203386
2018-02-26 00:00:00+07:00,10912.1591796875,10912.1591796875,10687.4970703125,10687.4970703125,67846,0.020803128436007,0.00015608883829528028,2018-02-26 00:00:00+07:00,0.00015608883829528028,0.0003402182139678663,0.0006145457070748946
2018-02-27 00:00:00+07:00,10527.0234375,11361.4833984375,10527.0234375,11361.4833984375,430929,0.07628337393194787,0.002098815843750708,2018-02-27 00:00:00+07:00,0.002098815843750708,0.000759981382718008,0.0006792800389319463
2018-02-28 00:00:00+07:00,11361.4833984375,11361.4833984375,11361.4833984375,11361.4833984375,0,0.0,0.0,2018-02-28 00:00:00+07:00,0.0,0.000605673666099475,0.000603008044080702
2018-03-01 00:00:00+07:00,12484.7939453125,12966.2119140625,12484.7939453125,12966.2119140625,1405439,0.037835471030844836,0.000516312735691095,2018-03-01 00:00:00+07:00,0.000516312735691095,0.0006185301071224589,0.000598508119081565
2018-03-02 00:00:00+07:00,13351.34765625,13736.482421875,12966.2119140625,13543.9150390625,1224490,0.057708353518900184,0.0012011352564299832,2018-03-02 00:00:00+07:00,0.0012011352564299832,0.0007944705348334133,0.0006353728910102903
2018-03-05 00:00:00+07:00,13351.34765625,13543.9150390625,12805.7392578125,12805.7392578125,1276882,0.056043921903461,0.0011328478533894867,2018-03-05 00:00:00+07:00,0.0011328478533894867,0.0009898223378522546,0.0006351873572618068
2018-03-06 00:00:00+07:00,12837.833984375,13158.7802734375,12195.9423828125,13158.7802734375,565017,0.07598593236683873,0.0020824804888456335,2018-03-06 00:00:00+07:00,0.0020824804888456335,0.0009865552668712398,0.0007209781959158935
2018-03-07 00:00:00+07:00,13158.7802734375,13158.7802734375,12548.982421875,12645.2666015625,678167,0.047449656844294516,0.0008120461273544026,2018-03-07 00:00:00+07:00,0.0008120461273544026,0.0011489644923421203,0.0007437884925001217
2018-03-08 00:00:00+07:00,12452.69921875,12741.5498046875,12292.2265625,12645.2666015625,272335,0.03590121566307223,0.00046487143071303143,2018-03-08 00:00:00+07:00,0.00046487143071303143,0.0011386762313465074,0.0007201800477304547
2018-03-09 00:00:00+07:00,12645.2666015625,12966.2119140625,12195.9423828125,12195.9423828125,560624,0.06124358560074839,0.001352806764000037,2018-03-09 00:00:00+07:00,0.001352806764000037,0.0011690105328605181,0.0007146279172801276
2018-03-12 00:00:00+07:00,12195.9423828125,12516.8876953125,11682.4287109375,11874.99609375,430384,0.06899285476846714,0.0017168121513736504,2018-03-12 00:00:00+07:00,0.0017168121513736504,0.0012858033924573512,0.0007701710206783344
2018-03-13 00:00:00+07:00,11810.8076171875,12516.8876953125,11810.8076171875,12228.037109375,1609290,0.058063736079774504,0.0012159745946085326,2018-03-13 00:00:00+07:00,0.0012159745946085326,0.0011125022136099308,0.0007823092061955556
2018-03-14 00:00:00+07:00,12228.037109375,12420.6044921875,11907.0908203125,11907.0908203125,900385,0.04222265627726893,0.0006429921209764697,2018-03-14 00:00:00+07:00,0.0006429921209764697,0.001078691412334344,0.0007840437466705406
2018-03-15 00:00:00+07:00,11874.99609375,12099.658203125,11810.8076171875,12003.375,683697,0.024162192475085775,0.00021056550526955584,2018-03-15 00:00:00+07:00,0.00021056550526955584,0.0010278302272456494,0.000688579633738269
2018-03-16 00:00:00+07:00,12003.375,12067.564453125,11810.8076171875,11810.8076171875,640980,0.02150621753557257,0.00016681788718874018,2018-03-16 00:00:00+07:00,0.00016681788718874018,0.0007906324518833897,0.0006961622649741208
2018-03-19 00:00:00+07:00,11746.6181640625,11939.185546875,11361.4833984375,11874.99609375,1125174,0.04959690786693876,0.0008872045284720295,2018-03-19 00:00:00+07:00,0.0008872045284720295,0.0006247109273030656,0.0007364897435410312
2018-03-20 00:00:00+07:00,11874.99609375,12099.658203125,11810.8076171875,11810.8076171875,764038,0.024162192475085775,0.00021056550526955584,2018-03-20 00:00:00+07:00,0.00021056550526955584,0.0004236291094352702,0.0007460609028714656
2018-03-21 00:00:00+07:00,11842.90234375,12613.171875,11842.90234375,12613.171875,2883056,0.06301292502521044,0.001432101590972785,2018-03-21 00:00:00+07:00,0.001432101590972785,0.0005814510034345333,0.0008111564297338651
2018-03-22 00:00:00+07:00,12773.64453125,13030.4013671875,12484.7939453125,12581.0771484375,1513043,0.042773774561282944,0.0006598871933452333,2018-03-22 00:00:00+07:00,0.0006598871933452333,0.0006713153410496688,0.0008411513021586482
2018-03-23 00:00:00+07:00,12324.3203125,12324.3203125,11746.6181640625,12035.4697265625,691752,0.048009188010498936,0.0008313105059323336,2018-03-23 00:00:00+07:00,0.0008313105059323336,0.0008042138647983875,0.0008438682077422697
2018-03-26 00:00:00+07:00,12035.4697265625,12099.658203125,11746.6181640625,11939.185546875,967172,0.029611821189325982,0.00031626037685108274,2018-03-26 00:00:00+07:00,0.00031626037685108274,0.0006900250344741982,0.0008376968371184017
2018-03-27 00:00:00+07:00,12067.564453125,12645.2666015625,11939.185546875,12195.9423828125,2126900,0.05745706997204807,0.0011906976549720383,2018-03-27 00:00:00+07:00,0.0011906976549720383,0.0008860514644146947,0.0008772088615318939
2018-03-28 00:00:00+07:00,12195.9423828125,12484.7939453125,11778.712890625,11778.712890625,1855936,0.058217509417581755,0.0012224237859729367,2018-03-28 00:00:00+07:00,0.0012224237859729367,0.000844115903414725,0.0009256786318808783
2018-03-29 00:00:00+07:00,12003.375,12195.9423828125,11778.712890625,12003.375,1352346,0.03480939484767808,0.00043702622027644766,2018-03-29 00:00:00+07:00,0.00043702622027644766,0.0007995437088009677,0.0008501427399047756
2018-03-30 00:00:00+07:00,12067.564453125,12195.9423828125,11874.99609375,12003.375,1184405,0.026668283872338973,0.00025651022778493024,2018-03-30 00:00:00+07:00,0.00025651022778493024,0.0006845836531714871,0.0008618022957131814
2018-04-02 00:00:00+07:00,12035.4697265625,12292.2265625,12003.375,12195.9423828125,2212351,0.023779215557290213,0.0002039433717609889,2018-04-02 00:00:00+07:00,0.0002039433717609889,0.0006621202521534683,0.000847603688261813
2018-04-03 00:00:00+07:00,12195.9423828125,12292.2265625,11939.185546875,12131.7529296875,560811,0.029141182318544834,0.0003062872254045143,2018-04-03 00:00:00+07:00,0.0003062872254045143,0.00048523816623996356,0.0008069287777606553
2018-04-04 00:00:00+07:00,12163.84765625,12195.9423828125,11939.185546875,12067.564453125,1426003,0.021277411362242697,0.000163287194615856,2018-04-04 00:00:00+07:00,0.000163287194615856,0.00027341084796854746,0.0007628578387254902
2018-04-05 00:00:00+07:00,12195.9423828125,12741.5498046875,12163.84765625,12709.4560546875,2821130,0.046400045877434015,0.0007765177143506346,2018-04-05 00:00:00+07:00,0.0007765177143506346,0.0003413091467833848,0.0007034958944302631
2018-04-06 00:00:00+07:00,12837.833984375,12837.833984375,12516.8876953125,12548.982421875,1076583,0.025317843093106605,0.0002311894201060416,2018-04-06 00:00:00+07:00,0.0002311894201060416,0.0003362449852476071,0.0006770933168280648
2018-04-09 00:00:00+07:00,12837.833984375,12837.833984375,12324.3203125,12516.8876953125,1033336,0.04082201987662276,0.0006010402096208432,2018-04-09 00:00:00+07:00,0.0006010402096208432,0.00041566435281957797,0.0006832828067784199
2018-04-10 00:00:00+07:00,12388.509765625,12388.509765625,11778.712890625,11778.712890625,969244,0.050475501219961194,0.0009189160307007718,2018-04-10 00:00:00+07:00,0.0009189160307007718,0.0005381901138788295,0.0006635605007193623
2018-04-11 00:00:00+07:00,11778.712890625,11971.2802734375,11072.6318359375,11104.7265625,878232,0.07803400734146707,0.002196253001003701,2018-04-11 00:00:00+07:00,0.002196253001003701,0.0009447832751563985,0.0006853532666116374
2018-04-12 00:00:00+07:00,10976.34765625,11554.05078125,10944.25390625,11104.7265625,404273,0.05422153136325949,0.001060371644663523,2018-04-12 00:00:00+07:00,0.001060371644663523,0.0010015540612189763,0.0006782804052505005
2018-04-13 00:00:00+07:00,11104.7265625,11393.578125,10944.25390625,11233.1044921875,564316,0.04023531319731432,0.0005838876913479598,2018-04-13 00:00:00+07:00,0.0005838876913479598,0.00107209371546736,0.0006755938402673865
2018-04-16 00:00:00+07:00,11489.861328125,11554.05078125,11233.1044921875,11329.388671875,215129,0.02817091560497028,0.0002862308714078818,2018-04-16 00:00:00+07:00,0.0002862308714078818,0.0010091318478247676,0.0006790331750918558
2018-04-17 00:00:00+07:00,11425.671875,11586.1455078125,11297.2939453125,11329.388671875,706209,0.025246808356144082,0.00022989393524509272,2018-04-17 00:00:00+07:00,0.00022989393524509272,0.0008713274287336316,0.0006819002681853264
2018-04-18 00:00:00+07:00,11489.861328125,11521.9560546875,11233.1044921875,11329.388671875,1117649,0.02538926040046502,0.0002324955513639549,2018-04-18 00:00:00+07:00,0.0002324955513639549,0.0004785759388056824,0.0006521407692258685
2018-04-19 00:00:00+07:00,11104.7265625,11393.578125,10847.9697265625,10912.1591796875,451291,0.04907193380521044,0.0008685221389192031,2018-04-19 00:00:00+07:00,0.0008685221389192031,0.0004402060376568185,0.0006820478889372161
2018-04-20 00:00:00+07:00,10912.1591796875,11072.6318359375,10719.591796875,11040.537109375,311423,0.03240338708625161,0.00037870005249579617,2018-04-20 00:00:00+07:00,0.00037870005249579617,0.0003991685098863858,0.0006341660008246258
2018-04-23 00:00:00+07:00,10912.1591796875,11136.8212890625,10398.6455078125,10398.6455078125,228745,0.06858129365441228,0.0016963907418310444,2018-04-23 00:00:00+07:00,0.0016963907418310444,0.0006812004839710183,0.0006812797984830717
2018-04-24 00:00:00+07:00,10398.6455078125,10559.1181640625,10109.7939453125,10334.4560546875,283755,0.043485116050193624,0.0006820179649188057,2018-04-24 00:00:00+07:00,0.0006820179649188057,0.0007716252899057608,0.0006744937738915476
2018-04-25 00:00:00+07:00,10334.4560546875,10334.4560546875,10334.4560546875,10334.4560546875,0,0.0,0.0,2018-04-25 00:00:00+07:00,0.0,0.0007251261796329698,0.0006601183022164985
2018-04-26 00:00:00+07:00,10334.4560546875,10559.1181640625,10077.69921875,10527.0234375,523328,0.04666478311853396,0.0007854038956562875,2018-04-26 00:00:00+07:00,0.0007854038956562875,0.0007085025309803868,0.0006416958586112371
2018-04-27 00:00:00+07:00,10462.8349609375,10815.875,10302.361328125,10815.875,280031,0.04864183816275447,0.0008533643669805624,2018-04-27 00:00:00+07:00,0.0008533643669805624,0.00080343539387734,0.0006249204304752201
2018-04-30 00:00:00+07:00,10815.875,10815.875,10815.875,10815.875,0,0.0,0.0,2018-04-30 00:00:00+07:00,0.0,0.00046415724551113105,0.0006050556022808361
2018-05-01 00:00:00+07:00,10815.875,10815.875,10815.875,10815.875,0,0.0,0.0,2018-05-01 00:00:00+07:00,0.0,0.00032775365252737,0.0005933960464724301
2018-05-02 00:00:00+07:00,10847.9697265625,10880.064453125,10623.3076171875,10783.7802734375,234338,0.023881746375362337,0.00020570588250694316,2018-05-02 00:00:00+07:00,0.00020570588250694316,0.0003688948290287586,0.0005934761605972462
2018-05-03 00:00:00+07:00,10527.0234375,11489.861328125,10430.740234375,11489.861328125,420631,0.09670778471861728,0.003373163697220581,2018-05-03 00:00:00+07:00,0.003373163697220581,0.0008864467893416174,0.0007328796365888856
2018-05-04 00:00:00+07:00,11746.6181640625,12003.375,11297.2939453125,12003.375,749285,0.060624637070933775,0.0013256010855491691,2018-05-04 00:00:00+07:00,0.0013256010855491691,0.0009808941330553386,0.0007857120861767635
2018-05-07 00:00:00+07:00,12003.375,12003.375,11233.1044921875,12003.375,546291,0.0663226833772872,0.0015864950668956358,2018-05-07 00:00:00+07:00,0.0015864950668956358,0.001298193146434466,0.0008225292385651725
2018-05-08 00:00:00+07:00,12003.375,12003.375,11682.4287109375,11874.99609375,491453,0.02710196688030912,0.0002649208672348662,2018-05-08 00:00:00+07:00,0.0002649208672348662,0.0013511773198814391,0.0008240624861619374
2018-05-09 00:00:00+07:00,11842.90234375,11874.99609375,11618.240234375,11746.6181640625,580627,0.02185872384301069,0.00017233129609609736,2018-05-09 00:00:00+07:00,0.00017233129609609736,0.00134450240259927,0.0008045757173653582
2018-05-10 00:00:00+07:00,11810.8076171875,11810.8076171875,11361.4833984375,11810.8076171875,494491,0.0387860264365768,0.0005425816799556084,2018-05-10 00:00:00+07:00,0.0005425816799556084,0.0007783859991462754,0.0007874696105133051
2018-05-11 00:00:00+07:00,11810.8076171875,11810.8076171875,11489.861328125,11810.8076171875,616630,0.027549989183807376,0.00027375207074158435,2018-05-11 00:00:00+07:00,0.00027375207074158435,0.0005680161961847585,0.0007000832045922999
2018-05-14 00:00:00+07:00,11778.712890625,12067.564453125,11682.4287109375,12067.564453125,581141,0.03243533622426506,0.000379447203093015,2018-05-14 00:00:00+07:00,0.000379447203093015,0.00032660662342423434,0.0006691320936118223
2018-05-15 00:00:00+07:00,12195.9423828125,12195.9423828125,12067.564453125,12099.658203125,630729,0.010582075257032012,4.038836191147312e-05,2018-05-15 00:00:00+07:00,4.038836191147312e-05,0.0002817001223595557,0.0006444275786374365
2018-05-16 00:00:00+07:00,12067.564453125,12067.564453125,11810.8076171875,11874.99609375,175792,0.02150621753557257,0.00016681788718874018,2018-05-16 00:00:00+07:00,0.00016681788718874018,0.0002805974405780843,0.0006389997157183846
2018-05-17 00:00:00+07:00,11874.99609375,12035.4697265625,11072.6318359375,11810.8076171875,489584,0.08338163716178974,0.0025075833858849137,2018-05-17 00:00:00+07:00,0.0025075833858849137,0.0006735977817639453,0.0007425310543838309
2018-05-18 00:00:00+07:00,11810.8076171875,11874.99609375,11457.7666015625,11810.8076171875,216422,0.03576721510512677,0.00046140766068721386,2018-05-18 00:00:00+07:00,0.00046140766068721386,0.0007111288997530713,0.000752936150262161
2018-05-21 00:00:00+07:00,11714.5234375,11874.99609375,11425.671875,11810.8076171875,178301,0.03857227848227878,0.0005366178746166724,2018-05-21 00:00:00+07:00,0.0005366178746166724,0.0007425630340578028,0.0007378495927938641
2018-05-22 00:00:00+07:00,11746.6181640625,11778.712890625,11233.1044921875,11682.4287109375,221065,0.04742873313059725,0.0008113301148235975,2018-05-22 00:00:00+07:00,0.0008113301148235975,0.0008967513846402276,0.000757514595626946
2018-05-23 00:00:00+07:00,11682.4287109375,11682.4287109375,11329.388671875,11554.05078125,61303,0.030685776366614216,0.00033961649763228965,2018-05-23 00:00:00+07:00,0.00033961649763228965,0.0009313111067289374,0.0006958430390724571
2018-05-24 00:00:00+07:00,11554.05078125,11554.05078125,11233.1044921875,11521.9560546875,195718,0.02817091560497028,0.0002862308714078818,2018-05-24 00:00:00+07:00,0.0002862308714078818,0.00048704060383353124,0.0006778527166401424
2018-05-25 00:00:00+07:00,11554.05078125,11618.240234375,11393.578125,11554.05078125,262256,0.01952642282390035,0.00013751811988534887,2018-05-25 00:00:00+07:00,0.00013751811988534887,0.0004222626956731582,0.0006841035402712946
2018-05-28 00:00:00+07:00,11489.861328125,11489.861328125,10783.7802734375,10783.7802734375,109270,0.06342184414445672,0.0014507489994529006,2018-05-28 00:00:00+07:00,0.0014507489994529006,0.0006050889206404038,0.0007143464995347771
2018-05-29 00:00:00+07:00,10783.7802734375,10944.25390625,10591.212890625,10912.1591796875,111856,0.03278987636136091,0.0003877877678607793,2018-05-29 00:00:00+07:00,0.0003877877678607793,0.0005203804512478402,0.0006931839268475141
2018-05-30 00:00:00+07:00,10880.064453125,10912.1591796875,10687.4970703125,10912.1591796875,159107,0.020803128436007,0.00015608883829528028,2018-05-30 00:00:00+07:00,0.00015608883829528028,0.00048367491938043833,0.0007002788740427541
2018-05-31 00:00:00+07:00,10912.1591796875,11040.537109375,10783.7802734375,10880.064453125,170106,0.023530512152268278,0.00019969965170339496,2018-05-31 00:00:00+07:00,0.00019969965170339496,0.00046636867543954093,0.000709356130938363
2018-06-01 00:00:00+07:00,10847.9697265625,10912.1591796875,10655.40234375,10847.9697265625,262084,0.02381066271070367,0.000204483143920782,2018-06-01 00:00:00+07:00,0.000204483143920782,0.00047976168024662757,0.0007093005519117193
2018-06-04 00:00:00+07:00,10912.1591796875,10912.1591796875,10623.3076171875,10815.875,275357,0.026827269540694153,0.0002595777676061738,2018-06-04 00:00:00+07:00,0.0002595777676061738,0.00024152743387728225,0.0005677739187474281
2018-06-05 00:00:00+07:00,10847.9697265625,10880.064453125,10591.212890625,10847.9697265625,361244,0.026907480663013125,0.0002611323164603894,2018-06-05 00:00:00+07:00,0.0002611323164603894,0.00021619634359720425,0.0005193889746979381
2018-06-06 00:00:00+07:00,10847.9697265625,10912.1591796875,10719.591796875,10912.1591796875,519059,0.01780461230811545,0.00011433510383256937,2018-06-06 00:00:00+07:00,0.00011433510383256937,0.00020784559670466207,0.000452472612740526
2018-06-07 00:00:00+07:00,10944.25390625,11457.7666015625,10912.1591796875,11393.578125,521443,0.04879011729211453,0.0008585750660686786,2018-06-07 00:00:00+07:00,0.0008585750660686786,0.0003396206795777188,0.00047945689450569923
2018-06-08 00:00:00+07:00,11425.671875,11489.861328125,11297.2939453125,11361.4833984375,417453,0.016901799695509957,0.00010303397350486478,2018-06-08 00:00:00+07:00,0.00010303397350486478,0.0003193308454945354,0.00047630701620609786
2018-06-11 00:00:00+07:00,11329.388671875,11329.388671875,11168.916015625,11168.916015625,203367,0.014265552884875651,7.339927392721474e-05,2018-06-11 00:00:00+07:00,7.339927392721474e-05,0.00028209514675874356,0.00045498054320480716
2018-06-12 00:00:00+07:00,11168.916015625,11168.916015625,10912.1591796875,10912.1591796875,230147,0.023256875536793255,0.0001950820384557258,2018-06-12 00:00:00+07:00,0.0001950820384557258,0.00026888509115781086,0.0004514046326463591
2018-06-13 00:00:00+07:00,11072.6318359375,11201.009765625,10880.064453125,11040.537109375,369174,0.02907176647147264,0.00030482977839175833,2018-06-13 00:00:00+07:00,0.00030482977839175833,0.0003069840260696486,0.00044801293152357466
2018-06-14 00:00:00+07:00,11233.1044921875,11233.1044921875,10976.34765625,10976.34765625,121095,0.02312243216440663,0.000192833096704542,2018-06-14 00:00:00+07:00,0.000192833096704542,0.0001738356321968213,0.0004549422376505324
2018-06-15 00:00:00+07:00,10944.25390625,11136.8212890625,10912.1591796875,11072.6318359375,94829,0.02037916311036741,0.0001497915236210943,2018-06-15 00:00:00+07:00,0.0001497915236210943,0.00018318714222006718,0.00045416831203382116
2018-06-18 00:00:00+07:00,11008.4423828125,11072.6318359375,10591.212890625,10783.7802734375,95732,0.044451778606481245,0.0007126771473279971,2018-06-18 00:00:00+07:00,0.0007126771473279971,0.00031104271690022363,0.00037258166482668863
2018-06-19 00:00:00+07:00,10751.685546875,10751.685546875,10045.60546875,10398.6455078125,297822,0.06792726525571229,0.0016641896174894907,2018-06-19 00:00:00+07:00,0.0016641896174894907,0.0006048642327069767,0.00042725357195406484
2018-06-20 00:00:00+07:00,10719.591796875,10719.591796875,10270.267578125,10591.212890625,427517,0.04281999832168712,0.0006613141868326178,2018-06-20 00:00:00+07:00,0.0006613141868326178,0.0006761611143951485,0.00043292158614569867
2018-06-21 00:00:00+07:00,10527.0234375,10527.0234375,10270.267578125,10494.9296875,90280,0.02469253373825366,0.0002199104459756454,2018-06-21 00:00:00+07:00,0.0002199104459756454,0.0006815765842493693,0.0004060388739253372
2018-06-22 00:00:00+07:00,10591.212890625,10591.212890625,10270.267578125,10462.8349609375,79701,0.030771606801457685,0.0003415190206712624,2018-06-22 00:00:00+07:00,0.0003415190206712624,0.000719922083659403,0.0004061253522452906
2018-06-25 00:00:00+07:00,10270.267578125,10655.40234375,10270.267578125,10655.40234375,356882,0.03681394791909879,0.0004888091589347924,2018-06-25 00:00:00+07:00,0.0004888091589347924,0.0006751484859807619,0.00041533345622378655
2018-06-26 00:00:00+07:00,10559.1181640625,10623.3076171875,10430.740234375,10559.1181640625,304038,0.018293180884754727,0.00012069603551298551,2018-06-26 00:00:00+07:00,0.00012069603551298551,0.00036644976958546087,0.0004145688160250427
2018-06-27 00:00:00+07:00,10527.0234375,11104.7265625,10270.267578125,11104.7265625,383288,0.0781177561793987,0.0022009697224672736,2018-06-27 00:00:00+07:00,0.0022009697224672736,0.0006743808767123921,0.0004486697579802415
2018-06-28 00:00:00+07:00,11040.537109375,11072.6318359375,10655.40234375,10880.064453125,397792,0.03840943748883995,0.0005320965480294258,2018-06-28 00:00:00+07:00,0.0005320965480294258,0.000736818097123148,0.0004552292479879072
2018-06-29 00:00:00+07:00,11072.6318359375,11425.671875,10751.685546875,11425.671875,458753,0.06080020515025275,0.0013332900464683934,2018-06-29 00:00:00+07:00,0.0013332900464683934,0.0009351723022825744,0.0005087383938139578
2018-07-03 00:00:00+07:00,12247.2939453125,12247.2939453125,11554.05078125,11939.185546875,157957,0.05826891769241595,0.0012245836325492751,2018-07-03 00:00:00+07:00,0.0012245836325492751,0.0010823271970054709,0.0005553240293069523
2018-07-04 00:00:00+07:00,11862.158203125,12324.3203125,11708.1044921875,12324.3203125,233671,0.05129327770572974,0.0009489327849792699,2018-07-04 00:00:00+07:00,0.0009489327849792699,0.0012479745468987277,0.0005891626493550654
2018-07-05 00:00:00+07:00,12709.4560546875,12709.4560546875,11746.6181640625,11862.158203125,198229,0.07878090430535983,0.0022384967641924623,2018-07-05 00:00:00+07:00,0.0022384967641924623,0.0012554799552437653,0.0006791135128362604
2018-07-06 00:00:00+07:00,11862.158203125,12324.3203125,11168.916015625,11862.158203125,183390,0.09844000723644115,0.003495085638551671,2018-07-06 00:00:00+07:00,0.003495085638551671,0.0018480777733482147,0.0008261113911131368
2018-07-09 00:00:00+07:00,11862.158203125,11977.69921875,11399.9970703125,11823.6455078125,118153,0.049433423975436507,0.0008813652693361587,2018-07-09 00:00:00+07:00,0.0008813652693361587,0.0017576928179217674,0.0008609763986360274
2018-07-10 00:00:00+07:00,11823.6455078125,11823.6455078125,11168.916015625,11322.9697265625,39882,0.056966818910537724,0.0011704651435516238,2018-07-10 00:00:00+07:00,0.0011704651435516238,0.0017468691201222373,0.0008751532203397976
2018-07-11 00:00:00+07:00,11322.9697265625,11322.9697265625,10706.75390625,10937.8349609375,45399,0.05595863317234103,0.0011294024971677053,2018-07-11 00:00:00+07:00,0.0011294024971677053,0.001782963062559924,0.0009218063350517448
2018-07-12 00:00:00+07:00,10899.3212890625,10899.3212890625,10475.6728515625,10706.75390625,13553,0.039644822453274706,0.000566875258037549,2018-07-12 00:00:00+07:00,0.000566875258037549,0.0014486387613289417,0.0009442370616022144
2018-07-13 00:00:00+07:00,10745.2666015625,10783.7802734375,10591.212890625,10783.7802734375,54526,0.01801849397705652,0.00011709855219310959,2018-07-13 00:00:00+07:00,0.00011709855219310959,0.0007730413440572295,0.0009406923576811866
2018-07-16 00:00:00+07:00,10783.7802734375,11168.916015625,10783.7802734375,10822.2939453125,147389,0.03509138538808154,0.00044413559017151893,2018-07-16 00:00:00+07:00,0.00044413559017151893,0.0006855954082243016,0.000947024440034812
2018-07-17 00:00:00+07:00,10822.2939453125,11053.375,10706.75390625,10976.34765625,188726,0.03186106266119945,0.0003661297854089327,2018-07-17 00:00:00+07:00,0.0003661297854089327,0.0005247283365957633,0.000954901562248648
2018-07-18 00:00:00+07:00,10937.8349609375,11168.916015625,10899.3212890625,11168.916015625,383255,0.02443404387489608,0.00021533035004126175,2018-07-18 00:00:00+07:00,0.00021533035004126175,0.0003419139071704746,0.000957880599813201
2018-07-19 00:00:00+07:00,11399.9970703125,11554.05078125,11168.916015625,11554.05078125,465057,0.03390152835948217,0.0004145272668426364,2018-07-19 00:00:00+07:00,0.0004145272668426364,0.000311444308931492,0.0009443283325184119
2018-07-20 00:00:00+07:00,11554.05078125,11592.564453125,11322.9697265625,11554.05078125,603606,0.02353051546171294,0.0001996997078768423,2018-07-20 00:00:00+07:00,0.0001996997078768423,0.00032796454006823854,0.0008777606093542007
2018-07-23 00:00:00+07:00,11708.1044921875,11708.1044921875,11438.509765625,11554.05078125,635932,0.0232955814197173,0.00019573191989480544,2018-07-23 00:00:00+07:00,0.00019573191989480544,0.0002782838060128959,0.0008565977790388454
2018-07-24 00:00:00+07:00,11554.05078125,11554.05078125,11554.05078125,11554.05078125,0,0.0,0.0,2018-07-24 00:00:00+07:00,0.0,0.00020505784893110933,0.0008466018496763161
2018-07-25 00:00:00+07:00,11477.0234375,11515.537109375,11284.4560546875,11438.509765625,606475,0.02027096813624976,0.00014820522996606065,2018-07-25 00:00:00+07:00,0.00014820522996606065,0.00019163282491606914,0.0008378148591897161
2018-07-26 00:00:00+07:00,11438.509765625,11438.509765625,11245.9423828125,11361.4833984375,723330,0.01697832571635584,0.00010396909639659866,2018-07-26 00:00:00+07:00,0.00010396909639659866,0.0001295211908268616,0.0008203221290743436
2018-07-27 00:00:00+07:00,11361.4833984375,11361.4833984375,11091.888671875,11130.40234375,629181,0.024014894707813823,0.00020800602815750343,2018-07-27 00:00:00+07:00,0.00020800602815750343,0.00013118245488299383,0.0008242907651036399
2018-07-30 00:00:00+07:00,11361.4833984375,11361.4833984375,11014.861328125,11014.861328125,670024,0.030983594808152878,0.0003462407314635163,2018-07-30 00:00:00+07:00,0.0003462407314635163,0.00016128421719673598,0.0007399849018761964
2018-07-31 00:00:00+07:00,11322.9697265625,11554.05078125,10976.34765625,11322.9697265625,650875,0.05129334776937692,0.0009489353773555122,2018-07-31 00:00:00+07:00,0.0009489353773555122,0.0003510712926678384,0.0007589321213910185
2018-08-01 00:00:00+07:00,11322.9697265625,11708.1044921875,11168.916015625,11554.05078125,965739,0.047146729530711425,0.0008017107216848232,2018-08-01 00:00:00+07:00,0.0008017107216848232,0.00048177239101159094,0.0007347694248099472
2018-08-02 00:00:00+07:00,11669.5908203125,11862.158203125,11554.05078125,11746.6181640625,828060,0.02631725782417415,0.00024980194640067415,2018-08-02 00:00:00+07:00,0.00024980194640067415,0.000510938961012406,0.0006904611663486471
2018-08-03 00:00:00+07:00,11785.1318359375,11862.158203125,11708.1044921875,11746.6181640625,908538,0.01307205665294501,6.163145069700888e-05,2018-08-03 00:00:00+07:00,6.163145069700888e-05,0.0004816640455203071,0.0006501292875176352
2018-08-06 00:00:00+07:00,11554.05078125,11746.6181640625,11361.4833984375,11631.0771484375,560569,0.033336397722336396,0.0004008223088363575,2018-08-06 00:00:00+07:00,0.0004008223088363575,0.0004925803609948753,0.000566598630455994
2018-08-07 00:00:00+07:00,11477.0234375,11631.0771484375,11168.916015625,11322.9697265625,370233,0.0405460162233159,0.0005929402433164842,2018-08-07 00:00:00+07:00,0.0005929402433164842,0.0004213813341870697,0.0004346829306725766
2018-08-08 00:00:00+07:00,11284.4560546875,11554.05078125,10783.7802734375,10783.7802734375,568307,0.06899291374756367,0.0017168150866362427,2018-08-08 00:00:00+07:00,0.0017168150866362427,0.0006044022071773536,0.00047265792236803484
2018-08-09 00:00:00+07:00,10783.7802734375,11245.9423828125,10783.7802734375,11014.861328125,393160,0.04196420778271976,0.0006351445927431649,2018-08-09 00:00:00+07:00,0.0006351445927431649,0.0006814707364458519,0.0004483251700585595
2018-08-10 00:00:00+07:00,10822.2939453125,11053.375,10629.7265625,10976.34765625,478585,0.039081342359887535,0.0005508755439995078,2018-08-10 00:00:00+07:00,0.0005508755439995078,0.0007793195551063515,0.000422028490369096
2018-08-13 00:00:00+07:00,10937.8349609375,11091.888671875,10668.240234375,10899.3212890625,378451,0.03894296568464903,0.0005469814416220495,2018-08-13 00:00:00+07:00,0.0005469814416220495,0.0008085513816634899,0.0004211242259865732
2018-08-14 00:00:00+07:00,10937.8349609375,10937.8349609375,10706.75390625,10783.7802734375,433627,0.021353127682186866,0.00016445138730977738,2018-08-14 00:00:00+07:00,0.00016445138730977738,0.0007228536104621486,0.00042327662758278537
2018-08-15 00:00:00+07:00,10783.7802734375,10860.8076171875,10475.6728515625,10629.7265625,301076,0.03610498017962227,0.0004701633470967357,2018-08-15 00:00:00+07:00,0.0004701633470967357,0.0004735232625542473,0.00042445970744302253
2018-08-16 00:00:00+07:00,10552.69921875,10629.7265625,10360.1318359375,10629.7265625,167902,0.025689506606960743,0.00023802691845906067,2018-08-16 00:00:00+07:00,0.00023802691845906067,0.0003940997276974264,0.00041863684985439195
2018-08-17 00:00:00+07:00,10552.69921875,10706.75390625,10475.6728515625,10552.69921875,322886,0.021819050747946784,0.00017170630888121502,2018-08-17 00:00:00+07:00,0.00017170630888121502,0.00031826588067376783,0.00041665393889257166
2018-08-20 00:00:00+07:00,10552.69921875,10822.2939453125,10514.1865234375,10629.7265625,276344,0.02888281795775762,0.00030088024469314737,2018-08-20 00:00:00+07:00,0.00030088024469314737,0.0002690456412879874,0.000411488165158504
2018-08-21 00:00:00+07:00,10668.240234375,11168.916015625,10514.1865234375,11130.40234375,530852,0.06040912139001084,0.0013161930285012055,2018-08-21 00:00:00+07:00,0.0013161930285012055,0.0004993939695262731,0.00046223786155052043
2018-08-22 00:00:00+07:00,11284.4560546875,11554.05078125,11168.916015625,11438.509765625,476689,0.03390152835948217,0.0004145272668426364,2018-08-22 00:00:00+07:00,0.0004145272668426364,0.00048826675347545315,0.0004721831045936037
2018-08-23 00:00:00+07:00,11515.537109375,11515.537109375,11091.888671875,11091.888671875,299453,0.03748308559883248,0.0005067400349498704,2018-08-23 00:00:00+07:00,0.0005067400349498704,0.0005420093767736151,0.0004952167425458705
2018-08-24 00:00:00+07:00,11130.40234375,11322.9697265625,11014.861328125,11245.9423828125,403663,0.027587990896663958,0.0002745078040639132,2018-08-24 00:00:00+07:00,0.0002745078040639132,0.0005625696758101548,0.0005009577686412275
2018-08-27 00:00:00+07:00,11322.9697265625,11361.4833984375,11245.9423828125,11322.9697265625,267672,0.010221599108967541,3.7683587005303494e-05,2018-08-27 00:00:00+07:00,3.7683587005303494e-05,0.0005099303442725859,0.0004979447909416232
2018-08-28 00:00:00+07:00,11515.537109375,11515.537109375,10552.69921875,10552.69921875,524932,0.08731549919095975,0.002749775449136069,2018-08-28 00:00:00+07:00,0.002749775449136069,0.0007966468283995586,0.000613479764622467
2018-08-30 00:00:00+07:00,10937.8349609375,11053.375,10552.69921875,11053.375,378101,0.04635413387731068,0.0007749817743541322,2018-08-30 00:00:00+07:00,0.0007749817743541322,0.0008687377299018579,0.0006329679938447678
2018-08-31 00:00:00+07:00,10937.8349609375,11168.916015625,10706.75390625,10937.8349609375,445259,0.0422598155802241,0.000644124387634331,2018-08-31 00:00:00+07:00,0.000644124387634331,0.0008962146004387499,0.0006191129488574413
2018-09-03 00:00:00+07:00,10937.8349609375,10937.8349609375,10937.8349609375,10937.8349609375,0,0.0,0.0,2018-09-03 00:00:00+07:00,0.0,0.0008413130396259674,0.0005826715524172222
2018-09-04 00:00:00+07:00,10937.8349609375,11014.861328125,10706.75390625,10860.8076171875,295870,0.028370642275676976,0.0002903039086461451,2018-09-04 00:00:00+07:00,0.0002903039086461451,0.0008918371039541356,0.0005845125507011073
2018-09-05 00:00:00+07:00,10783.7802734375,10860.8076171875,10591.212890625,10591.212890625,225297,0.025135993216589426,0.00022788022973491278,2018-09-05 00:00:00+07:00,0.00022788022973491278,0.0003874580600739044,0.0005920693133846483
2018-09-06 00:00:00+07:00,10783.7802734375,10783.7802734375,10552.69921875,10629.7265625,256637,0.021661501408253885,0.00016923557377840535,2018-09-06 00:00:00+07:00,0.00016923557377840535,0.000266308819958759,0.0005815426436092868
2018-09-07 00:00:00+07:00,10629.7265625,10629.7265625,10552.69921875,10552.69921875,210588,0.007272791517423325,1.907729625805291e-05,2018-09-07 00:00:00+07:00,1.907729625805291e-05,0.00014129940168350338,0.0005554579641975399
2018-09-10 00:00:00+07:00,10783.7802734375,10783.7802734375,10629.7265625,10706.75390625,296480,0.014388709890830442,7.467208196505708e-05,2018-09-10 00:00:00+07:00,7.467208196505708e-05,0.00015623381807651482,0.0004808151003488497
2018-09-11 00:00:00+07:00,10552.69921875,10745.2666015625,10552.69921875,10629.7265625,328339,0.018083664155837932,0.00011794713968141724,2018-09-11 00:00:00+07:00,0.00011794713968141724,0.00012176246428356925,0.0004573061252096793
2018-09-12 00:00:00+07:00,10668.240234375,10745.2666015625,10591.212890625,10591.212890625,362587,0.014440656724640661,7.521222493845053e-05,2018-09-12 00:00:00+07:00,7.521222493845053e-05,9.122886332427679e-05,0.0004356850652523585
2018-09-13 00:00:00+07:00,10668.240234375,10668.240234375,10552.69921875,10629.7265625,178859,0.010889447907478107,4.276872180086152e-05,2018-09-13 00:00:00+07:00,4.276872180086152e-05,6.593549292876802e-05,0.0004127663052604864
2018-09-14 00:00:00+07:00,10629.7265625,10668.240234375,10552.69921875,10629.7265625,223246,0.010889447907478107,4.276872180086152e-05,2018-09-14 00:00:00+07:00,4.276872180086152e-05,7.067377803732975e-05,0.0004072352750100811
2018-09-17 00:00:00+07:00,10629.7265625,10668.240234375,10514.1865234375,10552.69921875,217871,0.01454568250115356,7.631022867807335e-05,2018-09-17 00:00:00+07:00,7.631022867807335e-05,7.1001407379933e-05,0.0003893328605365056
2018-09-18 00:00:00+07:00,10706.75390625,10706.75390625,10398.6455078125,10398.6455078125,186700,0.02919919050061418,0.000307507824385294,2018-09-18 00:00:00+07:00,0.000307507824385294,0.00010891354432070836,0.0003924910835331525
2018-09-19 00:00:00+07:00,10591.212890625,10706.75390625,10321.6181640625,10360.1318359375,353083,0.03663420192758163,0.0004840475401583055,2018-09-19 00:00:00+07:00,0.0004840475401583055,0.00019068060736467937,0.00040668841222756577
2018-09-20 00:00:00+07:00,10552.69921875,10552.69921875,10360.1318359375,10398.6455078125,98562,0.018416715089537294,0.00012233166497741305,2018-09-20 00:00:00+07:00,0.00012233166497741305,0.00020659319599998965,0.0003985725676950323
2018-09-21 00:00:00+07:00,10398.6455078125,10668.240234375,10398.6455078125,10398.6455078125,229270,0.025595567191980962,0.00023628930415253794,2018-09-21 00:00:00+07:00,0.00023628930415253794,0.0002452973124703249,0.0003494860347700929
2018-09-24 00:00:00+07:00,10398.6455078125,10552.69921875,10360.1318359375,10514.1865234375,532761,0.018416715089537294,0.00012233166497741305,2018-09-24 00:00:00+07:00,0.00012233166497741305,0.0002545015997301929,0.00033620441650349185
2018-09-25 00:00:00+07:00,10591.212890625,10706.75390625,10475.6728515625,10629.7265625,728056,0.021819050747946784,0.00017170630888121502,2018-09-25 00:00:00+07:00,0.00017170630888121502,0.00022734129662937706,0.00032097561077309837
2018-09-26 00:00:00+07:00,10783.7802734375,11361.4833984375,10706.75390625,11361.4833984375,2380372,0.05935423708382976,0.0012706267725699852,2018-09-26 00:00:00+07:00,0.0012706267725699852,0.000384657143111713,0.0003662537457051926
2018-09-27 00:00:00+07:00,11554.05078125,11785.1318359375,11361.4833984375,11708.1044921875,2060225,0.03660973746661389,0.0004834012584065046,2018-09-27 00:00:00+07:00,0.0004834012584065046,0.00045687106179753136,0.0003865136398597926
2018-09-28 00:00:00+07:00,11631.0771484375,11746.6181640625,11245.9423828125,11361.4833984375,1653199,0.043557996831303986,0.0006843059963192782,2018-09-28 00:00:00+07:00,0.0006843059963192782,0.0005464744002308794,0.00029262866473175674
2018-10-01 00:00:00+07:00,11245.9423828125,11631.0771484375,11168.916015625,11322.9697265625,1864956,0.0405460162233159,0.0005929402433164842,2018-10-01 00:00:00+07:00,0.0005929402433164842,0.0006405961158986935,0.0002843540496845908
2018-10-02 00:00:00+07:00,11322.9697265625,11515.537109375,11322.9697265625,11477.0234375,1852272,0.016863794802507458,0.00010257113608661751,2018-10-02 00:00:00+07:00,0.00010257113608661751,0.0006267690813397742,0.0002597379927960584
2018-10-03 00:00:00+07:00,11399.9970703125,12170.2666015625,11399.9970703125,11939.185546875,2467472,0.06538271480463095,0.001541844039447118,2018-10-03 00:00:00+07:00,0.001541844039447118,0.0006810125347152007,0.00032982181277092744
2018-10-04 00:00:00+07:00,12170.2666015625,12247.2939453125,11746.6181640625,11977.69921875,2632388,0.04173962682595617,0.000628364543790931,2018-10-04 00:00:00+07:00,0.000628364543790931,0.000710005191792086,0.0003451882052775086
2018-10-05 00:00:00+07:00,12054.7265625,12054.7265625,11554.05078125,11554.05078125,1270917,0.042420736406677,0.0006490392400612037,2018-10-05 00:00:00+07:00,0.0006490392400612037,0.000702951840540471,0.00036433179665597634
2018-10-08 00:00:00+07:00,11477.0234375,11554.05078125,11091.888671875,11168.916015625,426214,0.04082200156369045,0.0006010396703625587,2018-10-08 00:00:00+07:00,0.0006010396703625587,0.000704571725949686,0.00038395925559161977
2018-10-09 00:00:00+07:00,11284.4560546875,11399.9970703125,10860.8076171875,10937.8349609375,468043,0.04845242044599964,0.0008467310814059115,2018-10-09 00:00:00+07:00,0.0008467310814059115,0.0008534037150135447,0.00042157988218924965
2018-10-10 00:00:00+07:00,10937.8349609375,11477.0234375,10822.2939453125,10937.8349609375,283536,0.0587388141435989,0.0012444140233712842,2018-10-10 00:00:00+07:00,0.0012444140233712842,0.0007939177117983779,0.00047474997043498726
2018-10-11 00:00:00+07:00,10706.75390625,10706.75390625,10206.078125,10206.078125,704233,0.04789131110923267,0.0008272332861213151,2018-10-11 00:00:00+07:00,0.0008272332861213151,0.0008336914602644548,0.000506990249818619
2018-10-12 00:00:00+07:00,10013.5107421875,10552.69921875,9897.9697265625,10398.6455078125,324561,0.06405201933234884,0.0014797222349073598,2018-10-12 00:00:00+07:00,0.0014797222349073598,0.000999828059233686,0.0005708316139081148
2018-10-15 00:00:00+07:00,10398.6455078125,10475.6728515625,10167.564453125,10167.564453125,184571,0.029852999873474693,0.0003214330327094963,2018-10-15 00:00:00+07:00,0.0003214330327094963,0.0009439067317030736,0.000583498173494871
2018-10-16 00:00:00+07:00,10129.05078125,10552.69921875,10129.05078125,10321.6181640625,1261310,0.04097406717293001,0.0006055258636901383,2018-10-16 00:00:00+07:00,0.0006055258636901383,0.0008956656881599189,0.0006090780435807472
2018-10-17 00:00:00+07:00,10321.6181640625,10629.7265625,10321.6181640625,10514.1865234375,248782,0.029413922228893847,0.0003120472985941088,2018-10-17 00:00:00+07:00,0.0003120472985941088,0.0007091923432044838,0.000619793364940567
2018-10-18 00:00:00+07:00,10321.6181640625,10514.1865234375,10283.10546875,10283.10546875,434691,0.022223139915512266,0.0001781252097517994,2018-10-18 00:00:00+07:00,0.0001781252097517994,0.0005793707279305807,0.0006139123370026808
2018-10-19 00:00:00+07:00,10244.591796875,10475.6728515625,10129.05078125,10475.6728515625,624352,0.03364808764109456,0.0004083525958325907,2018-10-19 00:00:00+07:00,0.0004083525958325907,0.0003650968001156269,0.0006104716577151483
2018-10-22 00:00:00+07:00,10206.078125,10360.1318359375,10013.5107421875,10013.5107421875,471146,0.03402970689368594,0.0004176677709107508,2018-10-22 00:00:00+07:00,0.0004176677709107508,0.00038434374775587777,0.0006238960261666638
2018-10-23 00:00:00+07:00,10013.5107421875,10013.5107421875,9320.267578125,9974.9970703125,438119,0.07174391694865391,0.0018564562345104304,2018-10-23 00:00:00+07:00,0.0018564562345104304,0.0006345298219199362,0.000697539977546568
2018-10-24 00:00:00+07:00,9705.40234375,10013.5107421875,9512.8349609375,10013.5107421875,121204,0.0512933200518896,0.0009489343517996331,2018-10-24 00:00:00+07:00,0.0009489343517996331,0.000761907232561041,0.000735112826947578
2018-10-25 00:00:00+07:00,9628.3759765625,9705.40234375,9320.267578125,9397.294921875,89254,0.04049133474435531,0.0005913420105290477,2018-10-25 00:00:00+07:00,0.0005913420105290477,0.0008445505927164908,0.0007541871770224793
2018-10-26 00:00:00+07:00,9628.3759765625,9859.4560546875,9320.267578125,9551.3486328125,317070,0.05623966184078129,0.001140774878940698,2018-10-26 00:00:00+07:00,0.001140774878940698,0.0009910350493381123,0.0007482848182211482
2018-10-29 00:00:00+07:00,9397.294921875,9705.40234375,9166.2138671875,9435.8076171875,152115,0.05715835465141718,0.001178349129191415,2018-10-29 00:00:00+07:00,0.001178349129191415,0.0011431713209942448,0.0007798733578022805
2018-10-30 00:00:00+07:00,9397.294921875,9435.8076171875,9166.2138671875,9435.8076171875,461747,0.028987454685747524,0.00030306425270296437,2018-10-30 00:00:00+07:00,0.00030306425270296437,0.0008324929246327518,0.0007625441876379026
2018-10-31 00:00:00+07:00,9474.3212890625,9705.40234375,9166.2138671875,9551.3486328125,456956,0.05715835465141718,0.001178349129191415,2018-10-31 00:00:00+07:00,0.001178349129191415,0.0008783758801111083,0.0007891536824503994
2018-11-01 00:00:00+07:00,9435.8076171875,9551.3486328125,9204.7265625,9512.8349609375,353213,0.036965253697216593,0.0004928354392914581,2018-11-01 00:00:00+07:00,0.0004928354392914581,0.0008586745658635903,0.0008068929689597103
2018-11-02 00:00:00+07:00,9512.8349609375,9512.8349609375,8935.1328125,9397.294921875,384086,0.06265092248276163,0.0014156943135692197,2018-11-02 00:00:00+07:00,0.0014156943135692197,0.0009136584527892946,0.0008011588905107151
2018-11-05 00:00:00+07:00,9243.240234375,9435.8076171875,9243.240234375,9358.78125,88748,0.020619274265813243,0.00015334206182061346,2018-11-05 00:00:00+07:00,0.00015334206182061346,0.0007086570393151344,0.0007795669595120642
2018-11-06 00:00:00+07:00,9358.78125,9705.40234375,9320.267578125,9628.3759765625,1296103,0.04049133474435531,0.0005913420105290477,2018-11-06 00:00:00+07:00,0.0005913420105290477,0.000766312590880351,0.0007769443581696935
2018-11-07 00:00:00+07:00,9474.3212890625,10244.591796875,9397.294921875,10013.5107421875,1562478,0.0863280631734003,0.00268793363815251,2018-11-07 00:00:00+07:00,0.00268793363815251,0.00106822949267257,0.0008718031748874186
2018-11-08 00:00:00+07:00,10360.1318359375,10360.1318359375,9974.9970703125,10013.5107421875,831227,0.03788329315408497,0.0005176187469445481,2018-11-08 00:00:00+07:00,0.0005176187469445481,0.001073186154203188,0.0008568435233209929
2018-11-09 00:00:00+07:00,9859.4560546875,10244.591796875,9820.943359375,9897.9697265625,169953,0.04223275390389327,0.0006432997032700767,2018-11-09 00:00:00+07:00,0.0006432997032700767,0.0009187072321433594,0.0008295201451345744
2018-11-12 00:00:00+07:00,9820.943359375,9936.4833984375,9743.916015625,9936.4833984375,917626,0.01957008337490238,0.00013813378097824803,2018-11-12 00:00:00+07:00,0.00013813378097824803,0.0009156655759748865,0.000798197440355344
2018-11-13 00:00:00+07:00,9705.40234375,9936.4833984375,9705.40234375,9705.40234375,333142,0.02353050209021768,0.0001996994809134387,2018-11-13 00:00:00+07:00,0.0001996994809134387,0.0008373370700517646,0.0007400145879010749
2018-11-14 00:00:00+07:00,9820.943359375,9859.4560546875,9397.294921875,9397.294921875,785776,0.04800912663302221,0.0008313083803513468,2018-11-14 00:00:00+07:00,0.0008313083803513468,0.0004660120184915318,0.0007631907400666135
2018-11-15 00:00:00+07:00,9551.3486328125,9551.3486328125,9243.240234375,9474.3212890625,541303,0.03278986372035756,0.0003877874688644993,2018-11-15 00:00:00+07:00,0.0003877874688644993,0.00044004576287552205,0.0007532935403018119
2018-11-16 00:00:00+07:00,9474.3212890625,9551.3486328125,9397.294921875,9512.8349609375,333350,0.01626048902547136,9.53634057682675e-05,2018-11-16 00:00:00+07:00,9.53634057682675e-05,0.00033045850337516024,0.0007434442724460917
2018-11-19 00:00:00+07:00,9474.3212890625,9705.40234375,9474.3212890625,9628.3759765625,605618,0.024097556487377887,0.0002094404496434896,2018-11-19 00:00:00+07:00,0.0002094404496434896,0.00034471983710820855,0.0007448676924411685
2018-11-20 00:00:00+07:00,9628.3759765625,9666.888671875,9474.3212890625,9512.8349609375,515793,0.020121390469083827,0.00014602611312732706,2018-11-20 00:00:00+07:00,0.00014602611312732706,0.0003339851635509862,0.0007329437614091112
2018-11-21 00:00:00+07:00,9397.294921875,9512.8349609375,9397.294921875,9512.8349609375,265348,0.01222006168900529,5.3859379317701896e-05,2018-11-21 00:00:00+07:00,5.3859379317701896e-05,0.00017849536334425725,0.0007164070163366999
2018-11-22 00:00:00+07:00,9474.3212890625,9936.4833984375,9474.3212890625,9743.916015625,897918,0.047628058577595535,0.0008181638862176297,2018-11-22 00:00:00+07:00,0.0008181638862176297,0.00026457064681488333,0.000669211909596118
2018-11-23 00:00:00+07:00,9859.4560546875,9859.4560546875,9551.3486328125,9705.40234375,417840,0.03174863760755093,0.00036355049050380747,2018-11-23 00:00:00+07:00,0.00036355049050380747,0.0003182080637619913,0.0006426035522644895
2018-11-26 00:00:00+07:00,9551.3486328125,9705.40234375,9512.8349609375,9666.888671875,166435,0.020040737847591163,0.0001448578255600142,2018-11-26 00:00:00+07:00,0.0001448578255600142,0.00030529153894529623,0.0006223088165840789
2018-11-27 00:00:00+07:00,9666.888671875,9782.4296875,9474.3212890625,9474.3212890625,668921,0.03200277085513861,0.00036939389322017727,2018-11-27 00:00:00+07:00,0.00036939389322017727,0.00034996509496386624,0.0005872460445058735
2018-11-28 00:00:00+07:00,9551.3486328125,9705.40234375,9474.3212890625,9551.3486328125,641320,0.024097556487377887,0.0002094404496434896,2018-11-28 00:00:00+07:00,0.0002094404496434896,0.0003810813090290238,0.0005432047408900587
2018-11-29 00:00:00+07:00,9666.888671875,9666.888671875,9435.8076171875,9435.8076171875,733288,0.024194733947375476,0.0002111330635116309,2018-11-29 00:00:00+07:00,0.0002111330635116309,0.00025967514448782406,0.0005390260504722707
2018-11-30 00:00:00+07:00,9358.78125,9551.3486328125,9358.78125,9474.3212890625,273241,0.020367288939525535,0.0001496170187156391,2018-11-30 00:00:00+07:00,0.0001496170187156391,0.00021688845013019038,0.0004922654999960992
2018-12-03 00:00:00+07:00,9474.3212890625,9705.40234375,9474.3212890625,9705.40234375,564165,0.024097556487377887,0.0002094404496434896,2018-12-03 00:00:00+07:00,0.0002094404496434896,0.0002298049749468855,0.0004793839095575551
2018-12-04 00:00:00+07:00,9666.888671875,9743.916015625,9474.3212890625,9474.3212890625,586106,0.028057975202693146,0.0002839404078073935,2018-12-04 00:00:00+07:00,0.0002839404078073935,0.00021271427786432874,0.00042794055020474475
2018-12-05 00:00:00+07:00,9551.3486328125,9551.3486328125,9397.294921875,9397.294921875,409804,0.01626048902547136,9.53634057682675e-05,2018-12-05 00:00:00+07:00,9.53634057682675e-05,0.0001898988690892843,0.00042530515674782
2018-12-06 00:00:00+07:00,9512.8349609375,9512.8349609375,9397.294921875,9474.3212890625,561738,0.01222006168900529,5.3859379317701896e-05,2018-12-06 00:00:00+07:00,5.3859379317701896e-05,0.00015844413225049846,0.0004008741280563952
2018-12-07 00:00:00+07:00,9474.3212890625,9589.8623046875,9474.3212890625,9474.3212890625,633894,0.012121413932471495,5.2993317957241284e-05,2018-12-07 00:00:00+07:00,5.2993317957241284e-05,0.00013911939209881893,0.0002811041135020648
2018-12-10 00:00:00+07:00,9474.3212890625,9474.3212890625,9358.78125,9358.78125,444026,0.012270042963272918,5.430086082112503e-05,2018-12-10 00:00:00+07:00,5.430086082112503e-05,0.00010809147433434602,0.0002600442095873637
2018-12-11 00:00:00+07:00,9358.78125,9397.294921875,9204.7265625,9204.7265625,519116,0.020704764671745347,0.00015461625327756786,2018-12-11 00:00:00+07:00,0.00015461625327756786,8.222664342838088e-05,0.00023783132549679513
2018-12-12 00:00:00+07:00,9204.7265625,9204.7265625,9204.7265625,9204.7265625,0,0.0,0.0,2018-12-12 00:00:00+07:00,0.0,6.315396227472739e-05,0.00023155251727051114
2018-12-13 00:00:00+07:00,9166.2138671875,9320.267578125,9127.7001953125,9320.267578125,324704,0.020877570874264097,0.00015720794148574952,2018-12-13 00:00:00+07:00,0.00015720794148574952,8.382367470833692e-05,0.00022962108366016167
2018-12-14 00:00:00+07:00,9320.267578125,9320.267578125,9127.7001953125,9127.7001953125,375699,0.020877570874264097,0.00015720794148574952,2018-12-14 00:00:00+07:00,0.00015720794148574952,0.00010466659941403855,0.0001989801546208163
2018-12-17 00:00:00+07:00,9127.7001953125,9243.240234375,9127.7001953125,9204.7265625,264283,0.012578731387136662,5.706741935454404e-05,2018-12-17 00:00:00+07:00,5.706741935454404e-05,0.00010521991112072238,0.00018394742509763654
2018-12-18 00:00:00+07:00,9204.7265625,9204.7265625,8858.10546875,9089.1865234375,230503,0.03838419688066789,0.0005313974475751529,2018-12-18 00:00:00+07:00,0.0005313974475751529,0.00018057614998023936,0.0002037671542706768
2018-12-19 00:00:00+07:00,9166.2138671875,9166.2138671875,8781.078125,9012.1591796875,193880,0.042925125088830236,0.0006645653389238496,2018-12-19 00:00:00+07:00,0.0006645653389238496,0.0003134892177650093,0.00022445464923796587
2018-12-20 00:00:00+07:00,8935.1328125,9166.2138671875,8858.10546875,9127.7001953125,188829,0.03419140643759255,0.0004216464796250955,2018-12-20 00:00:00+07:00,0.0004216464796250955,0.0003663769253928785,0.0002369828477151372
2018-12-21 00:00:00+07:00,9050.6728515625,9050.6728515625,8627.0244140625,8935.1328125,247770,0.0479394531369349,0.0008288972499360919,2018-12-21 00:00:00+07:00,0.0008288972499360919,0.000500714787082947,0.0002722118418341549
2018-12-24 00:00:00+07:00,8935.1328125,8935.1328125,8627.0244140625,8627.0244140625,80556,0.0350913627484675,0.00044413501709325543,2018-12-24 00:00:00+07:00,0.00044413501709325543,0.0005781283066306892,0.0002552105296012288
2018-12-25 00:00:00+07:00,8549.9970703125,8588.5107421875,8049.32177734375,8588.5107421875,340542,0.06483751323877482,0.0015162375469782118,2018-12-25 00:00:00+07:00,0.0015162375469782118,0.000775096326511301,0.0003076053958046108
2018-12-26 00:00:00+07:00,8472.970703125,8588.5107421875,8087.83544921875,8434.45703125,180248,0.060064213399140365,0.001301206234563003,2018-12-26 00:00:00+07:00,0.001301206234563003,0.0009024245056391317,0.00036016668712292847
2018-12-27 00:00:00+07:00,8434.45703125,8588.5107421875,7933.78125,8357.4296875,378399,0.07929559935872155,0.002267841612144845,2018-12-27 00:00:00+07:00,0.002267841612144845,0.0012716635321430817,0.0004464597652558679
2018-12-28 00:00:00+07:00,7933.78125,8164.8623046875,7856.75439453125,7856.75439453125,135121,0.038466267929163044,0.000533672288475172,2018-12-28 00:00:00+07:00,0.000533672288475172,0.0012126185398508977,0.0004611975761118535
2018-12-31 00:00:00+07:00,7856.75439453125,7856.75439453125,7856.75439453125,7856.75439453125,0,0.0,0.0,2018-12-31 00:00:00+07:00,0.0,0.0011237915364322466,0.00045160061867950663
2019-01-01 00:00:00+07:00,7856.75439453125,7856.75439453125,7856.75439453125,7856.75439453125,0,0.0,0.0,2019-01-01 00:00:00+07:00,0.0,0.0008205440270366042,0.00044479984510152306
2019-01-02 00:00:00+07:00,7856.75439453125,7856.75439453125,7309.86279296875,7702.7001953125,343282,0.07214909044508735,0.0018774841036820786,2019-01-02 00:00:00+07:00,0.0018774841036820786,0.0009357996008604192,0.000520620011194186
2019-01-03 00:00:00+07:00,7625.67333984375,7625.67333984375,7163.51123046875,7163.51123046875,369273,0.06252036937447548,0.0014098003628764703,2019-01-03 00:00:00+07:00,0.0014098003628764703,0.0007641913510067443,0.000571795463697326
2019-01-07 00:00:00+07:00,7617.970703125,7617.970703125,7356.0791015625,7540.94384765625,193724,0.03498296228201508,0.0004413953069232211,2019-01-07 00:00:00+07:00,0.0004413953069232211,0.0007457359546963542,0.0005875241864770966
2019-01-08 00:00:00+07:00,7540.94384765625,7625.67333984375,7356.0791015625,7548.646484375,121321,0.03599356543603886,0.00046726611213791477,2019-01-08 00:00:00+07:00,0.00046726611213791477,0.0008391891771239371,0.0006063154016052882
2019-01-09 00:00:00+07:00,7548.646484375,7564.0517578125,7394.59228515625,7548.646484375,93317,0.022658032634118596,0.0001851650187893912,2019-01-09 00:00:00+07:00,0.0001851650187893912,0.0008762221808818153,0.0006123232061885678
2019-01-10 00:00:00+07:00,7548.646484375,7548.646484375,7371.484375,7540.94384765625,43504,0.023749179941299194,0.00020342849386928639,2019-01-10 00:00:00+07:00,0.00020342849386928639,0.000541411058919257,0.0006191017349634841
2019-01-11 00:00:00+07:00,7363.78173828125,7494.7275390625,7086.484375,7317.5654296875,18603,0.05601041780813361,0.0011314937833648085,2019-01-11 00:00:00+07:00,0.0011314937833648085,0.0004857497430169245,0.0006635052590583586
2019-01-14 00:00:00+07:00,7394.59228515625,7394.59228515625,6809.18701171875,6809.18701171875,70871,0.08247622929394531,0.00245342136177064,2019-01-14 00:00:00+07:00,0.00245342136177064,0.0008881549539864083,0.000775024411866115
2019-01-15 00:00:00+07:00,6809.18701171875,7009.45751953125,6701.34912109375,6932.43017578125,52578,0.04495144391082369,0.0007287890531544831,2019-01-15 00:00:00+07:00,0.0007287890531544831,0.000940459542189722,0.0008010053714874212
2019-01-16 00:00:00+07:00,7086.484375,7086.484375,6786.0791015625,6801.484375,126176,0.04331603785009173,0.0006767246508580126,2019-01-16 00:00:00+07:00,0.0006767246508580126,0.0010387714686034464,0.0008246197673679785
2019-01-17 00:00:00+07:00,6932.43017578125,6932.43017578125,6331.61962890625,6855.4033203125,248549,0.09065435747162397,0.002964093614993162,2019-01-17 00:00:00+07:00,0.002964093614993162,0.0015909044928282211,0.0009567573217151883
2019-01-18 00:00:00+07:00,6778.37646484375,6778.37646484375,6585.80908203125,6770.673828125,76129,0.02882041873636192,0.00029958158939211296,2019-01-18 00:00:00+07:00,0.00029958158939211296,0.0014245220540336824,0.000946220237252323
2019-01-21 00:00:00+07:00,6762.97119140625,6762.97119140625,6632.02490234375,6762.97119140625,30872,0.0195521461449844,0.00013788068017747896,2019-01-21 00:00:00+07:00,0.00013788068017747896,0.0009614139177150499,0.0009222800254911242
2019-01-22 00:00:00+07:00,7148.10595703125,7148.10595703125,6647.4306640625,6762.97119140625,66353,0.0726170067962286,0.0019019155757741219,2019-01-22 00:00:00+07:00,0.0019019155757741219,0.001196039222238978,0.0009895649844069892
2019-01-23 00:00:00+07:00,6701.34912109375,6762.97119140625,6662.8359375,6701.34912109375,9360,0.014917108488204722,8.025717044290321e-05,2019-01-23 00:00:00+07:00,8.025717044290321e-05,0.001076745726155956,0.0009555358898845714
2019-01-24 00:00:00+07:00,6624.322265625,7047.970703125,6624.322265625,7047.970703125,257130,0.06199166474987828,0.001386057177408136,2019-01-24 00:00:00+07:00,0.001386057177408136,0.0007611384386389508,0.0009983505335352477
2019-01-25 00:00:00+07:00,7086.484375,7394.59228515625,7047.970703125,7317.5654296875,171342,0.048009228928817406,0.0008313119229878572,2019-01-25 00:00:00+07:00,0.0008313119229878572,0.0008674845053580996,0.0009672175506265954
2019-01-28 00:00:00+07:00,7433.10595703125,7440.80859375,7240.53857421875,7240.53857421875,108377,0.027283932560020055,0.0002684902271904082,2019-01-28 00:00:00+07:00,0.0002684902271904082,0.0008936064147606855,0.0009202759139278412
2019-01-29 00:00:00+07:00,7317.5654296875,7317.5654296875,7086.484375,7163.51123046875,58888,0.03208832035387276,0.0003713714532824667,2019-01-29 00:00:00+07:00,0.0003713714532824667,0.0005874975902623544,0.0008340727248886421
2019-01-30 00:00:00+07:00,7163.51123046875,7225.1328125,7009.45751953125,7163.51123046875,82724,0.03030530478794035,0.0003312469285195821,2019-01-30 00:00:00+07:00,0.0003312469285195821,0.0006376955418776903,0.0008248715721633879
2019-01-31 00:00:00+07:00,7055.67333984375,7163.51123046875,6932.43017578125,7117.29541015625,58836,0.03278982963921875,0.00038778666274759676,2019-01-31 00:00:00+07:00,0.00038778666274759676,0.00043804143894558237,0.0008424982386519151
2019-02-01 00:00:00+07:00,6932.43017578125,7117.29541015625,6701.34912109375,6932.43017578125,28379,0.06021892765167009,0.001307918198768271,2019-02-01 00:00:00+07:00,0.001307918198768271,0.0005333626941016651,0.0009019490658686547
2019-02-04 00:00:00+07:00,6932.43017578125,6932.43017578125,6932.43017578125,6932.43017578125,0,0.0,0.0,2019-02-04 00:00:00+07:00,0.0,0.00047966464866358355,0.0008166088793376511
2019-02-05 00:00:00+07:00,6932.43017578125,6932.43017578125,6932.43017578125,6932.43017578125,0,0.0,0.0,2019-02-05 00:00:00+07:00,0.0,0.0004053903580070902,0.0007525270446614478
2019-02-06 00:00:00+07:00,6932.43017578125,6932.43017578125,6932.43017578125,6932.43017578125,0,0.0,0.0,2019-02-06 00:00:00+07:00,0.0,0.0003391409723031738,0.0007324636216194832
2019-02-07 00:00:00+07:00,6932.43017578125,6932.43017578125,6932.43017578125,6932.43017578125,0,0.0,0.0,2019-02-07 00:00:00+07:00,0.0,0.0002615836397536544,0.0007112242528859417
2019-02-08 00:00:00+07:00,6932.43017578125,6932.43017578125,6932.43017578125,6932.43017578125,0,0.0,0.0,2019-02-08 00:00:00+07:00,0.0,0.0,0.0007028076611227875
2019-02-11 00:00:00+07:00,7047.970703125,7047.970703125,6855.4033203125,6893.9169921875,120996,0.027702584645595007,0.00027679301653741147,2019-02-11 00:00:00+07:00,0.00027679301653741147,5.535860330748247e-05,0.0007061424121531569
2019-02-12 00:00:00+07:00,6893.9169921875,7202.02490234375,6778.37646484375,7202.02490234375,132654,0.0606246091043525,0.0013255998625308144,2019-02-12 00:00:00+07:00,0.0013255998625308144,0.0003204785758136453,0.0007149654157516118
2019-02-13 00:00:00+07:00,7240.53857421875,7548.646484375,7086.484375,7471.61962890625,259623,0.06317891287102897,0.0014396563758437837,2019-02-13 00:00:00+07:00,0.0014396563758437837,0.0006084098509824021,0.0006688851891185728
2019-02-14 00:00:00+07:00,7702.7001953125,7702.7001953125,7471.61962890625,7533.2412109375,26834,0.030459148668393013,0.00033461859314417013,2019-02-14 00:00:00+07:00,0.00033461859314417013,0.0006753335696112362,0.000650968350027195
2019-02-15 00:00:00+07:00,7471.61962890625,7471.61962890625,7225.1328125,7225.1328125,53994,0.03354617725266311,0.00040588277635278093,2019-02-15 00:00:00+07:00,0.00040588277635278093,0.0007565101248817924,0.0006386573557315026
2019-02-18 00:00:00+07:00,7225.1328125,7225.1328125,7225.1328125,7225.1328125,0,0.0,0.0,2019-02-18 00:00:00+07:00,0.0,0.00070115152157431,0.000503925827777268
2019-02-19 00:00:00+07:00,7394.59228515625,7394.59228515625,7178.9169921875,7178.9169921875,68521,0.029600425849286915,0.000316017014507411,2019-02-19 00:00:00+07:00,0.000316017014507411,0.0004992349519696293,0.0005046728925552361
2019-02-20 00:00:00+07:00,7163.51123046875,7194.322265625,7094.18701171875,7140.4033203125,231152,0.01401642275468894,7.085800546698303e-05,2019-02-20 00:00:00+07:00,7.085800546698303e-05,0.00022547527789426922,0.0005016264073411226
2019-02-21 00:00:00+07:00,7309.86279296875,7309.86279296875,7078.78173828125,7132.70068359375,98433,0.032122681778307495,0.00037216723719370653,2019-02-21 00:00:00+07:00,0.00037216723719370653,0.00023298500670417645,0.00043209239195110376
2019-02-22 00:00:00+07:00,7317.5654296875,7317.5654296875,7009.45751953125,7163.51123046875,93253,0.04301736968508746,0.0006674246633769023,2019-02-22 00:00:00+07:00,0.0006674246633769023,0.00028529338410900073,0.0004587818234481037
2019-02-25 00:00:00+07:00,7024.86279296875,7086.484375,7009.45751953125,7009.45751953125,70559,0.01092904933121448,4.3080359638637305e-05,2019-02-25 00:00:00+07:00,4.3080359638637305e-05,0.0002939094560367282,0.0003977374226403992
2019-02-26 00:00:00+07:00,7202.02490234375,7202.02490234375,6994.0517578125,7001.7548828125,174003,0.02930218398894361,0.00030968097779330417,2019-02-26 00:00:00+07:00,0.00030968097779330417,0.00029264224869390685,0.0003740269251315559
2019-02-27 00:00:00+07:00,7148.10595703125,7148.10595703125,7009.45751953125,7032.5654296875,168330,0.01958710910436485,0.00013837423487619336,2019-02-27 00:00:00+07:00,0.00013837423487619336,0.00030614549457574886,0.0003681125618445462
2019-02-28 00:00:00+07:00,6994.0517578125,7032.5654296875,6986.34912109375,7032.5654296875,98692,0.006593445713414814,1.5679760228061865e-05,2019-02-28 00:00:00+07:00,1.5679760228061865e-05,0.00023484799918262,0.0003519447576148004
2019-03-01 00:00:00+07:00,6963.2412109375,7317.5654296875,6963.2412109375,7317.5654296875,222934,0.04963262390715664,0.0008884827872773175,2019-03-01 00:00:00+07:00,0.0008884827872773175,0.000279059623962703,0.0003772736602856066
2019-03-04 00:00:00+07:00,7394.59228515625,7440.80859375,7356.0791015625,7409.99755859375,196956,0.01145246487182104,4.730559227491221e-05,2019-03-04 00:00:00+07:00,4.730559227491221e-05,0.000279904670489958,0.0003617972479913936
2019-03-05 00:00:00+07:00,7356.0791015625,7433.10595703125,7286.75439453125,7394.59228515625,173484,0.019885567076458152,0.00014262330896046906,2019-03-05 00:00:00+07:00,0.00014262330896046906,0.00024649313672339094,0.00030882929845467536
2019-03-06 00:00:00+07:00,7279.0517578125,7379.18701171875,7279.0517578125,7294.45751953125,196359,0.013662870853295222,6.732842792602256e-05,2019-03-06 00:00:00+07:00,6.732842792602256e-05,0.0002322839753333568,0.0003118896815422219
2019-03-07 00:00:00+07:00,7294.45751953125,7779.7275390625,7294.45751953125,7779.7275390625,1311864,0.06440650100811289,0.0014961459443422274,2019-03-07 00:00:00+07:00,0.0014961459443422274,0.0005283772121561899,0.00037989631537595946
2019-03-08 00:00:00+07:00,7779.7275390625,7779.7275390625,7779.7275390625,7779.7275390625,0,0.0,0.0,2019-03-08 00:00:00+07:00,0.0,0.0003506806547007264,0.00037989631537595946
2019-03-11 00:00:00+07:00,8549.9970703125,8627.0244140625,8280.4033203125,8472.970703125,938268,0.04100797265662194,0.0006065284071586939,2019-03-11 00:00:00+07:00,0.0006065284071586939,0.00046252521767748274,0.0004074657884286274
2019-03-12 00:00:00+07:00,8549.9970703125,8549.9970703125,8126.34912109375,8241.8896484375,368961,0.050819180190280304,0.000931472112865656,2019-03-12 00:00:00+07:00,0.000931472112865656,0.0006202949784585201,0.0004498054299225209
2019-03-13 00:00:00+07:00,8087.83544921875,8357.4296875,7972.294921875,8357.4296875,576122,0.04717852979258086,0.000802792587135448,2019-03-13 00:00:00+07:00,0.000802792587135448,0.0007673878103004052,0.00047371450131334075
2019-03-14 00:00:00+07:00,8395.943359375,8434.45703125,8280.4033203125,8357.4296875,227751,0.018433665607781376,0.0001225569537284279,2019-03-14 00:00:00+07:00,0.0001225569537284279,0.0004926700121776454,0.00041903073273141404
2019-03-15 00:00:00+07:00,8318.916015625,8357.4296875,8126.34912109375,8164.8623046875,324431,0.02803916606990089,0.0002835598470083833,2019-03-15 00:00:00+07:00,0.0002835598470083833,0.000549381981579322,0.0003664808905116231
2019-03-18 00:00:00+07:00,8126.34912109375,8164.8623046875,8010.80859375,8164.8623046875,294883,0.019048158169000587,0.0001308641006583035,2019-03-18 00:00:00+07:00,0.0001308641006583035,0.0004542491202792439,0.0003572193226713564
2019-03-19 00:00:00+07:00,8087.83544921875,8434.45703125,8049.32177734375,8395.943359375,848624,0.04673750638182716,0.0007878537791305428,2019-03-19 00:00:00+07:00,0.0007878537791305428,0.0004255254535322213,0.00037458164097943654
2019-03-20 00:00:00+07:00,8241.8896484375,8549.9970703125,8203.3759765625,8203.3759765625,391278,0.04138516629307895,0.0006177374867637063,2019-03-20 00:00:00+07:00,0.0006177374867637063,0.00038851443345787296,0.00040266061765051406
2019-03-21 00:00:00+07:00,8164.8623046875,8395.943359375,8087.83544921875,8087.83544921875,643151,0.03738751933251041,0.0005041593766238914,2019-03-21 00:00:00+07:00,0.0005041593766238914,0.00046483491803696564,0.0004112125432012632
2019-03-22 00:00:00+07:00,8087.83544921875,8087.83544921875,7625.67333984375,7625.67333984375,482389,0.05884051099971579,0.0012487267610000231,2019-03-22 00:00:00+07:00,0.0012487267610000231,0.0006578683008352937,0.00046475203208912863
2019-03-25 00:00:00+07:00,7471.61962890625,7471.61962890625,7240.53857421875,7240.53857421875,374894,0.03141620109997705,0.0003559769552683201,2019-03-25 00:00:00+07:00,0.0003559769552683201,0.000702890871757297,0.00046401611018342926
2019-03-26 00:00:00+07:00,7240.53857421875,7394.59228515625,6855.4033203125,6855.4033203125,215677,0.07571181357441245,0.0020674825186823517,2019-03-26 00:00:00+07:00,0.0020674825186823517,0.0009588166196676587,0.0005276551036064042
2019-03-27 00:00:00+07:00,7009.45751953125,7009.45751953125,6901.61962890625,6901.61962890625,359705,0.015504198508837653,8.669882030222547e-05,2019-03-27 00:00:00+07:00,8.669882030222547e-05,0.0008526088863753626,0.0005296377609092947
2019-03-28 00:00:00+07:00,6901.61962890625,7163.51123046875,6901.61962890625,7086.484375,227244,0.037244143199226566,0.0005003000234105879,2019-03-28 00:00:00+07:00,0.0005003000234105879,0.0008518370157327019,0.0005383022629828076
2019-03-29 00:00:00+07:00,7317.5654296875,7317.5654296875,7124.998046875,7317.5654296875,924584,0.026668229047761026,0.00025650917312010146,2019-03-29 00:00:00+07:00,0.00025650917312010146,0.0006533934981567175,0.0005436720329029852
2019-04-01 00:00:00+07:00,7356.0791015625,7394.59228515625,7171.2138671875,7255.94384765625,655172,0.030674022433928246,0.0003393563728835517,2019-04-01 00:00:00+07:00,0.0003393563728835517,0.0006500693816797638,0.0005583846062055074
2019-04-02 00:00:00+07:00,7394.59228515625,7394.59228515625,7202.02490234375,7309.86279296875,107689,0.0263867378706381,0.0002511226890122048,2019-04-02 00:00:00+07:00,0.0002511226890122048,0.0002867974157457345,0.0005294136926480023
2019-04-03 00:00:00+07:00,7202.02490234375,7279.0517578125,7202.02490234375,7225.1328125,243473,0.010638377758108091,4.081928214466035e-05,2019-04-03 00:00:00+07:00,4.081928214466035e-05,0.0002776215081142214,0.0005291188603693545
2019-04-04 00:00:00+07:00,7225.1328125,7579.45703125,7217.43017578125,7286.75439453125,142884,0.048942607113482736,0.0008639502757299219,2019-04-04 00:00:00+07:00,0.0008639502757299219,0.00035035155857808824,0.0005619064497679661
2019-04-05 00:00:00+07:00,7317.5654296875,7317.5654296875,7178.9169921875,7240.53857421875,391317,0.019129146139191443,0.00013197926871712088,2019-04-05 00:00:00+07:00,0.00013197926871712088,0.0003254455776974921,0.0005648451243493796
2019-04-08 00:00:00+07:00,7356.0791015625,7356.0791015625,7163.51123046875,7240.53857421875,184610,0.026526803938436597,0.0002537957835375628,2019-04-08 00:00:00+07:00,0.0002537957835375628,0.0003083334598282943,0.0005083746624946221
2019-04-09 00:00:00+07:00,7240.53857421875,7240.53857421875,7047.970703125,7117.29541015625,53033,0.02695586047426113,0.00026207219559085885,2019-04-09 00:00:00+07:00,0.00026207219559085885,0.0003105233611440251,0.0005202870350214792
2019-04-10 00:00:00+07:00,6970.94384765625,7086.484375,6917.02490234375,6932.43017578125,147688,0.02420361094843723,0.00021128802055793964,2019-04-10 00:00:00+07:00,0.00021128802055793964,0.000344617108826681,0.0005023215629032632
2019-04-11 00:00:00+07:00,7009.45751953125,7163.51123046875,6893.9169921875,7086.484375,1224635,0.038360828650577085,0.0005307506169072816,2019-04-11 00:00:00+07:00,0.0005307506169072816,0.00027797717706215297,0.00048410694945060976
2019-04-12 00:00:00+07:00,7109.59228515625,7232.83544921875,7094.18701171875,7232.83544921875,642073,0.01935541964367131,0.00013512002937095477,2019-04-12 00:00:00+07:00,0.00013512002937095477,0.0002786053291929197,0.00045375819682495094
2019-04-15 00:00:00+07:00,7232.83544921875,7232.83544921875,7232.83544921875,7232.83544921875,0,0.0,0.0,2019-04-15 00:00:00+07:00,0.0,0.00022784617248540717,0.00044818742620093155
2019-04-16 00:00:00+07:00,7240.53857421875,7240.53857421875,7094.18701171875,7163.51123046875,222428,0.020419874374803134,0.00015039059566898175,2019-04-16 00:00:00+07:00,0.00015039059566898175,0.00020550985250103172,0.000442134278412777
2019-04-17 00:00:00+07:00,7124.998046875,7240.53857421875,7086.484375,7086.484375,356848,0.021506231609411952,0.0001668181055227094,2019-04-17 00:00:00+07:00,0.0001668181055227094,0.00019661586949398568,0.0004437685513611591
2019-04-18 00:00:00+07:00,7155.80859375,7155.80859375,6878.51123046875,7078.78173828125,162683,0.03952218002032155,0.0005633733921765615,2019-04-18 00:00:00+07:00,0.0005633733921765615,0.0002031404245478417,0.00043356489740870534
2019-04-19 00:00:00+07:00,7163.51123046875,7163.51123046875,6855.4033203125,6855.4033203125,124904,0.04396310886961846,0.0006970939923324032,2019-04-19 00:00:00+07:00,0.0006970939923324032,0.0003155352171401313,0.0004371720112981916
2019-04-22 00:00:00+07:00,6816.8896484375,6847.70068359375,6377.8359375,6693.646484375,208199,0.07108408422890011,0.0018224654057524415,2019-04-22 00:00:00+07:00,0.0018224654057524415,0.0006800282982906197,0.0004970950126222166
2019-04-23 00:00:00+07:00,6624.322265625,6678.2412109375,6231.48486328125,6231.48486328125,411193,0.06924001588905443,0.0017291348557616675,2019-04-23 00:00:00+07:00,0.0017291348557616675,0.0009957771503091568,0.0005189317442022913
2019-04-25 00:00:00+07:00,6162.16015625,6239.1875,6123.64697265625,6162.16015625,129240,0.018692135965374904,0.0001260179499921681,2019-04-25 00:00:00+07:00,0.0001260179499921681,0.0009876171192030486,0.0005084790621442845
2019-04-26 00:00:00+07:00,6123.64697265625,6223.78173828125,5777.025390625,6200.673828125,102210,0.07448880659196265,0.002001228044746754,2019-04-26 00:00:00+07:00,0.002001228044746754,0.001275188049717087,0.0005054674951472118
2019-04-29 00:00:00+07:00,6200.673828125,6200.673828125,6200.673828125,6200.673828125,0,0.0,0.0,2019-04-29 00:00:00+07:00,0.0,0.0011357692512506065,0.0005015266396789287
2019-04-30 00:00:00+07:00,6200.673828125,6200.673828125,6200.673828125,6200.673828125,0,0.0,0.0,2019-04-30 00:00:00+07:00,0.0,0.0007712761701001181,0.000478785729523902
2019-05-01 00:00:00+07:00,6200.673828125,6200.673828125,6200.673828125,6200.673828125,0,0.0,0.0,2019-05-01 00:00:00+07:00,0.0,0.0004254491989477846,0.00046712622165480654
2019-05-02 00:00:00+07:00,5769.32275390625,6200.673828125,5769.32275390625,6162.16015625,402715,0.07210326814314925,0.001875100059096781,2019-05-02 00:00:00+07:00,0.001875100059096781,0.0007752656207687072,0.0005369327528463169
2019-05-03 00:00:00+07:00,6231.48486328125,6231.48486328125,5931.0791015625,6231.48486328125,56850,0.04940847547976659,0.0008804758634604208,2019-05-03 00:00:00+07:00,0.0008804758634604208,0.0005511151845114405,0.0005655397153212358
2019-05-06 00:00:00+07:00,5861.7548828125,6231.48486328125,5861.7548828125,6231.48486328125,915172,0.06116561840225823,0.00134936452872404,2019-05-06 00:00:00+07:00,0.00134936452872404,0.0008209880902562486,0.0006250190447112077
2019-05-07 00:00:00+07:00,6162.16015625,6162.16015625,5969.5927734375,6085.13330078125,156334,0.0317486778658968,0.0003635514124930184,2019-05-07 00:00:00+07:00,0.0003635514124930184,0.0008936983727548522,0.000602273641836803
2019-05-08 00:00:00+07:00,6046.61962890625,6123.64697265625,5784.72802734375,6123.64697265625,206317,0.05693648348803815,0.0011692189057758433,2019-05-08 00:00:00+07:00,0.0011692189057758433,0.001127542153910021,0.0006494208980667449
2019-05-09 00:00:00+07:00,6085.13330078125,6092.8359375,6008.1064453125,6092.8359375,61238,0.014004012945610276,7.073258900887207e-05,2019-05-09 00:00:00+07:00,7.073258900887207e-05,0.0007666686598924392,0.0006410998437699863
2019-05-10 00:00:00+07:00,6046.61962890625,6085.13330078125,5699.99853515625,5699.99853515625,155932,0.06538271480463095,0.001541844039447118,2019-05-10 00:00:00+07:00,0.001541844039447118,0.0008989422950897786,0.0006992712912179981
2019-05-13 00:00:00+07:00,5430.40380859375,5661.48486328125,5314.86328125,5353.376953125,481493,0.06317891287102897,0.0014396563758437837,2019-05-13 00:00:00+07:00,0.0014396563758437837,0.0009170006645137273,0.0007551062164582637
2019-05-14 00:00:00+07:00,5006.75537109375,5191.6201171875,4983.64697265625,4983.64697265625,985083,0.04088386292852964,0.0006028626729061063,2019-05-14 00:00:00+07:00,0.0006028626729061063,0.0009648629165963449,0.000758384037185483
2019-05-15 00:00:00+07:00,4983.64697265625,5330.2685546875,4983.64697265625,5330.2685546875,715710,0.06723967555842009,0.0016306688160908534,2019-05-15 00:00:00+07:00,0.0016306688160908534,0.0010571528986593468,0.0008263635274909329
2019-05-16 00:00:00+07:00,5391.89013671875,5661.48486328125,5391.89013671875,5561.349609375,314136,0.04879020298019838,0.0008585780818317445,2019-05-16 00:00:00+07:00,0.0008585780818317445,0.0012147219972239213,0.0008653898039378303
2019-05-17 00:00:00+07:00,5545.9443359375,5599.86328125,5368.7822265625,5391.89013671875,415308,0.04214107402883793,0.0006405097539563666,2019-05-17 00:00:00+07:00,0.0006405097539563666,0.0010344551401257711,0.000887667947496348
2019-05-20 00:00:00+07:00,5391.89013671875,5430.40380859375,5214.72802734375,5430.40380859375,297506,0.04052656230701286,0.0005923713961793126,2019-05-20 00:00:00+07:00,0.0005923713961793126,0.0008649981441928769,0.0009070112788898298
2019-05-21 00:00:00+07:00,5391.89013671875,5391.89013671875,5314.86328125,5353.376953125,281485,0.014388709890830442,7.467208196505708e-05,2019-05-21 00:00:00+07:00,7.467208196505708e-05,0.0007593600260046671,0.0008847975829711251
2019-05-22 00:00:00+07:00,5314.86328125,5368.7822265625,5314.86328125,5353.376953125,315071,0.010093821077760712,3.674732683307622e-05,2019-05-22 00:00:00+07:00,3.674732683307622e-05,0.0004405757281531115,0.0008547818254484283
2019-05-23 00:00:00+07:00,5314.86328125,5353.376953125,5276.349609375,5353.376953125,125657,0.014493071216111294,7.575920351634037e-05,2019-05-23 00:00:00+07:00,7.575920351634037e-05,0.0002840119524900308,0.0007753860889831511
2019-05-24 00:00:00+07:00,5314.86328125,5353.376953125,5083.7822265625,5353.376953125,110506,0.05167205062142146,0.0009629992338949697,2019-05-24 00:00:00+07:00,0.0009629992338949697,0.0003485098484777514,0.0007405617425346648
2019-05-27 00:00:00+07:00,5384.1875,5384.1875,5199.32275390625,5199.32275390625,59381,0.034938039672603734,0.0004402624184297846,2019-05-27 00:00:00+07:00,0.0004402624184297846,0.00031808805292784576,0.0007548455820091019
2019-05-28 00:00:00+07:00,5160.80908203125,5160.80908203125,5029.86328125,5129.99853515625,119724,0.02570056296884024,0.0002382318486752464,2019-05-28 00:00:00+07:00,0.0002382318486752464,0.0003508000062698836,0.0006747093912785789
2019-05-29 00:00:00+07:00,5052.9716796875,5114.59326171875,4991.35009765625,5114.59326171875,363521,0.02439144369519662,0.00021458015780116655,2019-05-29 00:00:00+07:00,0.00021458015780116655,0.00038636657246350164,0.0006844630348149956
2019-05-30 00:00:00+07:00,5083.7822265625,5083.7822265625,4775.67431640625,5006.75537109375,557609,0.06252033529333673,0.0014097988258545628,2019-05-30 00:00:00+07:00,0.0014097988258545628,0.0006531744969311462,0.0007485447996265666
2019-05-31 00:00:00+07:00,5006.75537109375,5076.07958984375,4999.052734375,4999.052734375,34857,0.015290788006875387,8.432848189699294e-05,2019-05-31 00:00:00+07:00,8.432848189699294e-05,0.00047744034653155083,0.0007523779124400664
2019-06-03 00:00:00+07:00,4968.24169921875,5006.75537109375,4929.72802734375,4991.35009765625,431212,0.015504255107872572,8.669945330218502e-05,2019-06-03 00:00:00+07:00,8.669945330218502e-05,0.00040672775350603086,0.0006710869758130392
2019-06-04 00:00:00+07:00,4983.64697265625,4983.64697265625,4644.728515625,4644.728515625,364677,0.07042902286947982,0.0017890310317437463,2019-06-04 00:00:00+07:00,0.0017890310317437463,0.0007168875901197309,0.0007123849380077358
2019-06-06 00:00:00+07:00,4660.1337890625,4852.701171875,4660.1337890625,4821.890625,160735,0.04049133474435531,0.0005913420105290477,2019-06-06 00:00:00+07:00,0.0005913420105290477,0.0007922399606653072,0.0006779293689988724
2019-06-07 00:00:00+07:00,4552.2958984375,4775.67431640625,4513.7822265625,4698.6474609375,176444,0.05639974883110513,0.0011472785857839353,2019-06-07 00:00:00+07:00,0.0011472785857839353,0.0007397359126511816,0.0007135533314211868
2019-06-10 00:00:00+07:00,4621.6201171875,4621.6201171875,4475.26904296875,4536.890625,75687,0.03217884708414652,0.00037346981590129035,2019-06-10 00:00:00+07:00,0.00037346981590129035,0.0007975641794520412,0.0006773829182450708
2019-06-11 00:00:00+07:00,4390.5390625,4621.6201171875,4390.5390625,4613.91748046875,76765,0.051293305508764646,0.0009489338136995888,2019-06-11 00:00:00+07:00,0.0009489338136995888,0.0009700110515315219,0.0007173011557310124
2019-06-12 00:00:00+07:00,4583.10693359375,4929.72802734375,4575.40380859375,4929.72802734375,327716,0.07458886065952879,0.0020066077921547048,2019-06-12 00:00:00+07:00,0.0020066077921547048,0.0010135264036137137,0.0007384267808540846
2019-06-13 00:00:00+07:00,5214.72802734375,5268.64697265625,5160.80908203125,5268.64697265625,665740,0.020680222113012674,0.00015424991929493688,2019-06-13 00:00:00+07:00,0.00015424991929493688,0.0009261079853668914,0.0006799992146473188
2019-06-14 00:00:00+07:00,5615.2685546875,5622.97119140625,5399.5927734375,5484.32275390625,468926,0.04053666754733968,0.0005926668469300048,2019-06-14 00:00:00+07:00,0.0005926668469300048,0.0008151856375961053,0.0006795357680120415
2019-06-17 00:00:00+07:00,5391.89013671875,5484.32275390625,5222.4306640625,5230.1337890625,341438,0.048930675735313886,0.0008635290942034557,2019-06-17 00:00:00+07:00,0.0008635290942034557,0.0009131974932565384,0.0006446657806535235
2019-06-18 00:00:00+07:00,5391.89013671875,5391.89013671875,4929.72802734375,4929.72802734375,186285,0.08961217849934983,0.0028963338381150817,2019-06-18 00:00:00+07:00,0.0028963338381150817,0.001302677498139637,0.000737291042302766
2019-06-19 00:00:00+07:00,4929.72802734375,5237.83642578125,4929.72802734375,5237.83642578125,151726,0.060624697559260456,0.0013256037307916113,2019-06-19 00:00:00+07:00,0.0013256037307916113,0.0011664766858670182,0.000768431677613459
2019-06-20 00:00:00+07:00,5314.86328125,5468.91748046875,5230.1337890625,5468.91748046875,163020,0.04464383682251451,0.0007188488325903736,2019-06-20 00:00:00+07:00,0.0007188488325903736,0.0012793964685261056,0.0007741806519957799
2019-06-21 00:00:00+07:00,5468.91748046875,5545.9443359375,5276.349609375,5545.9443359375,312072,0.049832413592127096,0.0008956501281628071,2019-06-21 00:00:00+07:00,0.0008956501281628071,0.001339993124772666,0.0008114978359138595
2019-06-24 00:00:00+07:00,5545.9443359375,5931.0791015625,5522.83642578125,5846.349609375,600919,0.07131459617057821,0.0018343043763318087,2019-06-24 00:00:00+07:00,0.0018343043763318087,0.0015341481811983367,0.0008932049745274382
2019-06-25 00:00:00+07:00,5846.349609375,6085.13330078125,5615.2685546875,5931.0791015625,714489,0.0803592175250315,0.002329088259443933,2019-06-25 00:00:00+07:00,0.002329088259443933,0.0014206990654641069,0.0009956290225241469
2019-06-26 00:00:00+07:00,5931.0791015625,5969.5927734375,5854.05224609375,5900.2685546875,238254,0.01954459983983305,0.000137774268442749,2019-06-26 00:00:00+07:00,0.000137774268442749,0.0011831331729943344,0.0009581187968217734
2019-06-27 00:00:00+07:00,5892.56591796875,6000.40380859375,5661.48486328125,5699.99853515625,358108,0.058140567250701075,0.0012191947305846952,2019-06-27 00:00:00+07:00,0.0012191947305846952,0.0012832023525931988,0.0009935248110106328
2019-06-28 00:00:00+07:00,5777.025390625,5777.025390625,5545.9443359375,5777.025390625,241499,0.04082200156369045,0.0006010396703625587,2019-06-28 00:00:00+07:00,0.0006010396703625587,0.001224280261033149,0.0010100160756327835
2019-07-01 00:00:00+07:00,5769.32275390625,5923.37646484375,5746.21435546875,5784.72802734375,243771,0.030365370075382498,0.0003325612963866023,2019-07-01 00:00:00+07:00,0.0003325612963866023,0.0009239316450441078,0.0010153788546593942
2019-07-02 00:00:00+07:00,5777.025390625,5815.53857421875,5738.51171875,5815.53857421875,459851,0.013333505511970286,6.412143561419525e-05,2019-07-02 00:00:00+07:00,6.412143561419525e-05,0.00047093828027816023,0.0009542117005575592
2019-07-03 00:00:00+07:00,5777.025390625,5854.05224609375,5699.99853515625,5784.72802734375,263076,0.026668195233260417,0.0002565085226289064,2019-07-03 00:00:00+07:00,0.0002565085226289064,0.0004946851311153917,0.0009620380660453735
2019-07-04 00:00:00+07:00,5807.8359375,5807.8359375,5622.97119140625,5676.89013671875,255884,0.032347823500375,0.0003774024170328856,2019-07-04 00:00:00+07:00,0.0003774024170328856,0.00032632666840502983,0.0009752518371240417
2019-07-05 00:00:00+07:00,5661.48486328125,5738.51171875,5545.9443359375,5622.97119140625,389486,0.034132983915553854,0.00042020678423530734,2019-07-05 00:00:00+07:00,0.00042020678423530734,0.0002901600911795796,0.0009130325531463854
2019-07-08 00:00:00+07:00,5622.97119140625,5661.48486328125,5507.4306640625,5545.9443359375,306386,0.027587990896663958,0.0002745078040639132,2019-07-08 00:00:00+07:00,0.0002745078040639132,0.00027854939271504175,0.0008986309983070611
2019-07-09 00:00:00+07:00,5468.91748046875,5468.91748046875,5314.86328125,5468.91748046875,327820,0.02857340738087485,0.00029446834389988024,2019-07-09 00:00:00+07:00,0.00029446834389988024,0.0003246187743721787,0.0008598668964032403
2019-07-10 00:00:00+07:00,5468.91748046875,5468.91748046875,5314.86328125,5314.86328125,70196,0.02857340738087485,0.00029446834389988024,2019-07-10 00:00:00+07:00,0.00029446834389988024,0.0003322107386263735,0.0008562759204031764
2019-07-11 00:00:00+07:00,5461.21435546875,5507.4306640625,5314.86328125,5507.4306640625,121814,0.03559092197436501,0.0004568704030369309,2019-07-11 00:00:00+07:00,0.0004568704030369309,0.0003481043358271826,0.0008339094017366918
2019-07-12 00:00:00+07:00,5507.4306640625,5545.9443359375,5353.376953125,5391.89013671875,429524,0.03533934237601603,0.0004504343213804923,2019-07-12 00:00:00+07:00,0.0004504343213804923,0.0003541498432562195,0.0007631742439742278
2019-07-15 00:00:00+07:00,5545.9443359375,5545.9443359375,5391.89013671875,5492.025390625,386682,0.028170912183873263,0.0002862308018877047,2019-07-15 00:00:00+07:00,0.0002862308018877047,0.00035649444282097786,0.0007691733750011718
2019-07-16 00:00:00+07:00,5484.32275390625,5507.4306640625,5330.2685546875,5330.2685546875,390109,0.03269658784505461,0.000385584363138341,2019-07-16 00:00:00+07:00,0.000385584363138341,0.00037471764666867,0.0007597605348288234
2019-07-17 00:00:00+07:00,5330.2685546875,5391.89013671875,5230.1337890625,5391.89013671875,420865,0.03045913933247011,0.0003346183880187451,2019-07-17 00:00:00+07:00,0.0003346183880187451,0.00038274765549244294,0.0007357191390931547
2019-07-18 00:00:00+07:00,5314.86328125,5314.86328125,5122.2958984375,5307.16064453125,139392,0.03690453206814109,0.0004912176394009977,2019-07-18 00:00:00+07:00,0.0004912176394009977,0.00038961710276525635,0.0006263956755152418
2019-07-19 00:00:00+07:00,5307.16064453125,5307.16064453125,5122.2958984375,5122.2958984375,224116,0.035454217491046935,0.0004533674712804193,2019-07-19 00:00:00+07:00,0.0004533674712804193,0.00039020373274524175,0.0005867485728101875
2019-07-22 00:00:00+07:00,5122.2958984375,5368.7822265625,5122.2958984375,5160.80908203125,235203,0.046998353145901964,0.0007966725034654765,2019-07-22 00:00:00+07:00,0.0007966725034654765,0.0004922920730607961,0.0005902860123954195
2019-07-23 00:00:00+07:00,5122.2958984375,5253.24169921875,5122.2958984375,5199.32275390625,660768,0.02524259636153994,0.00022981723396641715,2019-07-23 00:00:00+07:00,0.00022981723396641715,0.00046113864722641134,0.0005600208808410382
2019-07-24 00:00:00+07:00,5237.83642578125,5237.83642578125,5122.2958984375,5230.1337890625,304724,0.022305761018882354,0.00017945213822753996,2019-07-24 00:00:00+07:00,0.00017945213822753996,0.00043010539726817025,0.00048480032456357146
2019-07-25 00:00:00+07:00,5230.1337890625,5230.1337890625,5230.1337890625,5230.1337890625,0,0.0,0.0,2019-07-25 00:00:00+07:00,0.0,0.0003318618693879707,0.00037893267640702903
2019-07-26 00:00:00+07:00,5230.1337890625,5230.1337890625,5230.1337890625,5230.1337890625,0,0.0,0.0,2019-07-26 00:00:00+07:00,0.0,0.00024118837513188688,0.0003726702096596313
2019-07-29 00:00:00+07:00,5230.1337890625,5230.1337890625,5230.1337890625,5230.1337890625,0,0.0,0.0,2019-07-29 00:00:00+07:00,0.0,8.185387443879159e-05,0.000317252267360327
2019-07-30 00:00:00+07:00,5230.1337890625,5230.1337890625,5230.1337890625,5230.1337890625,0,0.0,0.0,2019-07-30 00:00:00+07:00,0.0,3.589042764550817e-05,0.00028993228234384705
2019-07-31 00:00:00+07:00,5014.4580078125,5083.7822265625,4929.72802734375,5022.16064453125,158022,0.030771697685785672,0.0003415210380356936,2019-07-31 00:00:00+07:00,0.0003415210380356936,6.830420760713889e-05,0.00029033954332789664
2019-08-01 00:00:00+07:00,5022.16064453125,5314.86328125,4968.24169921875,5245.5390625,460358,0.06744129361472737,0.0016404625929350204,2019-08-01 00:00:00+07:00,0.0016404625929350204,0.000396396726194143,0.0003619914141152069
2019-08-02 00:00:00+07:00,5245.5390625,5607.56591796875,5245.5390625,5561.349609375,710153,0.06673872964435816,0.0016064618595666104,2019-08-02 00:00:00+07:00,0.0016064618595666104,0.0007176890981074651,0.0004233529294305571
2019-08-05 00:00:00+07:00,5769.32275390625,5769.32275390625,5545.9443359375,5545.9443359375,450763,0.03948778960940517,0.0005623933747292345,2019-08-05 00:00:00+07:00,0.0005623933747292345,0.0008301677730533118,0.00043176160932584565
2019-08-06 00:00:00+07:00,5545.9443359375,5545.9443359375,5545.9443359375,5545.9443359375,0,0.0,0.0,2019-08-06 00:00:00+07:00,0.0,0.0008301677730533118,0.0004126613009515136
2019-08-07 00:00:00+07:00,5353.376953125,5607.56591796875,5237.83642578125,5260.9443359375,285899,0.0682082254405283,0.0016779849028555572,2019-08-07 00:00:00+07:00,0.0016779849028555572,0.0010974605460172845,0.0004764557145329518
2019-08-08 00:00:00+07:00,5253.24169921875,5353.376953125,5237.83642578125,5260.9443359375,350435,0.021819050747946784,0.00017170630888121502,2019-08-08 00:00:00+07:00,0.00017170630888121502,0.0008037092892065236,0.0004708756220321034
2019-08-09 00:00:00+07:00,5276.349609375,5468.91748046875,5276.349609375,5445.80908203125,557298,0.03584619889829831,0.00046344773934532267,2019-08-09 00:00:00+07:00,0.00046344773934532267,0.000575106465162266,0.0004785565036432599
2019-08-12 00:00:00+07:00,5653.7822265625,5653.7822265625,5461.21435546875,5468.91748046875,197969,0.03465356737281969,0.00043312220165580645,2019-08-12 00:00:00+07:00,0.00043312220165580645,0.0005492522305475804,0.0004774770399441179
2019-08-13 00:00:00+07:00,5399.5927734375,5499.72802734375,5314.86328125,5314.86328125,168187,0.034191353167914336,0.0004216451657888346,2019-08-13 00:00:00+07:00,0.0004216451657888346,0.0006335812637053474,0.000476168441962679
2019-08-14 00:00:00+07:00,5391.89013671875,5391.89013671875,5253.24169921875,5314.86328125,171355,0.026050645597431824,0.00024476624700931886,2019-08-14 00:00:00+07:00,0.00024476624700931886,0.0003469375325360997,0.0004742836894682068
2019-08-15 00:00:00+07:00,5237.83642578125,5314.86328125,5006.75537109375,5222.4306640625,257312,0.059719213500646566,0.0012863012939960219,2019-08-15 00:00:00+07:00,0.0012863012939960219,0.000569856529559061,0.0005152253681435559
2019-08-16 00:00:00+07:00,5237.83642578125,5384.1875,5160.80908203125,5222.4306640625,324821,0.04237305109957125,0.0006475808853598873,2019-08-16 00:00:00+07:00,0.0006475808853598873,0.0006066831587619741,0.000529450936204517
2019-08-19 00:00:00+07:00,5222.4306640625,5376.48486328125,5222.4306640625,5237.83642578125,233359,0.02907185152421074,0.00030483156202229603,2019-08-19 00:00:00+07:00,0.00030483156202229603,0.0005810250308352719,0.0005209788417782123
2019-08-20 00:00:00+07:00,5353.376953125,5353.376953125,5237.83642578125,5237.83642578125,152466,0.021819050747946784,0.00017170630888121502,2019-08-20 00:00:00+07:00,0.00017170630888121502,0.000531037259453748,0.0005081760616691577
2019-08-21 00:00:00+07:00,5276.349609375,5314.86328125,5230.1337890625,5260.9443359375,170277,0.016070429441639576,9.314713731868855e-05,2019-08-21 00:00:00+07:00,9.314713731868855e-05,0.0005007134375156219,0.00047619763593521273
2019-08-22 00:00:00+07:00,5245.5390625,5353.376953125,5245.5390625,5260.9443359375,155400,0.020349554951776604,0.000149356586288373,2019-08-22 00:00:00+07:00,0.000149356586288373,0.0002733244959740921,0.0004725403337680289
2019-08-23 00:00:00+07:00,5160.80908203125,5345.67431640625,5160.80908203125,5314.86328125,165578,0.03519432882940033,0.0004467452283190951,2019-08-23 00:00:00+07:00,0.0004467452283190951,0.0002331573645659337,0.00048469001968128137
2019-08-26 00:00:00+07:00,5314.86328125,5314.86328125,5222.4306640625,5268.64697265625,66392,0.017544350301749074,0.00011101690814850794,2019-08-26 00:00:00+07:00,0.00011101690814850794,0.00019439443379117607,0.0004897362427789408
2019-08-27 00:00:00+07:00,5268.64697265625,5345.67431640625,5214.72802734375,5276.349609375,219169,0.024800759777156085,0.00022184238166680732,2019-08-27 00:00:00+07:00,0.00022184238166680732,0.00020442164834829458,0.0004998199874001593
2019-08-28 00:00:00+07:00,5314.86328125,5584.4580078125,5237.83642578125,5569.05224609375,740130,0.06407886632817088,0.001480962927161645,2019-08-28 00:00:00+07:00,0.001480962927161645,0.0004819848063168859,0.000567136484089325
2019-08-29 00:00:00+07:00,5777.025390625,5954.1875,5638.37646484375,5954.1875,1463525,0.054498590305294234,0.001071235817068814,2019-08-29 00:00:00+07:00,0.001071235817068814,0.0006663606524729739,0.0006158290212288166
2019-08-30 00:00:00+07:00,6162.16015625,6239.1875,5931.0791015625,5931.0791015625,521388,0.05064379583361677,0.0009250539165308085,2019-08-30 00:00:00+07:00,0.0009250539165308085,0.0007620223901153167,0.0006423532429785945
2019-09-02 00:00:00+07:00,5931.0791015625,5931.0791015625,5931.0791015625,5931.0791015625,0,0.0,0.0,2019-09-02 00:00:00+07:00,0.0,0.0007398190084856151,0.0005677867614815482
2019-09-03 00:00:00+07:00,5784.72802734375,5923.37646484375,5592.16064453125,5592.16064453125,410596,0.057540903018340854,0.0011941747773868954,2019-09-03 00:00:00+07:00,0.0011941747773868954,0.0009342854876296328,0.0005490464395642884
2019-09-04 00:00:00+07:00,5622.97119140625,5692.29541015625,5507.4306640625,5592.16064453125,372025,0.03301536781670995,0.00039313963276605286,2019-09-04 00:00:00+07:00,0.00039313963276605286,0.0007167208287505143,0.000541353087656871
2019-09-05 00:00:00+07:00,5592.16064453125,5769.32275390625,5391.89013671875,5391.89013671875,261570,0.06765870179327858,0.0016510562463277257,2019-09-05 00:00:00+07:00,0.0016510562463277257,0.0008326849146022966,0.0006164010988535858
2019-09-06 00:00:00+07:00,5507.4306640625,5545.9443359375,5391.89013671875,5407.2958984375,765796,0.028170912183873263,0.0002862308018877047,2019-09-06 00:00:00+07:00,0.0002862308018877047,0.0007049202916736759,0.0005531395488095925
2019-09-09 00:00:00+07:00,5468.91748046875,5622.97119140625,5414.99853515625,5576.7548828125,390239,0.03768759601053781,0.0005122847401276666,2019-09-09 00:00:00+07:00,0.0005122847401276666,0.0008073772396992092,0.0005686203865935222
2019-09-10 00:00:00+07:00,5661.48486328125,5661.48486328125,5430.40380859375,5545.9443359375,403728,0.0416727037406655,0.0006263511869349259,2019-09-10 00:00:00+07:00,0.0006263511869349259,0.0006938125216088153,0.0005760250887566859
2019-09-11 00:00:00+07:00,5553.64697265625,5854.05224609375,5553.64697265625,5769.32275390625,660080,0.0526792889386243,0.001000908450943005,2019-09-11 00:00:00+07:00,0.001000908450943005,0.0008153662852442057,0.0006018335546333768
2019-09-12 00:00:00+07:00,5815.53857421875,5869.45751953125,5699.99853515625,5699.99853515625,438781,0.029296295966298066,0.0003095565348226597,2019-09-12 00:00:00+07:00,0.0003095565348226597,0.0005470663429431925,0.000596738616862187
2019-09-13 00:00:00+07:00,5746.21435546875,5784.72802734375,5661.48486328125,5699.99853515625,412050,0.021535144971743372,0.00016726695352759082,2019-09-13 00:00:00+07:00,0.00016726695352759082,0.0005232735732711698,0.0005932159217039266
2019-09-16 00:00:00+07:00,5699.99853515625,5777.025390625,5599.86328125,5615.2685546875,601931,0.031146728531795592,0.0003498963587537348,2019-09-16 00:00:00+07:00,0.0003498963587537348,0.0004907958969963833,0.0005506520610110955
2019-09-17 00:00:00+07:00,5615.2685546875,5738.51171875,5576.7548828125,5723.1064453125,455009,0.02859284926389792,0.00029486920381308675,2019-09-17 00:00:00+07:00,0.00029486920381308675,0.0004244995003720156,0.0005346197118498772
2019-09-18 00:00:00+07:00,5723.1064453125,5969.5927734375,5723.1064453125,5892.56591796875,628467,0.04216697010408748,0.0006412971940254601,2019-09-18 00:00:00+07:00,0.0006412971940254601,0.0003525772489885066,0.0005499136042136574
2019-09-19 00:00:00+07:00,5869.45751953125,5992.70068359375,5854.05224609375,5854.05224609375,348994,0.02340806280908744,0.0001976266440381183,2019-09-19 00:00:00+07:00,0.0001976266440381183,0.0003301912708315983,0.0005510918012662439
2019-09-20 00:00:00+07:00,5969.5927734375,5969.5927734375,5823.24169921875,5869.45751953125,310280,0.024821613250194968,0.00022221560644758738,2019-09-20 00:00:00+07:00,0.00022221560644758738,0.00034118100141559765,0.0005569585498630121
2019-09-23 00:00:00+07:00,5931.0791015625,5992.70068359375,5699.99853515625,5699.99853515625,487322,0.05007625804234791,0.0009044369254658414,2019-09-23 00:00:00+07:00,0.0009044369254658414,0.0004520891147580189,0.0005912803834619879
2019-09-24 00:00:00+07:00,5699.99853515625,5807.8359375,5622.97119140625,5622.97119140625,705518,0.032347823500375,0.0003774024170328856,2019-09-24 00:00:00+07:00,0.0003774024170328856,0.00046859575740197874,0.0005881284374944329
2019-09-25 00:00:00+07:00,5738.51171875,5738.51171875,5607.56591796875,5638.37646484375,358484,0.023083151598988345,0.00019217848051817813,2019-09-25 00:00:00+07:00,0.00019217848051817813,0.00037877201470052236,0.0005918175998748724
2019-09-26 00:00:00+07:00,5699.99853515625,5699.99853515625,5584.4580078125,5622.97119140625,431264,0.020478534297450876,0.00015125588718152607,2019-09-26 00:00:00+07:00,0.00015125588718152607,0.0003694978633292039,0.0005886091228528142
2019-09-27 00:00:00+07:00,5684.5927734375,5730.80908203125,5545.9443359375,5545.9443359375,410063,0.03278981146261139,0.0003877862328189249,2019-09-27 00:00:00+07:00,0.0003877862328189249,0.0004026119886034714,0.0005389192731099633
2019-09-30 00:00:00+07:00,5584.4580078125,5615.2685546875,5407.2958984375,5407.2958984375,442312,0.03774028116039075,0.000513718032047223,2019-09-30 00:00:00+07:00,0.000513718032047223,0.0003244682099197477,0.0005135775556089819
2019-10-01 00:00:00+07:00,5407.2958984375,5484.32275390625,5407.2958984375,5484.32275390625,372505,0.014144479737992918,7.215866726056383e-05,2019-10-01 00:00:00+07:00,7.215866726056383e-05,0.0002634194599652834,0.0004748095897330617
2019-10-02 00:00:00+07:00,5507.4306640625,5507.4306640625,5445.80908203125,5453.51171875,217118,0.011251873160801014,4.566297504250076e-05,2019-10-02 00:00:00+07:00,4.566297504250076e-05,0.00023411635887014788,0.00047688517950772083
2019-10-03 00:00:00+07:00,5468.91748046875,5468.91748046875,5399.5927734375,5430.40380859375,93876,0.012757157254664468,5.869787318790213e-05,2019-10-03 00:00:00+07:00,5.869787318790213e-05,0.00021560475607142307,0.00042527259295322117
2019-10-04 00:00:00+07:00,5438.1064453125,5545.9443359375,5407.2958984375,5476.6201171875,589001,0.02531777637913213,0.00023118820171277686,2019-10-04 00:00:00+07:00,0.00023118820171277686,0.00018428514985019347,0.00041791116426898137
2019-10-07 00:00:00+07:00,5507.4306640625,5545.9443359375,5438.1064453125,5468.91748046875,290547,0.01963598998049184,0.00013906574005051104,2019-10-07 00:00:00+07:00,0.00013906574005051104,0.0001093546914508511,0.00034918432307456243
2019-10-08 00:00:00+07:00,5468.91748046875,5522.83642578125,5399.5927734375,5407.2958984375,237812,0.022568035165779692,0.00018369699305147133,2019-10-08 00:00:00+07:00,0.00018369699305147133,0.0001316623566090326,0.00034452369540018823
2019-10-09 00:00:00+07:00,5407.2958984375,5476.6201171875,5237.83642578125,5237.83642578125,518740,0.04457962651964892,0.0007167825089564489,2019-10-09 00:00:00+07:00,0.0007167825089564489,0.00026588626339182225,0.00035381904852876923
2019-10-10 00:00:00+07:00,5314.86328125,5314.86328125,5083.7822265625,5160.80908203125,419748,0.04445177092273346,0.0007126769009472604,2019-10-10 00:00:00+07:00,0.0007126769009472604,0.00039668206894369394,0.00035774294462023894
2019-10-11 00:00:00+07:00,5160.80908203125,5307.16064453125,5122.2958984375,5122.2958984375,274682,0.035454217491046935,0.0004533674712804193,2019-10-11 00:00:00+07:00,0.0004533674712804193,0.0004411179228572223,0.0003328547182719396
2019-10-14 00:00:00+07:00,5237.83642578125,5237.83642578125,5083.7822265625,5160.80908203125,289807,0.029852999873474693,0.0003214330327094963,2019-10-14 00:00:00+07:00,0.0003214330327094963,0.00047759138138901935,0.00033339455908497763
2019-10-15 00:00:00+07:00,5222.4306640625,5222.4306640625,5099.1875,5099.1875,320926,0.023881724659217334,0.0002057055084022465,2019-10-15 00:00:00+07:00,0.0002057055084022465,0.00048199308445917447,0.00033514176612473473
2019-10-16 00:00:00+07:00,5106.89013671875,5122.2958984375,4929.72802734375,5022.16064453125,303880,0.0383189365403782,0.0005295920328202739,2019-10-16 00:00:00+07:00,0.0005295920328202739,0.00044455498923193947,0.0003433097513095774
2019-10-17 00:00:00+07:00,5006.75537109375,5083.7822265625,4891.21484375,4929.72802734375,89332,0.038614810414451035,0.0005378019362855366,2019-10-17 00:00:00+07:00,0.0005378019362855366,0.00040957999629959467,0.00035435214824014325
2019-10-18 00:00:00+07:00,4898.91748046875,4960.5390625,4621.6201171875,4775.67431640625,1263829,0.07076909844947642,0.001806349876265044,2019-10-18 00:00:00+07:00,0.001806349876265044,0.0006801764772965196,0.0004073090883419426
2019-10-22 00:00:00+07:00,4929.72802734375,4929.72802734375,4775.67431640625,4852.701171875,212834,0.03174863760755093,0.00036355049050380747,2019-10-22 00:00:00+07:00,0.00036355049050380747,0.0006885999688553818,0.00041485108136311025
2019-10-23 00:00:00+07:00,4821.890625,4852.701171875,4737.16064453125,4783.376953125,471341,0.024097556487377887,0.0002094404496434896,2019-10-23 00:00:00+07:00,0.0002094404496434896,0.0006893469571036305,0.00041427039241746945
2019-10-24 00:00:00+07:00,4775.67431640625,4875.8095703125,4737.16064453125,4829.59326171875,174614,0.028848220285902032,0.0003001598495256221,2019-10-24 00:00:00+07:00,0.0003001598495256221,0.0006434605204447001,0.0003868032526020049
2019-10-25 00:00:00+07:00,4752.56591796875,4844.99853515625,4660.1337890625,4660.1337890625,126695,0.03890278517667626,0.0005458532967269773,2019-10-25 00:00:00+07:00,0.0005458532967269773,0.0006450707925329883,0.0003944601107699182
2019-10-28 00:00:00+07:00,4660.1337890625,4767.9716796875,4529.18798828125,4552.2958984375,311020,0.05137831869021998,0.0009520819334868217,2019-10-28 00:00:00+07:00,0.0009520819334868217,0.00047421720397734384,0.0004290011768139474
2019-10-30 00:00:00+07:00,4082.43115234375,4251.890625,4043.917724609375,4043.917724609375,1018292,0.05014978106058893,0.0009070947018760539,2019-10-30 00:00:00+07:00,0.0009070947018760539,0.0005829260462517931,0.00046335748657278967
2019-10-31 00:00:00+07:00,4043.917724609375,4043.917724609375,3774.3232421875,3851.35009765625,2184623,0.06899286286233682,0.0017168125541879612,2019-10-31 00:00:00+07:00,0.0017168125541879612,0.0008844004671606873,0.0005237677739077458
2019-11-01 00:00:00+07:00,3774.3232421875,3851.35009765625,3581.755615234375,3851.35009765625,1695171,0.07257068601860757,0.0018994899701376851,2019-11-01 00:00:00+07:00,0.0018994899701376851,0.0012042664912831,0.0005867574074573122
2019-11-04 00:00:00+07:00,3620.269287109375,3774.3232421875,3581.755615234375,3604.86376953125,1033507,0.052368017511854416,0.0009891150591951083,2019-11-04 00:00:00+07:00,0.0009891150591951083,0.0012929188437767263,0.000628437243454337
2019-11-05 00:00:00+07:00,3697.296142578125,3851.35009765625,3697.296142578125,3851.35009765625,727173,0.04082198131381352,0.0006010390740676259,2019-11-05 00:00:00+07:00,0.0006010390740676259,0.001222710271892887,0.0006536816115918427
2019-11-06 00:00:00+07:00,4082.43115234375,4113.2421875,3882.160888671875,3974.593505859375,1087891,0.057819642255897315,0.0012057724262469335,2019-11-06 00:00:00+07:00,0.0012057724262469335,0.0012824458167670632,0.0007058213640036169
2019-11-07 00:00:00+07:00,3697.296142578125,3835.94482421875,3697.296142578125,3704.998779296875,1501395,0.036813993011935255,0.0004888103564051106,2019-11-07 00:00:00+07:00,0.0004888103564051106,0.001036845377210493,0.0007175314619441774
2019-11-08 00:00:00+07:00,3697.296142578125,3774.3232421875,3604.86376953125,3635.674560546875,426499,0.04593711232568299,0.0007611003651193236,2019-11-08 00:00:00+07:00,0.0007611003651193236,0.0008091674562068207,0.0007458057630836689
2019-11-11 00:00:00+07:00,3635.674560546875,3697.296142578125,3396.890869140625,3489.3232421875,400508,0.08474121722512357,0.0025900249247910417,2019-11-11 00:00:00+07:00,0.0025900249247910417,0.0011293494293260074,0.0008551843054354677
2019-11-12 00:00:00+07:00,3435.404296875,3489.3232421875,3358.37744140625,3358.37744140625,1005919,0.038249851001493466,0.0005276841422245105,2019-11-12 00:00:00+07:00,0.0005276841422245105,0.0011146784429573843,0.0008465889251294704
2019-11-13 00:00:00+07:00,3358.37744140625,3450.809814453125,3358.37744140625,3396.890869140625,285185,0.027150979329878543,0.000265879923934762,2019-11-13 00:00:00+07:00,0.000265879923934762,0.0009266999424949499,0.0008262799716289023
2019-11-14 00:00:00+07:00,3389.188232421875,3604.86376953125,3389.188232421875,3497.02587890625,490399,0.061693547456368236,0.0013727581617934599,2019-11-14 00:00:00+07:00,0.0013727581617934599,0.0011034895035726198,0.0008680704575613131
2019-11-15 00:00:00+07:00,3527.836669921875,3735.809814453125,3504.728759765625,3666.4853515625,842795,0.06385148204060359,0.0014704711615100236,2019-11-15 00:00:00+07:00,0.0014704711615100236,0.0012453636628507597,0.0009202994634158828
2019-11-18 00:00:00+07:00,3666.4853515625,3774.3232421875,3604.86376953125,3666.4853515625,353330,0.04593711232568299,0.0007611003651193236,2019-11-18 00:00:00+07:00,0.0007611003651193236,0.0008795787509164162,0.0009455446841757499
2019-11-19 00:00:00+07:00,3666.4853515625,3666.4853515625,3604.86376953125,3627.971923828125,208147,0.01694955262256817,0.00010361700305594842,2019-11-19 00:00:00+07:00,0.00010361700305594842,0.0007947653230827037,0.000926182182822826
2019-11-20 00:00:00+07:00,3597.1611328125,3712.70166015625,3597.1611328125,3620.269287109375,496449,0.03161486173247823,0.00036049323664430493,2019-11-20 00:00:00+07:00,0.00036049323664430493,0.0008136879856246122,0.0009181226964754973
2019-11-21 00:00:00+07:00,3681.890869140625,3681.890869140625,3612.56640625,3612.56640625,124514,0.019008007732434537,0.00013031300136877804,2019-11-21 00:00:00+07:00,0.00013031300136877804,0.000565198953539676,0.0008419392021620305
2019-11-22 00:00:00+07:00,3658.78271484375,3658.78271484375,3435.404296875,3435.404296875,319628,0.06299588253557636,0.0014313270427033533,2019-11-22 00:00:00+07:00,0.0014313270427033533,0.0005573701297783418,0.0008904744999892828
2019-11-25 00:00:00+07:00,3427.70166015625,3535.53955078125,3381.485595703125,3427.70166015625,261388,0.04455078046921202,0.0007158551950007804,2019-11-25 00:00:00+07:00,0.0007158551950007804,0.0005483210957546332,0.0009134933520509778
2019-11-26 00:00:00+07:00,3535.53955078125,3535.53955078125,3335.269287109375,3427.70166015625,431679,0.05831249688936182,0.0012264160443980052,2019-11-26 00:00:00+07:00,0.0012264160443980052,0.0007728809040230446,0.0009555959063633588
2019-11-27 00:00:00+07:00,3427.70166015625,3612.56640625,3389.188232421875,3466.215087890625,394913,0.06382800236774816,0.0014693899075540326,2019-11-27 00:00:00+07:00,0.0014693899075540326,0.00099466023820499,0.000997574843219134
2019-11-28 00:00:00+07:00,3466.215087890625,3574.052978515625,3466.215087890625,3527.836669921875,388188,0.03063699405319457,0.00033853755412278723,2019-11-28 00:00:00+07:00,0.00033853755412278723,0.001036305148755792,0.0009696864623389505
2019-11-29 00:00:00+07:00,3566.350341796875,3566.350341796875,3520.134033203125,3543.2421875,336972,0.013043693151204358,6.136428733841668e-05,2019-11-29 00:00:00+07:00,6.136428733841668e-05,0.0007623125976828046,0.0009312441707690581
2019-12-02 00:00:00+07:00,3581.755615234375,3581.755615234375,3389.188232421875,3389.188232421875,264193,0.05526264227019672,0.0011014831035656282,2019-12-02 00:00:00+07:00,0.0011014831035656282,0.0008394381793957742,0.0009032746502862249
2019-12-09 00:00:00+07:00,3743.512451171875,3743.512451171875,3504.728759765625,3543.2421875,344697,0.06591119792617496,0.0015668699714517934,2019-12-09 00:00:00+07:00,0.0015668699714517934,0.0009075289648065317,0.000888155559436866
2019-12-10 00:00:00+07:00,3543.2421875,3543.2421875,3312.1611328125,3312.1611328125,937398,0.06744129361472737,0.0016404625929350204,2019-12-10 00:00:00+07:00,0.0016404625929350204,0.0009417435018827294,0.0009177622655159528
2019-12-11 00:00:00+07:00,3258.2421875,3389.188232421875,3250.53955078125,3342.971923828125,559414,0.04176943506721302,0.0006292623539291882,2019-12-11 00:00:00+07:00,0.0006292623539291882,0.0009998884618440096,0.0009190451418732967
2019-12-12 00:00:00+07:00,3342.971923828125,3574.052978515625,3342.971923828125,3558.647705078125,1893595,0.06684003103219298,0.0016113423936801798,2019-12-12 00:00:00+07:00,0.0016113423936801798,0.0013098840831123621,0.0009374801403929897
2019-12-13 00:00:00+07:00,3620.269287109375,3720.404296875,3597.1611328125,3597.1611328125,1179469,0.03368738418013422,0.00040930695699548233,2019-12-13 00:00:00+07:00,0.00040930695699548233,0.001171448853798333,0.0009338663495107338
2019-12-16 00:00:00+07:00,3612.56640625,3681.890869140625,3543.2421875,3612.56640625,906954,0.038384263189160474,0.0005313992835491742,2019-12-16 00:00:00+07:00,0.0005313992835491742,0.0009643547162178093,0.0009234253912575453
2019-12-17 00:00:00+07:00,3612.56640625,3620.269287109375,3481.62060546875,3481.62060546875,685954,0.039050535162695646,0.0005500073935455644,2019-12-17 00:00:00+07:00,0.0005500073935455644,0.0007462636763399179,0.000830697321655478
2019-12-18 00:00:00+07:00,3466.215087890625,3489.3232421875,3319.86376953125,3335.269287109375,741337,0.049784055184585806,0.0008939126566956949,2019-12-18 00:00:00+07:00,0.0008939126566956949,0.0007991937368932193,0.0008473440723132591
2019-12-19 00:00:00+07:00,3335.269287109375,3481.62060546875,3335.269287109375,3366.080078125,755514,0.042944454744772535,0.0006651639958471715,2019-12-19 00:00:00+07:00,0.0006651639958471715,0.0006099580573266176,0.0008654933483092777
2019-12-20 00:00:00+07:00,3366.080078125,3481.62060546875,3366.080078125,3396.890869140625,738234,0.0337489908342669,0.0004108053867474859,2019-12-20 00:00:00+07:00,0.0004108053867474859,0.0006102577432770184,0.0008217682221708246
2019-12-23 00:00:00+07:00,3473.91796875,3627.971923828125,3427.70166015625,3466.215087890625,2567333,0.05678382682119523,0.0011629575503195155,2019-12-23 00:00:00+07:00,0.0011629575503195155,0.0007365693966310866,0.0008077903307530741
2019-12-24 00:00:00+07:00,3589.45849609375,3620.269287109375,3466.215087890625,3481.62060546875,712269,0.04348516588945638,0.0006820195282717468,2019-12-24 00:00:00+07:00,0.0006820195282717468,0.0007629718235763231,0.0008041957472600023
2019-12-25 00:00:00+07:00,3481.62060546875,3543.2421875,3466.215087890625,3473.91796875,547353,0.021978934280044358,0.00017423195449495574,2019-12-25 00:00:00+07:00,0.00017423195449495574,0.0006190356831361753,0.0008074055177799571
2019-12-26 00:00:00+07:00,3473.91796875,3481.62060546875,3373.78271484375,3381.485595703125,714632,0.03146329443099227,0.00035704498417334925,2019-12-26 00:00:00+07:00,0.00035704498417334925,0.0005574118808014108,0.0008072487790312774
2019-12-27 00:00:00+07:00,3358.37744140625,3535.53955078125,3319.86376953125,3335.269287109375,709101,0.06294216994432837,0.0014288872797911113,2019-12-27 00:00:00+07:00,0.0014288872797911113,0.0007610282594101359,0.000866274882595929
2019-12-30 00:00:00+07:00,3419.9990234375,3419.9990234375,3281.350341796875,3289.052978515625,447102,0.04138523828251218,0.0006177396358723951,2019-12-30 00:00:00+07:00,0.0006177396358723951,0.0006519846765207118,0.0008292936368308854
2019-12-31 00:00:00+07:00,3258.2421875,3312.1611328125,3065.6748046875,3065.6748046875,1792747,0.07733317673409193,0.002156980649822139,2019-12-31 00:00:00+07:00,0.002156980649822139,0.0009469769008307903,0.0008947993393227654
2020-01-01 00:00:00+07:00,3065.6748046875,3065.6748046875,3065.6748046875,3065.6748046875,0,0.0,0.0,2020-01-01 00:00:00+07:00,0.0,0.0009121305099317991,0.0008390531554864925
2020-01-02 00:00:00+07:00,2873.107177734375,3042.566650390625,2857.701904296875,2857.701904296875,1495125,0.06268368023263511,0.001417175124456644,2020-01-02 00:00:00+07:00,0.001417175124456644,0.001124156537988458,0.000836679756254793
2020-01-03 00:00:00+07:00,2796.080322265625,2896.21533203125,2796.080322265625,2873.107177734375,430771,0.035186275220693376,0.00044654079199536923,2020-01-03 00:00:00+07:00,0.00044654079199536923,0.0009276872404293098,0.0008415889943399104
2020-01-06 00:00:00+07:00,2873.107177734375,2919.323486328125,2695.945068359375,2695.945068359375,725524,0.07960308906838977,0.0022854640280405725,2020-01-06 00:00:00+07:00,0.0022854640280405725,0.0012612321188629452,0.0009426844370990992
2020-01-07 00:00:00+07:00,2734.458740234375,2734.458740234375,2557.296630859375,2695.945068359375,600529,0.06698281813860542,0.001618234211875823,2020-01-07 00:00:00+07:00,0.001618234211875823,0.001153482831273682,0.0009661731238404716
2020-01-08 00:00:00+07:00,2618.918212890625,2618.918212890625,2511.080322265625,2557.296630859375,878665,0.04204826884258184,0.0006376917349753009,2020-01-08 00:00:00+07:00,0.0006376917349753009,0.001281021178268742,0.0009239377494551765
2020-01-09 00:00:00+07:00,2557.296630859375,2557.296630859375,2472.56689453125,2472.56689453125,417412,0.033693857385418476,0.0004094642730104625,2020-01-09 00:00:00+07:00,0.0004094642730104625,0.0010794790079795057,0.0008679832803676967
2020-01-10 00:00:00+07:00,2457.161376953125,2534.1884765625,2426.3505859375,2480.26953125,459306,0.04348514619352768,0.0006820189104516381,2020-01-10 00:00:00+07:00,0.0006820189104516381,0.0011265746316707595,0.0008703813056641716
2020-01-13 00:00:00+07:00,2534.1884765625,2534.1884765625,2418.64794921875,2418.64794921875,349059,0.04666477283421504,0.0007854035494704608,2020-01-13 00:00:00+07:00,0.0007854035494704608,0.0008265625359567373,0.0008328386309273661
2020-01-14 00:00:00+07:00,2449.458740234375,2472.56689453125,2426.3505859375,2434.05322265625,385501,0.01886852756179584,0.0001284075526580965,2020-01-14 00:00:00+07:00,0.0001284075526580965,0.0005285972041131919,0.0008200704761847577
2020-01-15 00:00:00+07:00,2503.377685546875,2503.377685546875,2264.593994140625,2264.593994140625,834914,0.10024540338099792,0.0036244614350522887,2020-01-15 00:00:00+07:00,0.0036244614350522887,0.0011259511441285895,0.0009606642103439901
2020-01-17 00:00:00+07:00,2041.215576171875,2233.783203125,2041.215576171875,2149.053466796875,701559,0.09015115061055812,0.0029312785885683436,2020-01-17 00:00:00+07:00,0.0029312785885683436,0.0016303140072401658,0.001068903810117753
2020-01-20 00:00:00+07:00,2218.377685546875,2295.40478515625,2218.377685546875,2295.40478515625,1102808,0.03413304847052935,0.0004202083736928466,2020-01-20 00:00:00+07:00,0.0004202083736928466,0.0015779518998884075,0.001047371797253987
2020-01-21 00:00:00+07:00,2418.64794921875,2449.458740234375,2387.837158203125,2449.458740234375,683344,0.025479076298420108,0.00023414339235149287,2020-01-21 00:00:00+07:00,0.00023414339235149287,0.0014676998684646139,0.0010277799516405473
2020-01-22 00:00:00+07:00,2564.999267578125,2618.918212890625,2511.080322265625,2618.918212890625,925065,0.04204826884258184,0.0006376917349753009,2020-01-22 00:00:00+07:00,0.0006376917349753009,0.0015695567049280545,0.001038092967469084
2020-01-23 00:00:00+07:00,2618.918212890625,2618.918212890625,2618.918212890625,2618.918212890625,0,0.0,0.0,2020-01-23 00:00:00+07:00,0.0,0.0008446644179175969,0.0009852312606363788
2020-01-24 00:00:00+07:00,2618.918212890625,2618.918212890625,2618.918212890625,2618.918212890625,0,0.0,0.0,2020-01-24 00:00:00+07:00,0.0,0.00025840870020392827,0.0009542303729876632
2020-01-27 00:00:00+07:00,2618.918212890625,2618.918212890625,2618.918212890625,2618.918212890625,0,0.0,0.0,2020-01-27 00:00:00+07:00,0.0,0.0001743670254653589,0.000946310738692438
2020-01-28 00:00:00+07:00,2618.918212890625,2618.918212890625,2618.918212890625,2618.918212890625,0,0.0,0.0,2020-01-28 00:00:00+07:00,0.0,0.00012753834699506035,0.0009300814212300129
2020-01-29 00:00:00+07:00,2618.918212890625,2618.918212890625,2618.918212890625,2618.918212890625,0,0.0,0.0,2020-01-29 00:00:00+07:00,0.0,0.0,0.0008651319994213261
2020-01-30 00:00:00+07:00,2734.458740234375,2796.080322265625,2657.431640625,2796.080322265625,907655,0.05085844380771676,0.0009329120059513061,2020-01-30 00:00:00+07:00,0.0009329120059513061,0.0001865824011902614,0.0008794580162430947
2020-02-03 00:00:00+07:00,2449.458740234375,2618.918212890625,2426.3505859375,2580.404541015625,1613525,0.07637302465568623,0.00210375193705113,2020-02-03 00:00:00+07:00,0.00210375193705113,0.0006073327886004874,0.000877038529298958
2020-02-04 00:00:00+07:00,2611.21533203125,2642.026123046875,2418.64794921875,2549.59375,455203,0.08833740828575741,0.0028145168592984466,2020-02-04 00:00:00+07:00,0.0028145168592984466,0.0011702361604601767,0.0010049711138125238
2020-02-05 00:00:00+07:00,2464.864013671875,2618.918212890625,2418.64794921875,2434.05322265625,925169,0.07955265129637341,0.0022825687335155604,2020-02-05 00:00:00+07:00,0.0022825687335155604,0.0016267499071632887,0.0010443071869515653
2020-02-06 00:00:00+07:00,2426.3505859375,2603.5126953125,2426.3505859375,2603.5126953125,267906,0.070473257848161,0.0017912790425409046,2020-02-06 00:00:00+07:00,0.0017912790425409046,0.0019850057156714698,0.0011054316528854532
2020-02-07 00:00:00+07:00,2757.566650390625,2780.6748046875,2665.13427734375,2772.97216796875,1864774,0.04243919190280977,0.0006496041028070487,2020-02-07 00:00:00+07:00,0.0006496041028070487,0.001928344135042618,0.0010310743835566568
2020-02-10 00:00:00+07:00,2634.323486328125,2780.6748046875,2634.323486328125,2749.864013671875,1191062,0.05406722614800116,0.0010543449592399692,2020-02-10 00:00:00+07:00,0.0010543449592399692,0.001718462739480386,0.0010054430538913909
2020-02-11 00:00:00+07:00,2772.97216796875,2934.728759765625,2772.97216796875,2934.728759765625,1213029,0.05669530346795716,0.0011593343828965373,2020-02-11 00:00:00+07:00,0.0011593343828965373,0.0013874262442000042,0.001029154083342356
2020-02-12 00:00:00+07:00,3065.6748046875,3134.9990234375,3011.755859375,3065.6748046875,2334298,0.04010561191360805,0.0005801293549465126,2020-02-12 00:00:00+07:00,0.0005801293549465126,0.0010469383684861945,0.001036911587066722
2020-02-13 00:00:00+07:00,3073.37744140625,3235.13427734375,3042.566650390625,3127.29638671875,1286302,0.061368982676093996,0.0013583522159234325,2020-02-13 00:00:00+07:00,0.0013583522159234325,0.0009603530031627002,0.0010676540100427127
2020-02-14 00:00:00+07:00,3081.080078125,3127.29638671875,2919.323486328125,2957.8369140625,1340179,0.0688169503996424,0.0017080689336719016,2020-02-14 00:00:00+07:00,0.0017080689336719016,0.0011720459693356708,0.0011095933456882327
2020-02-17 00:00:00+07:00,2950.13427734375,3158.107177734375,2919.323486328125,3158.107177734375,1080543,0.07862094706890364,0.0022294158770933556,2020-02-17 00:00:00+07:00,0.0022294158770933556,0.0014070601529063479,0.0012050937240716535
2020-02-18 00:00:00+07:00,3273.647705078125,3373.78271484375,3258.2421875,3373.78271484375,1861087,0.034846738515252565,0.0004379644104479521,2020-02-18 00:00:00+07:00,0.0004379644104479521,0.001262786158416631,0.0010602529502260019
2020-02-19 00:00:00+07:00,3389.188232421875,3589.45849609375,3381.485595703125,3443.107177734375,2595622,0.05968621609258801,0.001284880214247305,2020-02-19 00:00:00+07:00,0.001284880214247305,0.0014037363302767895,0.0009854166604841364
2020-02-20 00:00:00+07:00,3466.215087890625,3681.890869140625,3466.215087890625,3681.890869140625,1798628,0.060363197469204634,0.0013141926097725337,2020-02-20 00:00:00+07:00,0.0013141926097725337,0.0013949044090466097,0.0010260523075786678
2020-02-25 00:00:00+07:00,3620.269287109375,3782.02587890625,3527.836669921875,3774.3232421875,2596011,0.06957497116463662,0.001745905035871881,2020-02-25 00:00:00+07:00,0.001745905035871881,0.0014024716294866056,0.0010947687459205034
2020-02-27 00:00:00+07:00,4020.8095703125,4298.10693359375,4020.8095703125,4298.10693359375,1927557,0.06669140975502236,0.0016041846017173687,2020-02-27 00:00:00+07:00,0.0016041846017173687,0.0012774253744114081,0.0011387002398633248
2020-02-28 00:00:00+07:00,4352.02587890625,4598.51220703125,4174.86376953125,4429.052734375,3578420,0.09665109020710572,0.0033692098518945837,2020-02-28 00:00:00+07:00,0.0033692098518945837,0.0018636744627007346,0.0012918461422221695
2020-03-02 00:00:00+07:00,4429.052734375,4737.16064453125,4390.5390625,4737.16064453125,1934295,0.07598592325286947,0.002082479989288375,2020-03-02 00:00:00+07:00,0.002082479989288375,0.0020231944177089485,0.0013865043235534594
2020-03-03 00:00:00+07:00,5006.75537109375,5068.376953125,4929.72802734375,5068.376953125,2345112,0.027736819097101767,0.00027747755282069394,2020-03-03 00:00:00+07:00,0.00027747755282069394,0.0018158514063185804,0.0013991169395907636
2020-03-06 00:00:00+07:00,5106.89013671875,5430.40380859375,5106.89013671875,5307.16064453125,892738,0.061422862263402093,0.0013607384241183485,2020-03-06 00:00:00+07:00,0.0013607384241183485,0.001738818083967874,0.0014609686861415977
2020-03-09 00:00:00+07:00,4937.43115234375,4937.43115234375,4937.43115234375,4937.43115234375,355654,0.0,0.0,2020-03-09 00:00:00+07:00,0.0,0.0014179811636244005,0.0014609686861415977
2020-03-10 00:00:00+07:00,4598.51220703125,4852.701171875,4598.51220703125,4598.51220703125,2550300,0.05380267464387433,0.001044052360025525,2020-03-10 00:00:00+07:00,0.001044052360025525,0.0009529496652505886,0.0014660205204176985
2020-03-11 00:00:00+07:00,4598.51220703125,4629.32275390625,4282.70166015625,4282.70166015625,1787593,0.07782654448382136,0.002184590515609982,2020-03-11 00:00:00+07:00,0.002184590515609982,0.00097337177051491,0.0014696950012612826
2020-03-12 00:00:00+07:00,3989.998779296875,3989.998779296875,3989.998779296875,3989.998779296875,17902,0.0,0.0,2020-03-12 00:00:00+07:00,0.0,0.0009178762599507713,0.0013417624167477169
2020-03-13 00:00:00+07:00,3712.70166015625,3712.70166015625,3712.70166015625,3712.70166015625,181351,0.0,0.0,2020-03-13 00:00:00+07:00,0.0,0.0006457285751271015,0.0012380092924970097
2020-03-16 00:00:00+07:00,3458.512451171875,3458.512451171875,3458.512451171875,3458.512451171875,642021,0.0,0.0,2020-03-16 00:00:00+07:00,0.0,0.0006457285751271015,0.0011565875178360593
2020-03-17 00:00:00+07:00,3219.728759765625,3219.728759765625,3219.728759765625,3219.728759765625,447907,0.0,0.0,2020-03-17 00:00:00+07:00,0.0,0.00043691810312199657,0.0011270600586175572
2020-03-18 00:00:00+07:00,3427.70166015625,3443.107177734375,3427.70166015625,3443.107177734375,1514222,0.004484346387115491,7.252919395629224e-06,2020-03-18 00:00:00+07:00,7.252919395629224e-06,1.4505838791260184e-06,0.00107946496589736
2020-03-20 00:00:00+07:00,3581.755615234375,3627.971923828125,3419.9990234375,3419.9990234375,750035,0.05903352794668117,0.0012569326975464044,2020-03-20 00:00:00+07:00,0.0012569326975464044,0.0002528371233884069,0.0010839012529268994
2020-03-23 00:00:00+07:00,3181.21533203125,3181.21533203125,3181.21533203125,3181.21533203125,64548,0.0,0.0,2020-03-23 00:00:00+07:00,0.0,0.0002528371233884069,0.001057531736792967
2020-03-24 00:00:00+07:00,2965.53955078125,2965.53955078125,2965.53955078125,2965.53955078125,427304,0.0,0.0,2020-03-24 00:00:00+07:00,0.0,0.0002528371233884069,0.0009957884542509928
2020-03-26 00:00:00+07:00,2711.3505859375,2957.8369140625,2695.945068359375,2903.91796875,1356952,0.09270941131070903,0.003100003573063262,2020-03-26 00:00:00+07:00,0.003100003573063262,0.0008728378380010593,0.0010590582105869635
2020-03-30 00:00:00+07:00,2518.782958984375,2518.782958984375,2518.782958984375,2518.782958984375,133680,0.0,0.0,2020-03-30 00:00:00+07:00,0.0,0.0008713872541219334,0.0009577211252645384
2020-03-31 00:00:00+07:00,2349.32373046875,2457.161376953125,2349.32373046875,2349.32373046875,1926791,0.04487925939528568,0.0007264503053457737,2020-03-31 00:00:00+07:00,0.0007264503053457737,0.0007652907756818073,0.0009708341204871666
2020-04-02 00:00:00+07:00,2349.32373046875,2349.32373046875,2349.32373046875,2349.32373046875,0,0.0,0.0,2020-04-02 00:00:00+07:00,0.0,0.0007652907756818073,0.0009124304743850163
2020-04-03 00:00:00+07:00,2410.9453125,2511.080322265625,2357.0263671875,2511.080322265625,1869162,0.06331225717323752,0.0014457398157242825,2020-04-03 00:00:00+07:00,0.0014457398157242825,0.001054438738826664,0.0009184098928373686
2020-04-06 00:00:00+07:00,2657.431640625,2680.539794921875,2541.89111328125,2680.539794921875,1669128,0.053109853465609876,0.0010173367988238593,2020-04-06 00:00:00+07:00,0.0010173367988238593,0.0006379053839787833,0.0008852931547897313
2020-04-07 00:00:00+07:00,2703.64794921875,2765.26953125,2541.89111328125,2649.72900390625,962675,0.08422977308858662,0.002558855778949975,2020-04-07 00:00:00+07:00,0.002558855778949975,0.0011496765397687784,0.0009286872992093953
2020-04-08 00:00:00+07:00,2541.89111328125,2703.64794921875,2503.377685546875,2703.64794921875,567632,0.07696105919621848,0.0021362723526549814,2020-04-08 00:00:00+07:00,0.0021362723526549814,0.0014316409492306198,0.0008726446856075951
2020-04-09 00:00:00+07:00,2703.64794921875,2888.5126953125,2703.64794921875,2888.5126953125,935516,0.06613977794282254,0.0015777566255091903,2020-04-09 00:00:00+07:00,0.0015777566255091903,0.001747192274332458,0.000849702714526723
2020-04-10 00:00:00+07:00,3034.864013671875,3088.782958984375,2927.026123046875,3088.782958984375,1828592,0.05379021639469001,0.0010435689060475626,2020-04-10 00:00:00+07:00,0.0010435689060475626,0.0016667580923971138,0.0008845250487643081
2020-04-13 00:00:00+07:00,3196.62060546875,3304.45849609375,3196.62060546875,3304.45849609375,1008542,0.033178425045665726,0.0003970325204315167,2020-04-13 00:00:00+07:00,0.0003970325204315167,0.0015426972367186453,0.0008407202349603612
2020-04-14 00:00:00+07:00,3535.53955078125,3535.53955078125,3304.45849609375,3535.53955078125,2568229,0.06759330272189107,0.001647865958699546,2020-04-14 00:00:00+07:00,0.001647865958699546,0.0013604992726685596,0.0009156232330830677
2020-04-15 00:00:00+07:00,3489.3232421875,3758.917724609375,3481.62060546875,3604.86376953125,1182442,0.0766332001559867,0.0021181098080076646,2020-04-15 00:00:00+07:00,0.0021181098080076646,0.0013568667637390962,0.0009644440261731648
2020-04-16 00:00:00+07:00,3543.2421875,3697.296142578125,3481.62060546875,3658.78271484375,931582,0.06010390361725206,0.00130292646762036,2020-04-16 00:00:00+07:00,0.00130292646762036,0.0013019007321613302,0.0009243683876281823
2020-04-17 00:00:00+07:00,3697.296142578125,3912.971923828125,3666.4853515625,3912.971923828125,1724551,0.06506363476738287,0.0015268317782536546,2020-04-17 00:00:00+07:00,0.0015268317782536546,0.0013985533066025488,0.0009937698320942575
2020-04-20 00:00:00+07:00,4159.4580078125,4182.56640625,4082.43115234375,4182.56640625,1898762,0.02423234929144624,0.00021179006733760774,2020-04-20 00:00:00+07:00,0.00021179006733760774,0.0013615048159837668,0.001003396653336876
2020-04-24 00:00:00+07:00,3720.404296875,3928.377197265625,3658.78271484375,3735.809814453125,1266958,0.0710959131792728,0.0018230720013574224,2020-04-24 00:00:00+07:00,0.0018230720013574224,0.001396546024515342,0.0010862635624894858
2020-04-27 00:00:00+07:00,3774.3232421875,3889.86376953125,3666.4853515625,3735.809814453125,2192672,0.059140602997335694,0.0012614964833525671,2020-04-27 00:00:00+07:00,0.0012614964833525671,0.0012252233595843227,0.0011436043117327847
2020-04-28 00:00:00+07:00,3704.998779296875,3735.809814453125,3489.3232421875,3512.431396484375,1523167,0.06825680887782626,0.0016803761484034411,2020-04-28 00:00:00+07:00,0.0016803761484034411,0.0013007132957409387,0.001219655367596776
2020-04-29 00:00:00+07:00,3512.431396484375,3712.70166015625,3512.431396484375,3543.2421875,1210731,0.055451318668461834,0.0011090172579174844,2020-04-29 00:00:00+07:00,0.0011090172579174844,0.0012171503916737047,0.0012129319385227341
2020-04-30 00:00:00+07:00,3543.2421875,3543.2421875,3543.2421875,3543.2421875,0,0.0,0.0,2020-04-30 00:00:00+07:00,0.0,0.0011747923782061832,0.0012129319385227341
2020-05-01 00:00:00+07:00,3543.2421875,3543.2421875,3543.2421875,3543.2421875,0,0.0,0.0,2020-05-01 00:00:00+07:00,0.0,0.0008101779779346986,0.0012129319385227341
2020-05-04 00:00:00+07:00,3543.2421875,3789.728515625,3543.2421875,3789.728515625,548197,0.0672522046016316,0.0016312765710617245,2020-05-04 00:00:00+07:00,0.0016312765710617245,0.0008841339954765301,0.001146171620249937
2020-05-05 00:00:00+07:00,3997.701416015625,4051.620361328125,3928.377197265625,4051.620361328125,2587495,0.0308904766219611,0.0003441626730563472,2020-05-05 00:00:00+07:00,0.0003441626730563472,0.0006168913004071113,0.0011618153781161346
2020-05-06 00:00:00+07:00,4159.4580078125,4274.99853515625,4105.53955078125,4221.07958984375,1240058,0.040446588005974234,0.000590035755466634,2020-05-06 00:00:00+07:00,0.000590035755466634,0.0005130949999169413,0.0011556147167579918
2020-05-07 00:00:00+07:00,4221.07958984375,4513.7822265625,4221.07958984375,4513.7822265625,1505420,0.06704451091983026,0.0016212164496031234,2020-05-07 00:00:00+07:00,0.0016212164496031234,0.000837338289837566,0.0012293063735581338
2020-05-08 00:00:00+07:00,4767.9716796875,4829.59326171875,4421.35009765625,4513.7822265625,3393822,0.08831715188719295,0.00281322622966038,2020-05-08 00:00:00+07:00,0.00281322622966038,0.001399983535769642,0.0012914648469188655
2020-05-11 00:00:00+07:00,4775.67431640625,4829.59326171875,4621.6201171875,4806.48486328125,3588663,0.04401693495672625,0.000698802006746787,2020-05-11 00:00:00+07:00,0.000698802006746787,0.0012134886229066544,0.001276985992733544
2020-05-12 00:00:00+07:00,4814.18798828125,5091.48486328125,4660.1337890625,5045.2685546875,2256104,0.08852535186152057,0.0028265057342782775,2020-05-12 00:00:00+07:00,0.0028265057342782775,0.0017099572351510404,0.0012891518997939215
2020-05-13 00:00:00+07:00,4914.32275390625,5168.51220703125,4914.32275390625,5006.75537109375,2971087,0.05043092040903926,0.0009172935433598373,2020-05-13 00:00:00+07:00,0.0009172935433598373,0.0017754087927296814,0.0012337437720986875
2020-05-14 00:00:00+07:00,4852.701171875,5076.07958984375,4660.1337890625,4660.1337890625,2012203,0.08549507154278911,0.002636311400777057,2020-05-14 00:00:00+07:00,0.002636311400777057,0.001978427782964468,0.0012818598982472272
2020-05-15 00:00:00+07:00,4660.1337890625,4660.1337890625,4660.1337890625,4660.1337890625,0,0.0,0.0,2020-05-15 00:00:00+07:00,0.0,0.001415782537032392,0.0012344249479723378
2020-05-18 00:00:00+07:00,4660.1337890625,4660.1337890625,4660.1337890625,4660.1337890625,0,0.0,0.0,2020-05-18 00:00:00+07:00,0.0,0.0012760221356830346,0.0012163780152254508
2020-05-19 00:00:00+07:00,5076.07958984375,5076.07958984375,4775.67431640625,5076.07958984375,1582393,0.06100404730955892,0.0013422451582146549,2020-05-19 00:00:00+07:00,0.0013422451582146549,0.00097917002047031,0.0012024861606579557
2020-05-20 00:00:00+07:00,5076.07958984375,5076.07958984375,5076.07958984375,5076.07958984375,0,0.0,0.0,2020-05-20 00:00:00+07:00,0.0,0.0007957113117983425,0.0011062084421121527
2020-05-21 00:00:00+07:00,4968.24169921875,5307.16064453125,4937.43115234375,5160.80908203125,3790384,0.07221178739597246,0.0018807485571493859,2020-05-21 00:00:00+07:00,0.0018807485571493859,0.0006445987430728084,0.0011324730825452902
2020-05-22 00:00:00+07:00,5160.80908203125,5384.1875,5106.89013671875,5384.1875,2373466,0.05287578200371627,0.0010083891274887517,2020-05-22 00:00:00+07:00,0.0010083891274887517,0.0008462765685705587,0.001108907507510522
2020-05-25 00:00:00+07:00,5284.05224609375,5322.56591796875,5129.99853515625,5307.16064453125,2603177,0.03685012884647629,0.0004897704391240995,2020-05-25 00:00:00+07:00,0.0004897704391240995,0.0009442306563953786,0.0011215429789553624
2020-05-26 00:00:00+07:00,5299.4580078125,5307.16064453125,5083.7822265625,5307.16064453125,2384137,0.04300145634563932,0.0006669309562624727,2020-05-26 00:00:00+07:00,0.0006669309562624727,0.0008091678160049422,0.0010689911132692285
2020-05-27 00:00:00+07:00,5260.9443359375,5276.349609375,4929.72802734375,5083.7822265625,2342022,0.06795067709109583,0.0016653369755498335,2020-05-27 00:00:00+07:00,0.0016653369755498335,0.0011422352111149089,0.001087347499278195
2020-05-28 00:00:00+07:00,5014.4580078125,5237.83642578125,4883.51220703125,5199.32275390625,2330338,0.07004384167439798,0.0017695158741556167,2020-05-28 00:00:00+07:00,0.0017695158741556167,0.0011199886745161549,0.0010913993049942031
2020-06-01 00:00:00+07:00,5715.40380859375,5946.48486328125,5699.99853515625,5946.48486328125,3558777,0.04233434784789557,0.000646398433828595,2020-06-01 00:00:00+07:00,0.000646398433828595,0.0010475905357841236,0.0010703711766265262
2020-06-02 00:00:00+07:00,5946.48486328125,6162.16015625,5638.37646484375,5699.99853515625,2592039,0.08883122756255457,0.002846071949645592,2020-06-02 00:00:00+07:00,0.002846071949645592,0.0015188508378884222,0.0011997380834285988
2020-06-03 00:00:00+07:00,5699.99853515625,6092.8359375,5553.64697265625,6092.8359375,3726926,0.09265882036791903,0.0030966211912737394,2020-06-03 00:00:00+07:00,0.0030966211912737394,0.002004788884890676,0.0013404935921228595
2020-06-04 00:00:00+07:00,6300.80908203125,6393.2412109375,5992.70068359375,6085.13330078125,3464109,0.06469919565681856,0.0015097752815129836,2020-06-04 00:00:00+07:00,0.0015097752815129836,0.0019736765460833055,0.0013349708062342803
2020-06-05 00:00:00+07:00,6085.13330078125,6162.16015625,5854.05224609375,6085.13330078125,2210640,0.05129327770572974,0.0009489327849792699,2020-06-05 00:00:00+07:00,0.0009489327849792699,0.0018095599282480362,0.0013624603567762314
2020-06-08 00:00:00+07:00,6085.13330078125,6085.13330078125,6085.13330078125,6085.13330078125,0,0.0,0.0,2020-06-08 00:00:00+07:00,0.0,0.0016802802414823171,0.001335640549709566
2020-06-09 00:00:00+07:00,6085.13330078125,6085.13330078125,6085.13330078125,6085.13330078125,0,0.0,0.0,2020-06-09 00:00:00+07:00,0.0,0.0011110658515531987,0.0012619488929094243
2020-06-10 00:00:00+07:00,6300.80908203125,6739.86279296875,6208.37646484375,6739.86279296875,4336440,0.08214014465994499,0.002433467073798906,2020-06-10 00:00:00+07:00,0.002433467073798906,0.000978435028058232,0.001244687113097539
2020-06-11 00:00:00+07:00,6924.7275390625,6924.7275390625,6269.998046875,6269.998046875,3194451,0.09932266361808327,0.0035580435818196947,2020-06-11 00:00:00+07:00,0.0035580435818196947,0.0013880886881195743,0.0013746526392372166
2020-06-12 00:00:00+07:00,5838.64697265625,5931.0791015625,5838.64697265625,5838.64697265625,3507302,0.01570708250334795,8.898270370503331e-05,2020-06-12 00:00:00+07:00,8.898270370503331e-05,0.001216098671864727,0.0012502197742111601
2020-06-16 00:00:00+07:00,5931.0791015625,6085.13330078125,5777.025390625,5977.29541015625,2448738,0.05195972074259965,0.0009737515549972914,2020-06-16 00:00:00+07:00,0.0009737515549972914,0.0014108489828641851,0.0012527860474674081
2020-06-17 00:00:00+07:00,5977.29541015625,6046.61962890625,5792.4306640625,6008.1064453125,1542329,0.042947369563785955,0.0006652542938133226,2020-06-17 00:00:00+07:00,0.0006652542938133226,0.0015438998416268499,0.0011631925426054202
2020-06-18 00:00:00+07:00,5861.7548828125,6031.21435546875,5800.13330078125,6008.1064453125,2212704,0.03906747593201184,0.0005504847016997743,2020-06-18 00:00:00+07:00,0.0005504847016997743,0.0011673033672070234,0.0011882145745008644
2020-06-19 00:00:00+07:00,6008.1064453125,6354.72802734375,5923.37646484375,6323.9169921875,2700935,0.07029247198415654,0.0017821004529124382,2020-06-19 00:00:00+07:00,0.0017821004529124382,0.0008121147414255723,0.0012692191405423389
2020-06-22 00:00:00+07:00,6508.78173828125,6547.29541015625,6323.9169921875,6454.86279296875,2051747,0.03471325647351328,0.00043461555092183594,2020-06-22 00:00:00+07:00,0.00043461555092183594,0.0008812413108689326,0.0012279632493017564
2020-06-23 00:00:00+07:00,6400.94384765625,6470.2685546875,6008.1064453125,6347.02490234375,2637360,0.07410798376377979,0.0019808178593094944,2020-06-23 00:00:00+07:00,0.0019808178593094944,0.0010826545717313734,0.0013180004247249151
2020-06-24 00:00:00+07:00,6192.97119140625,6400.94384765625,5977.29541015625,5992.70068359375,1182831,0.0684772625810291,0.0016912481295830932,2020-06-24 00:00:00+07:00,0.0016912481295830932,0.0012878533388853274,0.0013093867689264473
2020-06-25 00:00:00+07:00,5931.0791015625,6316.21435546875,5769.32275390625,6277.70068359375,1597219,0.09056533434401492,0.0029582749576422284,2020-06-25 00:00:00+07:00,0.0029582749576422284,0.0017694113900738183,0.0013980179430243325
2020-06-26 00:00:00+07:00,6331.61962890625,6385.53857421875,5846.349609375,6108.2412109375,2070689,0.08821836776574386,0.002806936473782203,2020-06-26 00:00:00+07:00,0.002806936473782203,0.0019743785942477714,0.001503343671872428
2020-06-29 00:00:00+07:00,5738.51171875,6085.13330078125,5684.5927734375,5684.5927734375,1665649,0.0680891397793623,0.0016721307847448544,2020-06-29 00:00:00+07:00,0.0016721307847448544,0.002221881641012375,0.0015490345731670819
2020-06-30 00:00:00+07:00,5391.89013671875,5692.29541015625,5291.75537109375,5291.75537109375,2954275,0.07296355905356573,0.0019201120263745946,2020-06-30 00:00:00+07:00,0.0019201120263745946,0.002209740474425395,0.00156061525729548
2020-07-01 00:00:00+07:00,5291.75537109375,5661.48486328125,5168.51220703125,5599.86328125,1783841,0.09110132830824547,0.002993394567666775,2020-07-01 00:00:00+07:00,0.002993394567666775,0.002470169762042131,0.0016162461070005326
2020-07-02 00:00:00+07:00,5607.56591796875,5699.99853515625,5391.89013671875,5592.16064453125,1067145,0.055569919685532536,0.001113766332917182,2020-07-02 00:00:00+07:00,0.001113766332917182,0.0021012680370971217,0.0016374901024136502
2020-07-03 00:00:00+07:00,5622.97119140625,5661.48486328125,5530.5390625,5592.16064453125,786853,0.02340091070517585,0.00019750589672356587,2020-07-03 00:00:00+07:00,0.00019750589672356587,0.0015793819216853946,0.0015171007363717398
2020-07-06 00:00:00+07:00,5592.16064453125,5692.29541015625,5461.21435546875,5684.5927734375,928310,0.041442403611037085,0.0006194473790085509,2020-07-06 00:00:00+07:00,0.0006194473790085509,0.0013688452405381337,0.0014045019267233223
2020-07-07 00:00:00+07:00,5699.99853515625,5830.9443359375,5622.97119140625,5622.97119140625,1715125,0.036318760017720254,0.0004757475635113977,2020-07-07 00:00:00+07:00,0.0004757475635113977,0.0010799723479654945,0.0013575006668141594
2020-07-08 00:00:00+07:00,5622.97119140625,5669.1875,5515.13330078125,5615.2685546875,992457,0.027549986412284132,0.00027375201566278307,2020-07-08 00:00:00+07:00,0.00027375201566278307,0.0005360438375646961,0.0013268106318452281
2020-07-09 00:00:00+07:00,5569.05224609375,5746.21435546875,5569.05224609375,5746.21435546875,1777636,0.031316378867708314,0.0003537183778896699,2020-07-09 00:00:00+07:00,0.0003537183778896699,0.00038403424655919364,0.0013428887399311222
2020-07-10 00:00:00+07:00,5746.21435546875,5746.21435546875,5746.21435546875,5746.21435546875,0,0.0,0.0,2020-07-10 00:00:00+07:00,0.0,0.0003445330672144805,0.0013428887399311222
2020-07-13 00:00:00+07:00,5777.025390625,5900.2685546875,5607.56591796875,5707.701171875,1739974,0.05088112495417047,0.0009337442859215435,2020-07-13 00:00:00+07:00,0.0009337442859215435,0.000407392448597079,0.0012747195223003329
2020-07-14 00:00:00+07:00,5646.07958984375,5723.1064453125,5576.7548828125,5684.5927734375,1234346,0.025904697819008955,0.00024203134194099662,2020-07-14 00:00:00+07:00,0.00024203134194099662,0.0003606492042829988,0.0011239916932149377
2020-07-15 00:00:00+07:00,5684.5927734375,5684.5927734375,5684.5927734375,5684.5927734375,0,0.0,0.0,2020-07-15 00:00:00+07:00,0.0,0.0003058988011504422,0.0011199470248647089
2020-07-16 00:00:00+07:00,5661.48486328125,5715.40380859375,5592.16064453125,5646.07958984375,1046606,0.021799220340642075,0.00017139433759074708,2020-07-16 00:00:00+07:00,0.00017139433759074708,0.00026943399309065763,0.0010834762422553205
2020-07-17 00:00:00+07:00,5622.97119140625,5777.025390625,5622.97119140625,5746.21435546875,1068235,0.027028705964844035,0.0002634905567760639,2020-07-17 00:00:00+07:00,0.0002634905567760639,0.0003221321044458704,0.0010652142542081722
2020-07-20 00:00:00+07:00,5746.21435546875,6077.4306640625,5746.21435546875,5854.05224609375,1795694,0.05604075349027397,0.00113271976711375,2020-07-20 00:00:00+07:00,0.00113271976711375,0.0003619272006843117,0.0010916794844542622
2020-07-21 00:00:00+07:00,5854.05224609375,5946.48486328125,5784.72802734375,5854.05224609375,1147558,0.02757891958148614,0.00027432730977411125,2020-07-21 00:00:00+07:00,0.00027432730977411125,0.00036838639425093464,0.0010231443415843382
2020-07-22 00:00:00+07:00,5854.05224609375,5915.673828125,5445.80908203125,5630.673828125,1279538,0.08275907238797559,0.0024702776894314498,2020-07-22 00:00:00+07:00,0.0024702776894314498,0.0008624419321372246,0.0011156744387893205
2020-07-23 00:00:00+07:00,5599.86328125,5699.99853515625,5276.349609375,5545.9443359375,1769041,0.0772314210937863,0.0021513080379794956,2020-07-23 00:00:00+07:00,0.0021513080379794956,0.0012584246722149744,0.0011234239923652298
2020-07-24 00:00:00+07:00,5414.99853515625,5445.80908203125,5160.80908203125,5160.80908203125,2145351,0.05375297104245786,0.0010421242331091873,2020-07-24 00:00:00+07:00,0.0010421242331091873,0.001414151407481599,0.0010939183607073248
2020-07-27 00:00:00+07:00,4806.48486328125,4806.48486328125,4806.48486328125,4806.48486328125,312760,0.0,0.0,2020-07-27 00:00:00+07:00,0.0,0.0011876074540588491,0.0009594513171781328
2020-07-28 00:00:00+07:00,4475.26904296875,4852.701171875,4475.26904296875,4806.48486328125,2791163,0.08096902131562926,0.0023645708287793597,2020-07-28 00:00:00+07:00,0.0023645708287793597,0.0016056561578598986,0.0009393437878598217
2020-07-29 00:00:00+07:00,4590.8095703125,4590.8095703125,4475.26904296875,4475.26904296875,781440,0.025489914240862117,0.00023434262817084142,2020-07-29 00:00:00+07:00,0.00023434262817084142,0.0011584691456077768,0.0008739897807428211
2020-07-30 00:00:00+07:00,4513.7822265625,4621.6201171875,4375.1337890625,4490.67431640625,1040881,0.05480821863839809,0.0010834426347546323,2020-07-30 00:00:00+07:00,0.0010834426347546323,0.0009448960649628042,0.0008359593538510048
2020-07-31 00:00:00+07:00,4182.56640625,4459.86376953125,4182.56640625,4182.56640625,1332740,0.06419318969774868,0.0014862520252344772,2020-07-31 00:00:00+07:00,0.0014862520252344772,0.0010337216233878622,0.0007674528746495366
2020-08-04 00:00:00+07:00,4475.26904296875,4783.376953125,4475.26904296875,4729.4580078125,1962052,0.06658030136274784,0.0015988438869408879,2020-08-04 00:00:00+07:00,0.0015988438869408879,0.0013534904007760397,0.0007895018543778869
2020-08-05 00:00:00+07:00,4729.4580078125,4783.376953125,4621.6201171875,4721.75537109375,1258104,0.03440145427860158,0.00042684298864444623,2020-08-05 00:00:00+07:00,0.00042684298864444623,0.0009659448327490573,0.0007999262676470178
2020-08-06 00:00:00+07:00,4621.6201171875,4752.56591796875,4613.91748046875,4721.75537109375,1444233,0.029607390456794107,0.00031616574165133326,2020-08-06 00:00:00+07:00,0.00031616574165133326,0.0009823094554451558,0.0007861407386762353
2020-08-07 00:00:00+07:00,4714.052734375,4983.64697265625,4714.052734375,4929.72802734375,2161878,0.05561395563596819,0.0011155322232505114,2020-08-07 00:00:00+07:00,0.0011155322232505114,0.0009887273731443314,0.0008152218595734676
2020-08-10 00:00:00+07:00,4952.83642578125,5153.1064453125,4929.72802734375,4991.35009765625,2211977,0.04431590642681559,0.0007083270398805408,2020-08-10 00:00:00+07:00,0.0007083270398805408,0.0008331423760735441,0.000834975269765184
2020-08-11 00:00:00+07:00,4991.35009765625,5083.7822265625,4914.32275390625,4991.35009765625,2281628,0.033901564923522406,0.00041452816100880357,2020-08-11 00:00:00+07:00,0.00041452816100880357,0.0005962792308871272,0.0008377393508160535
2020-08-12 00:00:00+07:00,4991.35009765625,4999.052734375,4783.376953125,4929.72802734375,1285704,0.04410166874443956,0.000701495021761858,2020-08-12 00:00:00+07:00,0.000701495021761858,0.0006512096375106097,0.0008696254881688653
2020-08-13 00:00:00+07:00,4891.21484375,5083.7822265625,4891.21484375,5060.67431640625,1594960,0.038614810414451035,0.0005378019362855366,2020-08-13 00:00:00+07:00,0.0005378019362855366,0.0006955368764374502,0.0008516281086399559
2020-08-14 00:00:00+07:00,5106.89013671875,5145.40380859375,4929.72802734375,5052.9716796875,1448738,0.04282003217604444,0.0006613152325297924,2020-08-14 00:00:00+07:00,0.0006613152325297924,0.0006046934782933064,0.000870686467303083
2020-08-17 00:00:00+07:00,4945.1337890625,5014.4580078125,4821.890625,4975.9443359375,1177301,0.039159244353766325,0.0005530738858085001,2020-08-17 00:00:00+07:00,0.0005530738858085001,0.0005736428474788983,0.0008958261893852876
2020-08-18 00:00:00+07:00,4975.9443359375,4975.9443359375,4852.701171875,4852.701171875,788931,0.02507967629753998,0.00022686024730031774,2020-08-18 00:00:00+07:00,0.00022686024730031774,0.0005361092647372011,0.000898347367099359
2020-08-19 00:00:00+07:00,4852.701171875,4960.5390625,4814.18798828125,4922.025390625,844340,0.029947027860120365,0.0003234610566151129,2020-08-19 00:00:00+07:00,0.0003234610566151129,0.0004605024717078521,0.0009010732989102249
2020-08-20 00:00:00+07:00,4922.025390625,4991.35009765625,4891.21484375,4922.025390625,643683,0.020265726884257294,0.00014812860012484405,2020-08-20 00:00:00+07:00,0.00014812860012484405,0.0003825678044757136,0.0008563191549561835
2020-08-21 00:00:00+07:00,4929.72802734375,5199.32275390625,4929.72802734375,5153.1064453125,2205551,0.05324455780659316,0.0010225039557000923,2020-08-21 00:00:00+07:00,0.0010225039557000923,0.00045480554910977357,0.0008903271843164555
2020-08-24 00:00:00+07:00,5199.32275390625,5507.4306640625,5199.32275390625,5507.4306640625,5655341,0.057569832776291185,0.001195375866353792,2020-08-24 00:00:00+07:00,0.001195375866353792,0.0005832659452188319,0.0008323771014492893
2020-08-25 00:00:00+07:00,5507.4306640625,5738.51171875,5468.91748046875,5468.91748046875,2537538,0.04811919860938287,0.0008351246819393892,2020-08-25 00:00:00+07:00,0.0008351246819393892,0.0007049188321466462,0.000772550585265648
2020-08-26 00:00:00+07:00,5461.21435546875,5584.4580078125,5260.9443359375,5391.89013671875,1892375,0.05967684137007682,0.0012844766219175722,2020-08-26 00:00:00+07:00,0.0012844766219175722,0.0008971219452071381,0.0007835666029387564
2020-08-27 00:00:00+07:00,5391.89013671875,5538.24169921875,5353.376953125,5522.83642578125,1350643,0.0339494995974435,0.0004157012230742021,2020-08-27 00:00:00+07:00,0.0004157012230742021,0.0009506364697970098,0.000802462113078493
2020-08-28 00:00:00+07:00,5538.24169921875,5622.97119140625,5468.91748046875,5468.91748046875,4317252,0.02777951029267533,0.000278332370723001,2020-08-28 00:00:00+07:00,0.000278332370723001,0.0008018021528015914,0.0007076330922577493
2020-08-31 00:00:00+07:00,5391.89013671875,5499.72802734375,5153.1064453125,5276.349609375,2374037,0.06509891534961779,0.0015284880681016488,2020-08-31 00:00:00+07:00,0.0015284880681016488,0.0008684245931511629,0.0007664578849818769
2020-09-01 00:00:00+07:00,5245.5390625,5461.21435546875,5091.48486328125,5461.21435546875,1136627,0.07010166476781785,0.0017724386468865238,2020-09-01 00:00:00+07:00,0.0017724386468865238,0.0010558873861405897,0.0007977758855333265
2020-09-02 00:00:00+07:00,5461.21435546875,5461.21435546875,5461.21435546875,5461.21435546875,0,0.0,0.0,2020-09-02 00:00:00+07:00,0.0,0.0007989920617570753,0.0007302189752953957
2020-09-03 00:00:00+07:00,5507.4306640625,5515.13330078125,5314.86328125,5314.86328125,1299764,0.03698853472528715,0.0004934564185987668,2020-09-03 00:00:00+07:00,0.0004934564185987668,0.0008145431008619883,0.0006799740903707538
2020-09-04 00:00:00+07:00,5230.1337890625,5391.89013671875,5145.40380859375,5361.07958984375,1334778,0.04679214632330517,0.0007896969860617672,2020-09-04 00:00:00+07:00,0.0007896969860617672,0.0009168160239297415,0.000696467453889723
2020-09-07 00:00:00+07:00,5361.07958984375,5468.91748046875,5330.2685546875,5391.89013671875,1789554,0.025679073251564422,0.00023783361656557416,2020-09-07 00:00:00+07:00,0.00023783361656557416,0.0006586851336225266,0.0006929069027494613
2020-09-08 00:00:00+07:00,5430.40380859375,5753.9169921875,5391.89013671875,5753.9169921875,5263245,0.06498484075473893,0.00152313593936402,2020-09-08 00:00:00+07:00,0.00152313593936402,0.0006088245921180258,0.0007114343443909844
2020-09-09 00:00:00+07:00,5622.97119140625,5931.0791015625,5622.97119140625,5900.2685546875,2528398,0.05334596378901813,0.001026402448279569,2020-09-09 00:00:00+07:00,0.001026402448279569,0.0008141050817739397,0.000725892317500031
2020-09-10 00:00:00+07:00,5907.97119140625,5969.5927734375,5699.99853515625,5699.99853515625,1992872,0.04621279507309343,0.0007702629716904091,2020-09-10 00:00:00+07:00,0.0007702629716904091,0.0008694663923922681,0.0007420620816219223
2020-09-11 00:00:00+07:00,5699.99853515625,5699.99853515625,5699.99853515625,5699.99853515625,0,0.0,0.0,2020-09-11 00:00:00+07:00,0.0,0.0007115269951799146,0.0007101759442691105
2020-09-14 00:00:00+07:00,5692.29541015625,5977.29541015625,5669.1875,5931.0791015625,1710335,0.052922383695792996,0.0010101673838527998,2020-09-14 00:00:00+07:00,0.0010101673838527998,0.0008659937486373597,0.0007316471009767134
2020-09-15 00:00:00+07:00,5938.7822265625,6115.9443359375,5738.51171875,5738.51171875,3384748,0.0636992923774976,0.0014634697951581043,2020-09-15 00:00:00+07:00,0.0014634697951581043,0.0008540605197961766,0.000768108672005273
2020-09-16 00:00:00+07:00,5777.025390625,5854.05224609375,5730.80908203125,5807.8359375,1488880,0.02127739127230824,0.0001632868862674923,2020-09-16 00:00:00+07:00,0.0001632868862674923,0.0006814374073937613,0.0007503910811170454
2020-09-17 00:00:00+07:00,5892.56591796875,6100.53857421875,5807.8359375,5931.0791015625,3636958,0.049169028689488165,0.0008719624958709003,2020-09-17 00:00:00+07:00,0.0008719624958709003,0.0007017773122298596,0.0007797139105975264
2020-09-18 00:00:00+07:00,5969.5927734375,6085.13330078125,5861.7548828125,5900.2685546875,825931,0.03739960584091726,0.0005044853951241768,2020-09-18 00:00:00+07:00,0.0005044853951241768,0.0008026743912546948,0.0007879422896206657
2020-09-21 00:00:00+07:00,5961.89013671875,5969.5927734375,5777.025390625,5823.24169921875,1349215,0.032789801011062124,0.00038778598561004565,2020-09-21 00:00:00+07:00,0.00038778598561004565,0.000678198111606144,0.0007988358071427203
2020-09-22 00:00:00+07:00,5777.025390625,5784.72802734375,5545.9443359375,5622.97119140625,2170641,0.04215443576806838,0.0006409159932991039,2020-09-22 00:00:00+07:00,0.0006409159932991039,0.000513687351234344,0.0007814908997608572
2020-09-23 00:00:00+07:00,5622.97119140625,5707.701171875,5576.7548828125,5699.99853515625,1408869,0.02320930073417713,0.00019428472612927596,2020-09-23 00:00:00+07:00,0.00019428472612927596,0.0005198869192067007,0.0007359867570233791
2020-09-24 00:00:00+07:00,5630.673828125,5699.99853515625,5584.4580078125,5622.97119140625,928518,0.020478534297450876,0.00015125588718152607,2020-09-24 00:00:00+07:00,0.00015125588718152607,0.00037574559746882585,0.0007049018118071127
2020-09-25 00:00:00+07:00,5622.97119140625,5622.97119140625,5476.6201171875,5538.24169921875,1324639,0.026372062203160074,0.0002508434299211568,2020-09-25 00:00:00+07:00,0.0002508434299211568,0.0003250172044282218,0.0006579184848981848
2020-09-28 00:00:00+07:00,5607.56591796875,5622.97119140625,5484.32275390625,5484.32275390625,1190037,0.024966592239985545,0.0002248190375578535,2020-09-28 00:00:00+07:00,0.0002248190375578535,0.00029242381481778344,0.0006492420219201689
2020-09-29 00:00:00+07:00,5584.4580078125,5584.4580078125,5314.86328125,5330.2685546875,1430485,0.04948009527891211,0.0008830302919332463,2020-09-29 00:00:00+07:00,0.0008830302919332463,0.00034084667454461185,0.0006767282910660891
2020-09-30 00:00:00+07:00,5322.56591796875,5391.89013671875,5237.83642578125,5314.86328125,1139068,0.028987480940089436,0.0003030648016822522,2020-09-30 00:00:00+07:00,0.0003030648016822522,0.00036260268965520714,0.0006210272335015711
2020-10-01 00:00:00+07:00,5391.89013671875,5468.91748046875,5314.86328125,5468.91748046875,943084,0.02857340738087485,0.00029446834389988024,2020-10-01 00:00:00+07:00,0.00029446834389988024,0.000391245180998878,0.0005538467651839963
2020-10-02 00:00:00+07:00,5507.4306640625,5599.86328125,5160.80908203125,5522.83642578125,1057083,0.08164881733549233,0.002404442216333899,2020-10-02 00:00:00+07:00,0.002404442216333899,0.0008219649382814264,0.0006631395931991736
2020-10-05 00:00:00+07:00,5545.9443359375,5815.53857421875,5545.9443359375,5815.53857421875,3256299,0.047466489427524114,0.0008126223700257867,2020-10-05 00:00:00+07:00,0.0008126223700257867,0.0009395256047750131,0.0006776471364458563
2020-10-06 00:00:00+07:00,5861.7548828125,5907.97119140625,5707.701171875,5869.45751953125,2946408,0.03448614272202826,0.0004289471533604721,2020-10-06 00:00:00+07:00,0.0004289471533604721,0.0008487089770604581,0.0006612494167776156
2020-10-07 00:00:00+07:00,5854.05224609375,6008.1064453125,5769.32275390625,5961.89013671875,2177405,0.04055493160919902,0.0005932010271246322,2020-10-07 00:00:00+07:00,0.0005932010271246322,0.0009067362221489343,0.0006774024808939365
2020-10-08 00:00:00+07:00,5892.56591796875,5961.89013671875,5646.07958984375,5699.99853515625,2105287,0.05442614142338812,0.0010683895690976068,2020-10-08 00:00:00+07:00,0.0010683895690976068,0.0010615204671884796,0.0006567321913363722
2020-10-09 00:00:00+07:00,5699.99853515625,5784.72802734375,5661.48486328125,5769.32275390625,1501019,0.021535144971743372,0.00016726695352759082,2020-10-09 00:00:00+07:00,0.00016726695352759082,0.0006140854146272181,0.0006176805779385551
2020-10-12 00:00:00+07:00,5784.72802734375,5854.05224609375,5599.86328125,5661.48486328125,1404143,0.04439192970302493,0.0007107593733434656,2020-10-12 00:00:00+07:00,0.0007107593733434656,0.0005937128152907537,0.0006149758689227849
2020-10-13 00:00:00+07:00,5622.97119140625,5684.5927734375,5538.24169921875,5622.97119140625,871447,0.026082425305500357,0.0002453638018362291,2020-10-13 00:00:00+07:00,0.0002453638018362291,0.0005569961449859051,0.0006261287690062498
2020-10-14 00:00:00+07:00,5622.97119140625,5707.701171875,5569.05224609375,5584.4580078125,1105144,0.024591459577570213,0.0002181138079746435,2020-10-14 00:00:00+07:00,0.0002181138079746435,0.0004819787011559074,0.000590126333739061
2020-10-15 00:00:00+07:00,5584.4580078125,5584.4580078125,5461.21435546875,5584.4580078125,1325872,0.02231620909887413,0.00017962028935267487,2020-10-15 00:00:00+07:00,0.00017962028935267487,0.000304224845206921,0.0005317695380206324
2020-10-16 00:00:00+07:00,5584.4580078125,5599.86328125,5476.6201171875,5476.6201171875,892544,0.022254039636208464,0.00017862089539550087,2020-10-16 00:00:00+07:00,0.00017862089539550087,0.000306495633580503,0.0005324665384355417
2020-10-19 00:00:00+07:00,5476.6201171875,5576.7548828125,5476.6201171875,5499.72802734375,517883,0.018118901255969773,0.0001184072416115062,2020-10-19 00:00:00+07:00,0.0001184072416115062,0.00018802520723411117,0.0004982140268782967
2020-10-20 00:00:00+07:00,5468.91748046875,5538.24169921875,5468.91748046875,5484.32275390625,1035506,0.012596371915256347,5.7227595335265426e-05,2020-10-20 00:00:00+07:00,5.7227595335265426e-05,0.00015039796593391844,0.0004778841268878915
2020-10-21 00:00:00+07:00,5522.83642578125,5522.83642578125,5330.2685546875,5391.89013671875,1204408,0.03548995116267975,0.00045428181375270905,2020-10-21 00:00:00+07:00,0.00045428181375270905,0.0001976315670895315,0.00048090666453073986
2020-10-22 00:00:00+07:00,5391.89013671875,5522.83642578125,5322.56591796875,5492.025390625,906461,0.03693607108144399,0.0004920575980094811,2020-10-22 00:00:00+07:00,0.0004920575980094811,0.0002601190288208928,0.00047414037383575707
2020-10-23 00:00:00+07:00,5530.5390625,5561.349609375,5461.21435546875,5522.83642578125,715476,0.01816963985208228,0.00011907132482587713,2020-10-23 00:00:00+07:00,0.00011907132482587713,0.0002482091147069681,0.0004707215828674207
2020-10-26 00:00:00+07:00,5499.72802734375,5530.5390625,5368.7822265625,5368.7822265625,1046009,0.02968418108809237,0.00031780790270215074,2020-10-26 00:00:00+07:00,0.00031780790270215074,0.00028808924692509696,0.0004782921290274491
2020-10-27 00:00:00+07:00,5368.7822265625,5407.2958984375,5168.51220703125,5168.51220703125,734781,0.045164261132788354,0.0007357061172862581,2020-10-27 00:00:00+07:00,0.0007357061172862581,0.00042378495131529544,0.0005003313420894991
2020-10-28 00:00:00+07:00,5168.51220703125,5230.1337890625,4814.18798828125,4814.18798828125,1163475,0.0828694699054322,0.002476872601883658,2020-10-28 00:00:00+07:00,0.002476872601883658,0.0008283031089414852,0.0006026974131952175
2020-10-29 00:00:00+07:00,4860.40380859375,4922.025390625,4698.6474609375,4821.890625,517234,0.04644541752226987,0.0007780370711005923,2020-10-29 00:00:00+07:00,0.0007780370711005923,0.0008854990035597074,0.0005979249940664606
2020-10-30 00:00:00+07:00,4922.025390625,4922.025390625,4621.6201171875,4767.9716796875,795006,0.06297479221715621,0.0014303688184918696,2020-10-30 00:00:00+07:00,0.0014303688184918696,0.001147758502292906,0.000649166085739625
2020-11-02 00:00:00+07:00,4775.67431640625,4929.72802734375,4775.67431640625,4929.72802734375,338699,0.03174863760755093,0.00036355049050380747,2020-11-02 00:00:00+07:00,0.00036355049050380747,0.001156907019853237,0.0006523061833125308
2020-11-03 00:00:00+07:00,4991.35009765625,5037.56591796875,4914.32275390625,4945.1337890625,327755,0.024769060212320164,0.00022127563993910095,2020-11-03 00:00:00+07:00,0.00022127563993910095,0.001054020924383806,0.000553071338930949
2020-11-04 00:00:00+07:00,4999.052734375,5276.349609375,4999.052734375,5260.9443359375,951990,0.05398605539596353,0.0010511815740423362,2020-11-04 00:00:00+07:00,0.0010511815740423362,0.0007688827188155414,0.0005639149391135194
2020-11-05 00:00:00+07:00,5199.32275390625,5276.349609375,5191.6201171875,5199.32275390625,390486,0.016188686983156814,9.452306580361472e-05,2020-11-05 00:00:00+07:00,9.452306580361472e-05,0.0006321799177561459,0.0005487138442245714
2020-11-06 00:00:00+07:00,5183.91748046875,5237.83642578125,5106.89013671875,5160.80908203125,447012,0.025317882083779865,0.00023119013219182618,2020-11-06 00:00:00+07:00,0.00023119013219182618,0.0003923441804961372,0.0005322588035458074
2020-11-09 00:00:00+07:00,5160.80908203125,5314.86328125,5160.80908203125,5237.83642578125,1408752,0.029413922228893847,0.0003120472985941088,2020-11-09 00:00:00+07:00,0.0003120472985941088,0.0003820435421141975,0.0004978796094320121
2020-11-10 00:00:00+07:00,5330.2685546875,5330.2685546875,5176.21484375,5183.91748046875,489893,0.029327558386432348,0.0003102175501221757,2020-11-10 00:00:00+07:00,0.0003102175501221757,0.0003998319241508124,0.000504377363822675
2020-11-11 00:00:00+07:00,5176.21484375,5237.83642578125,5145.40380859375,5237.83642578125,490152,0.01780466538321585,0.00011433578549370916,2020-11-11 00:00:00+07:00,0.00011433578549370916,0.00021246276644108704,0.0004772672007385952
2020-11-12 00:00:00+07:00,5260.9443359375,5260.9443359375,5106.89013671875,5160.80908203125,247692,0.029719907041873904,0.00031857334897622016,2020-11-12 00:00:00+07:00,0.00031857334897622016,0.00025727282307560817,0.0004805949074267766
2020-11-13 00:00:00+07:00,5160.80908203125,5237.83642578125,5160.80908203125,5207.025390625,572020,0.014815151179635019,7.916381636946545e-05,2020-11-13 00:00:00+07:00,7.916381636946545e-05,0.00022686755991113602,0.0004742789987174504
2020-11-16 00:00:00+07:00,5245.5390625,5284.05224609375,5153.1064453125,5160.80908203125,345255,0.02509354812182853,0.0002271112741286218,2020-11-16 00:00:00+07:00,0.0002271112741286218,0.00020988035501803864,0.0004764376798436297
2020-11-17 00:00:00+07:00,5168.51220703125,5468.91748046875,5114.59326171875,5468.91748046875,1971659,0.06698281813860542,0.001618234211875823,2020-11-17 00:00:00+07:00,0.001618234211875823,0.0004714836873687681,0.0005418746487745535
2020-11-18 00:00:00+07:00,5468.91748046875,5661.48486328125,5391.89013671875,5653.7822265625,2579549,0.04879020298019838,0.0008585780818317445,2020-11-18 00:00:00+07:00,0.0008585780818317445,0.000620332146636375,0.0005755187778754734
2020-11-19 00:00:00+07:00,5653.7822265625,5854.05224609375,5653.7822265625,5777.025390625,3096005,0.03480937125676573,0.0004370256279166088,2020-11-19 00:00:00+07:00,0.0004370256279166088,0.0006440226024244528,0.000592782324810989
2020-11-20 00:00:00+07:00,5777.025390625,5854.05224609375,5707.701171875,5846.349609375,2517480,0.025317767349086376,0.00023118803679784627,2020-11-20 00:00:00+07:00,0.00023118803679784627,0.000674427446510129,0.000582641698585768
2020-11-23 00:00:00+07:00,5984.998046875,5984.998046875,5761.6201171875,5761.6201171875,1895698,0.03803730716944396,0.0005218360462542148,2020-11-23 00:00:00+07:00,0.0005218360462542148,0.0007333724009352477,0.0005839952644150741
2020-11-24 00:00:00+07:00,5738.51171875,5830.9443359375,5638.37646484375,5761.6201171875,1848195,0.033582802738472105,0.0004067695402223431,2020-11-24 00:00:00+07:00,0.0004067695402223431,0.0004910794666045517,0.0005970724560240043
2020-11-25 00:00:00+07:00,5699.99853515625,5823.24169921875,5638.37646484375,5738.51171875,1181468,0.032260936446463016,0.000375377715437709,2020-11-25 00:00:00+07:00,0.000375377715437709,0.0003944393933257446,0.0005996892656938024
2020-11-26 00:00:00+07:00,5738.51171875,5738.51171875,5630.673828125,5630.673828125,1403287,0.01897077399459582,0.0001298029754890234,2020-11-26 00:00:00+07:00,0.0001298029754890234,0.00033299486284022747,0.0005721482137939282
2020-11-27 00:00:00+07:00,5699.99853515625,5707.701171875,5569.05224609375,5576.7548828125,1405455,0.024591459577570213,0.0002181138079746435,2020-11-27 00:00:00+07:00,0.0002181138079746435,0.00033038001707558695,0.0004694773595253365
2020-11-30 00:00:00+07:00,5507.4306640625,5592.16064453125,5314.86328125,5314.86328125,1687797,0.05085844380771676,0.0009329120059513061,2020-11-30 00:00:00+07:00,0.0009329120059513061,0.0004125952090150052,0.00047651712929127813
2020-12-01 00:00:00+07:00,5122.2958984375,5545.9443359375,5106.89013671875,5391.89013671875,1606916,0.08247627520774253,0.002453424093367931,2020-12-01 00:00:00+07:00,0.002453424093367931,0.0008219261196441228,0.0005230196417856446
2020-12-02 00:00:00+07:00,5391.89013671875,5484.32275390625,5337.97119140625,5345.67431640625,811689,0.027047959628822633,0.0002638660808990872,2020-12-02 00:00:00+07:00,0.0002638660808990872,0.0007996237927363984,0.0005184885322581573
2020-12-03 00:00:00+07:00,5345.67431640625,5422.701171875,5237.83642578125,5276.349609375,1866994,0.03468554527580771,0.0004339219305877491,2020-12-03 00:00:00+07:00,0.0004339219305877491,0.0008604475837561435,0.0005281542727421868
2020-12-04 00:00:00+07:00,5314.86328125,5399.5927734375,5253.24169921875,5384.1875,1532903,0.027478185832811714,0.00027232697392369883,2020-12-04 00:00:00+07:00,0.00027232697392369883,0.0008712902169459545,0.0004927517909186123
2020-12-07 00:00:00+07:00,5422.701171875,5753.9169921875,5422.701171875,5753.9169921875,3328715,0.05928677641902059,0.0012677400834695293,2020-12-07 00:00:00+07:00,0.0012677400834695293,0.0009382558324495992,0.0005460798371761538
2020-12-08 00:00:00+07:00,5777.025390625,5907.97119140625,5622.97119140625,5777.025390625,2998402,0.04944228250901513,0.0008816811812342982,2020-12-08 00:00:00+07:00,0.0008816811812342982,0.0006239072500228727,0.0005756476121326298
2020-12-09 00:00:00+07:00,5769.32275390625,5892.56591796875,5746.21435546875,5769.32275390625,2023718,0.025150277498456625,0.00022813930287446006,2020-12-09 00:00:00+07:00,0.00022813930287446006,0.0006167618944179472,0.0005718336123271913
2020-12-10 00:00:00+07:00,5769.32275390625,5777.025390625,5553.64697265625,5553.64697265625,2651745,0.03943408776739506,0.0005608647490964336,2020-12-10 00:00:00+07:00,0.0005608647490964336,0.0006421504581196841,0.0005832266668260212
2020-12-11 00:00:00+07:00,5553.64697265625,5630.673828125,5507.4306640625,5615.2685546875,1025367,0.022130910021296808,0.00017664977659401232,2020-12-11 00:00:00+07:00,0.00017664977659401232,0.0006230150186537468,0.000586059120966944
2020-12-14 00:00:00+07:00,5638.37646484375,6008.1064453125,5638.37646484375,6008.1064453125,4744245,0.06351346834050953,0.0014549437600619507,2020-12-14 00:00:00+07:00,0.0014549437600619507,0.0006604557539722311,0.0006377123214708409
2020-12-15 00:00:00+07:00,6146.7548828125,6393.2412109375,6031.21435546875,6085.13330078125,4354849,0.0582929954359048,0.0012255958807137293,2020-12-15 00:00:00+07:00,0.0012255958807137293,0.0007292386938681174,0.0006898228698501256
2020-12-16 00:00:00+07:00,6239.1875,6239.1875,6085.13330078125,6154.45751953125,2061354,0.02500133291519133,0.00022544513815640193,2020-12-16 00:00:00+07:00,0.00022544513815640193,0.0007286998609245057,0.0006897471363968429
2020-12-17 00:00:00+07:00,6154.45751953125,6439.45751953125,6008.1064453125,6239.1875,4102820,0.06933466890328602,0.0017338656373256896,2020-12-17 00:00:00+07:00,0.0017338656373256896,0.0009633000385703569,0.0006950031102809278
2020-12-18 00:00:00+07:00,6269.998046875,6493.37646484375,6200.673828125,6462.5654296875,2910992,0.046124683852718874,0.0007673285415352253,2020-12-18 00:00:00+07:00,0.0007673285415352253,0.0010814357915585994,0.0006908554039038132
2020-12-21 00:00:00+07:00,6477.97119140625,6901.61962890625,6477.97119140625,6778.37646484375,3485881,0.0633487392896722,0.0014474064391162152,2020-12-21 00:00:00+07:00,0.0014474064391162152,0.0010799283273694525,0.0007367818044128862
2020-12-22 00:00:00+07:00,6778.37646484375,7124.998046875,6685.94384765625,7017.16015625,3088150,0.0636020625651547,0.001459005560433067,2020-12-22 00:00:00+07:00,0.001459005560433067,0.0011266102633133198,0.0007925916918508507
2020-12-23 00:00:00+07:00,7094.18701171875,7140.4033203125,6778.37646484375,6778.37646484375,2188440,0.05203164838012763,0.000976449341886598,2020-12-23 00:00:00+07:00,0.000976449341886598,0.001276811104059359,0.0008132559325614138
2020-12-25 00:00:00+07:00,6408.64697265625,6855.4033203125,6362.4306640625,6855.4033203125,3178236,0.07462666299137215,0.002008642242737291,2020-12-25 00:00:00+07:00,0.002008642242737291,0.0013317664251416793,0.000886068328130275
2020-12-28 00:00:00+07:00,7325.26806640625,7332.970703125,7124.998046875,7332.970703125,4847092,0.028771261861802438,0.0002985605122319394,2020-12-28 00:00:00+07:00,0.0002985605122319394,0.001238012819281022,0.0008825766370754673
2020-12-29 00:00:00+07:00,7386.8896484375,7818.24072265625,7363.78173828125,7818.24072265625,2860568,0.05988593380507756,0.001293493347548853,2020-12-29 00:00:00+07:00,0.001293493347548853,0.0012072302009675496,0.0009354716539872776
2020-12-30 00:00:00+07:00,8318.916015625,8318.916015625,7664.18701171875,7687.294921875,4234657,0.08197351807040118,0.002423604197383464,2020-12-30 00:00:00+07:00,0.002423604197383464,0.0014001499283576289,0.001035721217142224
2020-12-31 00:00:00+07:00,7610.26806640625,8203.3759765625,7463.91650390625,8203.3759765625,3050306,0.0944654970272862,0.0032185553006950697,2020-12-31 00:00:00+07:00,0.0032185553006950697,0.0018485711201193234,0.0011396140941760315
2021-01-01 00:00:00+07:00,8203.3759765625,8203.3759765625,8203.3759765625,8203.3759765625,0,0.0,0.0,2021-01-01 00:00:00+07:00,0.0,0.0014468426715718654,0.0010280948172047618
2021-01-04 00:00:00+07:00,8627.0244140625,8742.5654296875,8318.916015625,8472.970703125,328599,0.04967171425934748,0.0008898828656668273,2021-01-04 00:00:00+07:00,0.0008898828656668273,0.0015651071422588428,0.0010565501256032956
2021-01-05 00:00:00+07:00,8280.4033203125,9050.6728515625,8241.8896484375,9012.1591796875,343879,0.09360945929027335,0.0031604870921997205,2021-01-05 00:00:00+07:00,0.0031604870921997205,0.0019385058911890163,0.001180484905676567
2021-01-06 00:00:00+07:00,9012.1591796875,9474.3212890625,9012.1591796875,9320.267578125,306710,0.05001043114642203,0.000902060663880433,2021-01-06 00:00:00+07:00,0.000902060663880433,0.00163419718448841,0.001209109164310964
2021-01-07 00:00:00+07:00,9551.3486328125,9551.3486328125,9089.1865234375,9166.2138671875,317434,0.04959694980406825,0.0008872060288408439,2021-01-07 00:00:00+07:00,0.0008872060288408439,0.001167927330117565,0.001191812161827842
2021-01-08 00:00:00+07:00,9127.7001953125,9243.240234375,8549.9970703125,8704.0517578125,560024,0.07796155860239308,0.0021921767808405334,2021-01-08 00:00:00+07:00,0.0021921767808405334,0.0016063626862856718,0.0012513801436281253
2021-01-11 00:00:00+07:00,8858.10546875,9166.2138671875,8665.5380859375,9012.1591796875,287444,0.056170298457024474,0.0011379626568640221,2021-01-11 00:00:00+07:00,0.0011379626568640221,0.0016559786445251106,0.001292735750627651
2021-01-12 00:00:00+07:00,9012.1591796875,9512.8349609375,8858.10546875,9512.8349609375,221078,0.07130902324141837,0.0018340177015281757,2021-01-12 00:00:00+07:00,0.0018340177015281757,0.0013906847663908016,0.0013506063393745483
2021-01-13 00:00:00+07:00,9551.3486328125,9782.4296875,9243.240234375,9474.3212890625,229867,0.056695388599243335,0.001159337864514773,2021-01-13 00:00:00+07:00,0.001159337864514773,0.0014421402065176697,0.0013952739797345828
2021-01-14 00:00:00+07:00,9474.3212890625,9512.8349609375,8819.591796875,9358.78125,185649,0.07566634786715606,0.0020650001760550785,2021-01-14 00:00:00+07:00,0.0020650001760550785,0.0016776990359605164,0.0014230038168251795
2021-01-15 00:00:00+07:00,9435.8076171875,9512.8349609375,8858.10546875,9166.2138671875,263440,0.07130902324141837,0.0018340177015281757,2021-01-15 00:00:00+07:00,0.0018340177015281757,0.001606067220098045,0.001450659354134927
2021-01-18 00:00:00+07:00,8935.1328125,9666.888671875,8935.1328125,9474.3212890625,246121,0.07871549431205846,0.002234781161407267,2021-01-18 00:00:00+07:00,0.002234781161407267,0.001825430921006694,0.0015419928097372393
2021-01-19 00:00:00+07:00,9474.3212890625,9474.3212890625,8819.591796875,8819.591796875,198878,0.0716095292273692,0.0018495078750890074,2021-01-19 00:00:00+07:00,0.0018495078750890074,0.00182852895571886,0.0015472492750901172
2021-01-20 00:00:00+07:00,8819.591796875,8819.591796875,8203.3759765625,8511.484375,209575,0.07242981341220756,0.0018921226321260013,2021-01-20 00:00:00+07:00,0.0018921226321260013,0.001975085909241106,0.0015983762792078798
2021-01-22 00:00:00+07:00,8318.916015625,8704.0517578125,8049.32177734375,8049.32177734375,195827,0.07820079991627282,0.0022056517284701205,2021-01-22 00:00:00+07:00,0.0022056517284701205,0.0020032162197241143,0.0016328419741785118
2021-01-26 00:00:00+07:00,8164.8623046875,8241.8896484375,7702.7001953125,8241.8896484375,188531,0.06765870179327858,0.0016510562463277257,2021-01-26 00:00:00+07:00,0.0016510562463277257,0.0019666239286840245,0.0016415715508100873
2021-01-27 00:00:00+07:00,7856.75439453125,8203.3759765625,7671.8896484375,7694.99755859375,175717,0.06698282020036102,0.0016182343114955042,2021-01-27 00:00:00+07:00,0.0016182343114955042,0.0018433145587016717,0.0016707435948832194
2021-01-28 00:00:00+07:00,7163.51123046875,7163.51123046875,7163.51123046875,7163.51123046875,80997,0.0,0.0,2021-01-28 00:00:00+07:00,0.0,0.0014734129836838704,0.001579441674758797
2021-01-29 00:00:00+07:00,6662.8359375,7163.51123046875,6662.8359375,7163.51123046875,207472,0.07245504572528576,0.001893441176090609,2021-01-29 00:00:00+07:00,0.001893441176090609,0.0014736766924767918,0.0016519362503887366
2021-02-01 00:00:00+07:00,7086.484375,7086.484375,6662.8359375,6662.8359375,110571,0.061644150366111324,0.0013705607484726355,2021-02-01 00:00:00+07:00,0.0013705607484726355,0.0013066584964772949,0.0016554393140670901
2021-02-02 00:00:00+07:00,6223.78173828125,6624.322265625,6200.673828125,6454.86279296875,207654,0.06609009900979515,0.0015753873454393923,2021-02-02 00:00:00+07:00,0.0015753873454393923,0.0012915247162996282,0.001616884002615087
2021-02-03 00:00:00+07:00,6516.484375,6901.61962890625,6393.2412109375,6901.61962890625,200864,0.07651474133619914,0.0021115665640506587,2021-02-03 00:00:00+07:00,0.0021115665640506587,0.001390191166810659,0.001566566332767614
2021-02-04 00:00:00+07:00,7009.45751953125,7240.53857421875,6863.10595703125,7032.5654296875,66340,0.05353548964816948,0.0010337085442495707,2021-02-04 00:00:00+07:00,0.0010337085442495707,0.0015969328756605735,0.0016135530847789582
2021-02-05 00:00:00+07:00,7032.5654296875,7510.1328125,6878.51123046875,7510.1328125,119347,0.08785091276421246,0.002783601769565956,2021-02-05 00:00:00+07:00,0.002783601769565956,0.0017749649943556427,0.0016996312167743728
2021-02-08 00:00:00+07:00,7510.1328125,7579.45703125,6986.34912109375,7255.94384765625,120269,0.08148344580068172,0.0023947121642293213,2021-02-08 00:00:00+07:00,0.0023947121642293213,0.0019797952775069795,0.001664823265502991
2021-02-09 00:00:00+07:00,7255.94384765625,7255.94384765625,7255.94384765625,7255.94384765625,0,0.0,0.0,2021-02-09 00:00:00+07:00,0.0,0.0016647178084191014,0.0016238205080538804
2021-02-10 00:00:00+07:00,7255.94384765625,7255.94384765625,7255.94384765625,7255.94384765625,0,0.0,0.0,2021-02-10 00:00:00+07:00,0.0,0.0012424044956089696,0.0015834929612883874
2021-02-11 00:00:00+07:00,7255.94384765625,7255.94384765625,7255.94384765625,7255.94384765625,0,0.0,0.0,2021-02-11 00:00:00+07:00,0.0,0.0010356627867590556,0.0014838485621592725
2021-02-12 00:00:00+07:00,7255.94384765625,7255.94384765625,7255.94384765625,7255.94384765625,0,0.0,0.0,2021-02-12 00:00:00+07:00,0.0,0.0004789424328458643,0.0014321229868472715
2021-02-15 00:00:00+07:00,7255.94384765625,7255.94384765625,7255.94384765625,7255.94384765625,0,0.0,0.0,2021-02-15 00:00:00+07:00,0.0,0.0,0.001348758545868718
2021-02-16 00:00:00+07:00,7255.94384765625,7255.94384765625,7255.94384765625,7255.94384765625,0,0.0,0.0,2021-02-16 00:00:00+07:00,0.0,0.0,0.0012960613702089558
2021-02-17 00:00:00+07:00,7248.2412109375,7741.2138671875,7248.2412109375,7741.2138671875,248899,0.06579965784936313,0.0015615712991848562,2021-02-17 00:00:00+07:00,0.0015615712991848562,0.0003123142598369712,0.0012731782394421274
2021-02-18 00:00:00+07:00,8049.32177734375,8164.8623046875,7779.7275390625,8010.80859375,230451,0.04831854529705858,0.0008420584708062561,2021-02-18 00:00:00+07:00,0.0008420584708062561,0.00048072595399822253,0.0012280891835002219
2021-02-19 00:00:00+07:00,7779.7275390625,8049.32177734375,7702.7001953125,7895.26806640625,139950,0.04401689451594943,0.0006988007226917731,2021-02-19 00:00:00+07:00,0.0006988007226917731,0.0006204860985365771,0.0011582718908313358
2021-02-22 00:00:00+07:00,7933.78125,8087.83544921875,7741.2138671875,8087.83544921875,190413,0.04380263076810534,0.0006920140902315321,2021-02-22 00:00:00+07:00,0.0006920140902315321,0.0007588889165828835,0.0011056585369741778
2021-02-23 00:00:00+07:00,8087.83544921875,8472.970703125,7895.26806640625,8434.45703125,243732,0.07061757845846184,0.001798623195476497,2021-02-23 00:00:00+07:00,0.001798623195476497,0.0011186135556781828,0.0011014085625810186
2021-02-24 00:00:00+07:00,8434.45703125,8434.45703125,8434.45703125,8434.45703125,0,0.0,0.0,2021-02-24 00:00:00+07:00,0.0,0.0008062992958412117,0.0010011516658323767
2021-02-25 00:00:00+07:00,8280.4033203125,8280.4033203125,7779.7275390625,8049.32177734375,154101,0.062370360502527346,0.0014030432418670135,2021-02-25 00:00:00+07:00,0.0014030432418670135,0.0009184962500533632,0.0009898783474477989
2021-02-26 00:00:00+07:00,7779.7275390625,8010.80859375,7625.67333984375,7895.26806640625,127578,0.049271078559658024,0.0008755857523905934,2021-02-26 00:00:00+07:00,0.0008755857523905934,0.0009538532559931273,0.000956121594761212
2021-03-01 00:00:00+07:00,7895.26806640625,8241.8896484375,7818.24072265625,8164.8623046875,112713,0.05277008617682244,0.001004361726199231,2021-03-01 00:00:00+07:00,0.001004361726199231,0.001016322783186667,0.0010017744004975407
2021-03-02 00:00:00+07:00,8318.916015625,8318.916015625,7972.294921875,8087.83544921875,72208,0.042559563379408076,0.0006532943095803321,2021-03-02 00:00:00+07:00,0.0006532943095803321,0.000787257006007434,0.0009454040883834371
2021-03-03 00:00:00+07:00,8010.80859375,8241.8896484375,7933.78125,8126.34912109375,140794,0.03809989339727593,0.0005235547072813389,2021-03-03 00:00:00+07:00,0.0005235547072813389,0.0008919679474637019,0.0009069038137838329
2021-03-04 00:00:00+07:00,8241.8896484375,8241.8896484375,7625.67333984375,7972.294921875,136250,0.07770901843741054,0.00217799758690051,2021-03-04 00:00:00+07:00,0.00217799758690051,0.001046958816470401,0.0009342951883957017
2021-03-05 00:00:00+07:00,7856.75439453125,7933.78125,7702.7001953125,7779.7275390625,90708,0.029558808396002584,0.00031512901527124904,2021-03-05 00:00:00+07:00,0.00031512901527124904,0.0009348674690465321,0.0008526389361784559
2021-03-08 00:00:00+07:00,8010.80859375,8318.916015625,7856.75439453125,8318.916015625,266997,0.05715836550264598,0.001178349576598878,2021-03-08 00:00:00+07:00,0.001178349576598878,0.0009696650391264616,0.0008592135285579699
2021-03-09 00:00:00+07:00,8434.45703125,8896.619140625,8164.8623046875,8896.619140625,435886,0.08583147054055544,0.002657098500062756,2021-03-09 00:00:00+07:00,0.002657098500062756,0.0013704258772229464,0.000853463379944188
2021-03-10 00:00:00+07:00,8858.10546875,8896.619140625,8588.5107421875,8588.5107421875,158295,0.03524598287035769,0.00044805754944209574,2021-03-10 00:00:00+07:00,0.00044805754944209574,0.001355326445655098,0.0007649790792720415
2021-03-11 00:00:00+07:00,8665.5380859375,8819.591796875,8588.5107421875,8704.0517578125,114219,0.026550237555966014,0.00025424438490421916,2021-03-11 00:00:00+07:00,0.00025424438490421916,0.0009705758052558395,0.0007765356422222331
2021-03-12 00:00:00+07:00,8704.0517578125,9089.1865234375,8704.0517578125,8704.0517578125,202889,0.04329677627802158,0.0006761229391983838,2021-03-12 00:00:00+07:00,0.0006761229391983838,0.0010427745900412665,0.0008072685030948869
2021-03-15 00:00:00+07:00,8896.619140625,9281.75390625,8742.5654296875,9281.75390625,357056,0.05984685343756128,0.0012918056824106165,2021-03-15 00:00:00+07:00,0.0012918056824106165,0.0010654658112036143,0.0008659869432044605
2021-03-16 00:00:00+07:00,9474.3212890625,9782.4296875,9166.2138671875,9628.3759765625,452659,0.06506356901917767,0.001526828692462377,2021-03-16 00:00:00+07:00,0.001526828692462377,0.0008394118496835385,0.0009353882474072958
2021-03-17 00:00:00+07:00,9397.294921875,9782.4296875,9397.294921875,9628.3759765625,249094,0.04016601390435702,0.0005818781054774406,2021-03-17 00:00:00+07:00,0.0005818781054774406,0.0008661759608906073,0.0009618372522017249
2021-03-18 00:00:00+07:00,9551.3486328125,9820.943359375,9474.3212890625,9589.8623046875,230931,0.03593206622028871,0.00046567071866909,2021-03-18 00:00:00+07:00,0.00046567071866909,0.0009084612276435816,0.00098300410305032
2021-03-22 00:00:00+07:00,10360.1318359375,10591.212890625,10206.078125,10437.1591796875,293429,0.0370412473243187,0.0004948638766131029,2021-03-22 00:00:00+07:00,0.0004948638766131029,0.0008722094151265254,0.0009345174020243312
2021-03-23 00:00:00+07:00,10360.1318359375,10514.1865234375,9743.916015625,10244.591796875,305451,0.07608235087853088,0.0020877687587677065,2021-03-23 00:00:00+07:00,0.0020877687587677065,0.0010314020303979433,0.0009911405969316698
2021-03-24 00:00:00+07:00,9782.4296875,10090.537109375,9551.3486328125,9589.8623046875,271034,0.054915702181743326,0.0010876962464442714,2021-03-24 00:00:00+07:00,0.0010876962464442714,0.0009435755411943223,0.001008817666193147
2021-03-25 00:00:00+07:00,9628.3759765625,9666.888671875,9089.1865234375,9512.8349609375,301517,0.0616210942968992,0.0013695357093135266,2021-03-25 00:00:00+07:00,0.0013695357093135266,0.0011011070619615395,0.001039614103424147
2021-03-26 00:00:00+07:00,9166.2138671875,9474.3212890625,8858.10546875,9397.294921875,264790,0.0672522046016316,0.0016312765710617245,2021-03-26 00:00:00+07:00,0.0016312765710617245,0.0013342282324400666,0.0010320074386780207
2021-03-29 00:00:00+07:00,9474.3212890625,9628.3759765625,8819.591796875,9474.3212890625,168771,0.08773898207262035,0.002776513124139383,2021-03-29 00:00:00+07:00,0.002776513124139383,0.0017905580819453225,0.0011582125806843563
2021-03-30 00:00:00+07:00,9551.3486328125,9551.3486328125,9127.7001953125,9243.240234375,110571,0.045368595107494254,0.0007423781989436165,2021-03-30 00:00:00+07:00,0.0007423781989436165,0.0015214799699805042,0.0011281823514605657
2021-03-31 00:00:00+07:00,9551.3486328125,9551.3486328125,9204.7265625,9204.7265625,133251,0.036965253697216593,0.0004928354392914581,2021-03-31 00:00:00+07:00,0.0004928354392914581,0.0014025078085499417,0.0011107846099560595
2021-04-01 00:00:00+07:00,9320.267578125,9589.8623046875,9320.267578125,9397.294921875,123969,0.028515192189448837,0.00029326967215835174,2021-04-01 00:00:00+07:00,0.00029326967215835174,0.0011872546011189066,0.0010784622438632923
2021-04-02 00:00:00+07:00,9589.8623046875,9936.4833984375,9474.3212890625,9936.4833984375,191569,0.047628058577595535,0.0008181638862176297,2021-04-02 00:00:00+07:00,0.0008181638862176297,0.0010246320641500877,0.001085956315528624
2021-04-05 00:00:00+07:00,10013.5107421875,10206.078125,9705.40234375,10090.537109375,191192,0.050300764294400245,0.000912564805701462,2021-04-05 00:00:00+07:00,0.000912564805701462,0.0006518424004625036,0.0011036385927295385
2021-04-06 00:00:00+07:00,10013.5107421875,10013.5107421875,9628.3759765625,9974.9970703125,168733,0.03922068584642525,0.0005548108112556004,2021-04-06 00:00:00+07:00,0.0005548108112556004,0.0006143289229249004,0.00102985737565477
2021-04-07 00:00:00+07:00,9705.40234375,9897.9697265625,9628.3759765625,9897.9697265625,122061,0.027615088497299687,0.000275047325482031,2021-04-07 00:00:00+07:00,0.000275047325482031,0.0005707713001630149,0.001028035480664351
2021-04-08 00:00:00+07:00,9859.4560546875,10013.5107421875,9743.916015625,10013.5107421875,194646,0.02729216348898326,0.0002686522461606454,2021-04-08 00:00:00+07:00,0.0002686522461606454,0.0005658478149634736,0.0009866856020080677
2021-04-09 00:00:00+07:00,10013.5107421875,10437.1591796875,9897.9697265625,10321.6181640625,246121,0.05304277821657476,0.0010147687243926599,2021-04-09 00:00:00+07:00,0.0010147687243926599,0.0006051687825984798,0.0009120342485685179
2021-04-12 00:00:00+07:00,10360.1318359375,10398.6455078125,10129.05078125,10167.564453125,217897,0.026267947888427328,0.00024886672903716016,2021-04-12 00:00:00+07:00,0.00024886672903716016,0.0004724291672656194,0.0009029801203682933
2021-04-13 00:00:00+07:00,10167.564453125,10321.6181640625,9705.40234375,9820.943359375,182598,0.0615578734760514,0.0013667269712589695,2021-04-13 00:00:00+07:00,0.0013667269712589695,0.0006348123992662932,0.0009535475106571458
2021-04-14 00:00:00+07:00,9512.8349609375,9743.916015625,9397.294921875,9589.8623046875,188907,0.036221218251911665,0.000473195552275335,2021-04-14 00:00:00+07:00,0.000473195552275335,0.000674442044624954,0.00094432353852428
2021-04-15 00:00:00+07:00,9666.888671875,9666.888671875,9089.1865234375,9166.2138671875,278811,0.0616210942968992,0.0013695357093135266,2021-04-15 00:00:00+07:00,0.0013695357093135266,0.0008946187372555302,0.0009478567215653213
2021-04-16 00:00:00+07:00,9012.1591796875,9166.2138671875,8549.9970703125,9089.1865234375,324652,0.06959337818245857,0.0017468289645693235,2021-04-16 00:00:00+07:00,0.0017468289645693235,0.001041030785290863,0.0009578567339338189
2021-04-19 00:00:00+07:00,9089.1865234375,9397.294921875,8935.1328125,9358.78125,125384,0.050430860793756346,0.0009172913746632782,2021-04-19 00:00:00+07:00,0.0009172913746632782,0.0011747157144160866,0.0009731027916240843
2021-04-20 00:00:00+07:00,9358.78125,9358.78125,8781.078125,8935.1328125,151284,0.06371588028959649,0.0014642320977914932,2021-04-20 00:00:00+07:00,0.0014642320977914932,0.0011942167397225912,0.001018491945220557
2021-04-21 00:00:00+07:00,8935.1328125,8935.1328125,8935.1328125,8935.1328125,0,0.0,0.0,2021-04-21 00:00:00+07:00,0.0,0.0010995776292675242,0.0009959981326472342
2021-04-22 00:00:00+07:00,8472.970703125,8858.10546875,8318.916015625,8318.916015625,236592,0.0628009522784182,0.00142248274164879,2021-04-22 00:00:00+07:00,0.00142248274164879,0.001110167035734577,0.000965757859141829
2021-04-23 00:00:00+07:00,7818.24072265625,8395.943359375,7818.24072265625,8395.943359375,152621,0.07128909807163833,0.0018329929221389046,2021-04-23 00:00:00+07:00,0.0018329929221389046,0.0011273998272484933,0.000999634980764312
2021-04-26 00:00:00+07:00,8241.8896484375,8395.943359375,7818.24072265625,7818.24072265625,129149,0.07128909807163833,0.0018329929221389046,2021-04-26 00:00:00+07:00,0.0018329929221389046,0.0013105401367436184,0.0010207012177109202
2021-04-27 00:00:00+07:00,7856.75439453125,7856.75439453125,7317.5654296875,7818.24072265625,130408,0.0710959131792728,0.0018230720013574224,2021-04-27 00:00:00+07:00,0.0018230720013574224,0.0013823081174568043,0.0010294191918152702
2021-04-29 00:00:00+07:00,8627.0244140625,8627.0244140625,8318.916015625,8357.4296875,106326,0.03636769028860751,0.00047703032415843965,2021-04-29 00:00:00+07:00,0.00047703032415843965,0.0014777141822884922,0.000924897246361591
2021-04-30 00:00:00+07:00,8357.4296875,8357.4296875,8357.4296875,8357.4296875,0,0.0,0.0,2021-04-30 00:00:00+07:00,0.0,0.0011932176339587341,0.0008911527827732448
2021-05-03 00:00:00+07:00,8357.4296875,8357.4296875,8357.4296875,8357.4296875,0,0.0,0.0,2021-05-03 00:00:00+07:00,0.0,0.0008266190495309532,0.0008687511718963603
2021-05-04 00:00:00+07:00,7972.294921875,8318.916015625,7856.75439453125,8087.83544921875,132330,0.05715836550264598,0.001178349576598878,2021-05-04 00:00:00+07:00,0.001178349576598878,0.000695690380422948,0.0009089820766436569
2021-05-05 00:00:00+07:00,7933.78125,8627.0244140625,7895.26806640625,8434.45703125,139249,0.0886360489726468,0.0028335789994611412,2021-05-05 00:00:00+07:00,0.0028335789994611412,0.0008977917800436919,0.0010005918545183622
2021-05-06 00:00:00+07:00,8472.970703125,8472.970703125,8010.80859375,8010.80859375,131434,0.05608947551690593,0.0011346902043301006,2021-05-06 00:00:00+07:00,0.0011346902043301006,0.001029323756078024,0.0010106884635469366
2021-05-07 00:00:00+07:00,8049.32177734375,8280.4033203125,7779.7275390625,8010.80859375,130720,0.062370360502527346,0.0014030432418670135,2021-05-07 00:00:00+07:00,0.0014030432418670135,0.0013099324044514268,0.0010492444831201825
2021-05-10 00:00:00+07:00,7933.78125,8434.45703125,7779.7275390625,8280.4033203125,200968,0.08080402611030867,0.002354943805138501,2021-05-10 00:00:00+07:00,0.002354943805138501,0.001780921165479127,0.0011437852321954766
2021-05-11 00:00:00+07:00,8010.80859375,8357.4296875,7933.78125,8203.3759765625,176678,0.05202117567517967,0.0009760563104511773,2021-05-11 00:00:00+07:00,0.0009760563104511773,0.0017404625122495868,0.0011759399623905008
2021-05-12 00:00:00+07:00,8049.32177734375,8318.916015625,8049.32177734375,8280.4033203125,88034,0.03294412314206031,0.00039144473209949546,2021-05-12 00:00:00+07:00,0.00039144473209949546,0.0012520356587772577,0.0011476070536499024
2021-05-13 00:00:00+07:00,8241.8896484375,8549.9970703125,8164.8623046875,8280.4033203125,106715,0.046091078107035055,0.0007662108209661408,2021-05-13 00:00:00+07:00,0.0007662108209661408,0.0011783397821044656,0.001171122694192129
2021-05-14 00:00:00+07:00,8434.45703125,8472.970703125,8010.80859375,8241.8896484375,69754,0.05608947551690593,0.0011346902043301006,2021-05-14 00:00:00+07:00,0.0011346902043301006,0.001124669174597083,0.001160575568422635
2021-05-17 00:00:00+07:00,8241.8896484375,8241.8896484375,7895.26806640625,7895.26806640625,119854,0.04296604281930845,0.0006658329166322682,2021-05-17 00:00:00+07:00,0.0006658329166322682,0.0007868469968958364,0.001169331812257041
2021-05-18 00:00:00+07:00,7895.26806640625,8010.80859375,7556.34912109375,7702.7001953125,147000,0.058403550961523526,0.0012302490944851665,2021-05-18 00:00:00+07:00,0.0012302490944851665,0.0008376855537026342,0.0011630006024921154
2021-05-19 00:00:00+07:00,7625.67333984375,7702.7001953125,7171.2138671875,7702.7001953125,349500,0.07149600374774198,0.0018436483243601189,2021-05-19 00:00:00+07:00,0.0018436483243601189,0.001128126272154759,0.0011674014824826062
2021-05-20 00:00:00+07:00,7510.1328125,7694.99755859375,7317.5654296875,7540.94384765625,87255,0.05029276893939423,0.0009122747226454854,2021-05-20 00:00:00+07:00,0.0009122747226454854,0.001157339052490628,0.0011671734528454338
2021-05-21 00:00:00+07:00,7394.59228515625,8049.32177734375,7309.86279296875,7972.294921875,201344,0.09636333280567326,0.003349177551986693,2021-05-21 00:00:00+07:00,0.003349177551986693,0.0016002365220219466,0.0012528527916724882
2021-05-24 00:00:00+07:00,7972.294921875,8087.83544921875,7818.24072265625,7972.294921875,103340,0.03390157873912773,0.00041452849886687283,2021-05-24 00:00:00+07:00,0.00041452849886687283,0.0015499756384688673,0.001271694996166437
2021-05-25 00:00:00+07:00,7972.294921875,8087.83544921875,7856.75439453125,7972.294921875,121632,0.028987542200220182,0.0003030660826358495,2021-05-25 00:00:00+07:00,0.0003030660826358495,0.001364539036099004,0.0012208124207567577
2021-05-26 00:00:00+07:00,7933.78125,7972.294921875,7702.7001953125,7741.2138671875,134472,0.03440145427860158,0.00042684298864444623,2021-05-26 00:00:00+07:00,0.00042684298864444623,0.0010811779689558693,0.0011568965146888282
2021-05-27 00:00:00+07:00,7625.67333984375,7702.7001953125,7471.61962890625,7625.67333984375,105235,0.030459148668393013,0.00033461859314417013,2021-05-27 00:00:00+07:00,0.00033461859314417013,0.0009656467430556063,0.0010887885906436128
2021-05-28 00:00:00+07:00,7625.67333984375,7664.18701171875,7433.10595703125,7664.18701171875,112402,0.03061464110122039,0.0003380437358914844,2021-05-28 00:00:00+07:00,0.0003380437358914844,0.00036341997983656467,0.0010212873058497065
2021-05-31 00:00:00+07:00,7540.94384765625,7702.7001953125,7440.80859375,7587.15966796875,86515,0.034591417208349885,0.00043157001068499704,2021-05-31 00:00:00+07:00,0.00043157001068499704,0.00036682828220018946,0.00101922092796455
2021-06-01 00:00:00+07:00,7394.59228515625,7548.646484375,7379.18701171875,7394.59228515625,128071,0.022704802066295354,0.0001859302220825622,2021-06-01 00:00:00+07:00,0.0001859302220825622,0.000343401110089532,0.0010276723016955755
2021-06-02 00:00:00+07:00,7332.970703125,7587.15966796875,7294.45751953125,7448.51123046875,100367,0.039342485192783716,0.000558262077865635,2021-06-02 00:00:00+07:00,0.000558262077865635,0.00036968492793376976,0.001053047850689468
2021-06-03 00:00:00+07:00,7448.51123046875,7933.78125,7440.80859375,7895.26806640625,190154,0.06415022560435264,0.0014842632129603835,2021-06-03 00:00:00+07:00,0.0014842632129603835,0.0005996138518970125,0.0010669530159786273
2021-06-04 00:00:00+07:00,7972.294921875,8241.8896484375,7933.78125,8087.83544921875,188375,0.03809989339727593,0.0005235547072813389,2021-06-04 00:00:00+07:00,0.0005235547072813389,0.0006367160461749833,0.0009619519117886364
2021-06-07 00:00:00+07:00,8241.8896484375,8318.916015625,7856.75439453125,8010.80859375,1204772,0.05715836550264598,0.001178349576598878,2021-06-07 00:00:00+07:00,0.001178349576598878,0.0007860719593577595,0.0009639364287099445
2021-06-08 00:00:00+07:00,8010.80859375,8010.80859375,8010.80859375,8010.80859375,0,0.0,0.0,2021-06-08 00:00:00+07:00,0.0,0.000748885914941247,0.0009001617358978076
2021-06-09 00:00:00+07:00,7856.75439453125,7856.75439453125,7471.61962890625,7610.26806640625,1124540,0.05026180082375657,0.0009111515897699378,2021-06-09 00:00:00+07:00,0.0009111515897699378,0.0008194638173221077,0.0008345348170174183
2021-06-10 00:00:00+07:00,7625.67333984375,7694.99755859375,7471.61962890625,7540.94384765625,1970997,0.029458656583878137,0.00031299717868931587,2021-06-10 00:00:00+07:00,0.00031299717868931587,0.0005852106104678941,0.0008043957655736973
2021-06-11 00:00:00+07:00,7540.94384765625,7856.75439453125,7510.1328125,7648.78173828125,787775,0.04512044388557155,0.000734279282066179,2021-06-11 00:00:00+07:00,0.000734279282066179,0.0006273555254248622,0.0008199791542085465
2021-06-14 00:00:00+07:00,7818.24072265625,7818.24072265625,7587.15966796875,7648.78173828125,774663,0.030002256644317403,0.00032465522078021407,2021-06-14 00:00:00+07:00,0.00032465522078021407,0.00045661665426112934,0.0007999084451091863
2021-06-15 00:00:00+07:00,7694.99755859375,7702.7001953125,7510.1328125,7648.78173828125,1662014,0.025317791730208056,0.00023118848206825997,2021-06-15 00:00:00+07:00,0.00023118848206825997,0.0005028543506747814,0.0007588401850063751
2021-06-16 00:00:00+07:00,7633.3759765625,7895.26806640625,7564.0517578125,7702.7001953125,1010295,0.04285660765366532,0.0006624454629161415,2021-06-16 00:00:00+07:00,0.0006624454629161415,0.00045311312530402215,0.0007586862098374604
2021-06-17 00:00:00+07:00,7702.7001953125,8087.83544921875,7625.67333984375,8049.32177734375,2005919,0.05884051099971579,0.0012487267610000231,2021-06-17 00:00:00+07:00,0.0012487267610000231,0.0006402590417661636,0.000759526103769954
2021-06-18 00:00:00+07:00,8164.8623046875,8318.916015625,8010.80859375,8049.32177734375,1342905,0.03774025574248345,0.0005137173400739511,2021-06-18 00:00:00+07:00,0.0005137173400739511,0.0005961466533677179,0.0006990746953933099
2021-06-21 00:00:00+07:00,8049.32177734375,8318.916015625,7895.26806640625,8126.34912109375,2036558,0.052268358684039375,0.000985353975369422,2021-06-21 00:00:00+07:00,0.000985353975369422,0.0007282864042855595,0.0007023964796080344
2021-06-22 00:00:00+07:00,8280.4033203125,8665.5380859375,8203.3759765625,8665.5380859375,3803730,0.054808246018513224,0.0010834437172489088,2021-06-22 00:00:00+07:00,0.0010834437172489088,0.0008987374513216892,0.0005994085780290441
2021-06-23 00:00:00+07:00,8935.1328125,9012.1591796875,8357.4296875,8395.943359375,2576239,0.07542375932045503,0.0020517804982754123,2021-06-23 00:00:00+07:00,0.0020517804982754123,0.0011766044583935435,0.000673829123456705
2021-06-24 00:00:00+07:00,8395.943359375,8627.0244140625,8049.32177734375,8049.32177734375,1440403,0.0693118134306677,0.0017327227231764715,2021-06-24 00:00:00+07:00,0.0017327227231764715,0.0012734036508288333,0.0007388135162085515
2021-06-25 00:00:00+07:00,8010.80859375,8395.943359375,7856.75439453125,8357.4296875,2099393,0.06637506153273075,0.0015890019165607713,2021-06-25 00:00:00+07:00,0.0015890019165607713,0.0014884605661261972,0.0007916389220229299
2021-06-28 00:00:00+07:00,8549.9970703125,8549.9970703125,8164.8623046875,8280.4033203125,1447154,0.046091078107035055,0.0007662108209661408,2021-06-28 00:00:00+07:00,0.0007662108209661408,0.001444631935245541,0.0008112567505602921
2021-06-29 00:00:00+07:00,8357.4296875,8434.45703125,8010.80859375,8164.8623046875,1155958,0.05153363898225049,0.0009578470565975467,2021-06-29 00:00:00+07:00,0.0009578470565975467,0.0014195126031152686,0.0008394296287742041
2021-06-30 00:00:00+07:00,8164.8623046875,8164.8623046875,8010.80859375,8049.32177734375,604722,0.019048158169000587,0.0001308641006583035,2021-06-30 00:00:00+07:00,0.0001308641006583035,0.0010353293235918469,0.0008257611783184453
2021-07-01 00:00:00+07:00,8087.83544921875,8395.943359375,8049.32177734375,8318.916015625,1734067,0.04216081917214496,0.000641110114532371,2021-07-01 00:00:00+07:00,0.000641110114532371,0.0008170068018630266,0.0008464511734298003
2021-07-02 00:00:00+07:00,8395.943359375,8395.943359375,8049.32177734375,8087.83544921875,1665909,0.04216081917214496,0.000641110114532371,2021-07-02 00:00:00+07:00,0.000641110114532371,0.0006274284414573466,0.0008502169932782883
2021-07-05 00:00:00+07:00,8087.83544921875,8087.83544921875,8087.83544921875,8087.83544921875,0,0.0,0.0,2021-07-05 00:00:00+07:00,0.0,0.0004741862772641185,0.0007827504835982708
2021-07-06 00:00:00+07:00,8087.83544921875,8087.83544921875,8087.83544921875,8087.83544921875,0,0.0,0.0,2021-07-06 00:00:00+07:00,0.0,0.0002826168659446091,0.0007589525423582099
2021-07-07 00:00:00+07:00,8087.83544921875,8087.83544921875,8087.83544921875,8087.83544921875,0,0.0,0.0,2021-07-07 00:00:00+07:00,0.0,0.00025644404581294836,0.0007053911979673518
2021-07-08 00:00:00+07:00,8087.83544921875,8087.83544921875,8087.83544921875,8087.83544921875,0,0.0,0.0,2021-07-08 00:00:00+07:00,0.0,0.00012822202290647418,0.0007053911979673518
2021-07-09 00:00:00+07:00,7471.61962890625,7540.94384765625,7132.70068359375,7132.70068359375,1197112,0.055657412709165785,0.0011172762713165603,2021-07-09 00:00:00+07:00,0.0011172762713165603,0.00022345525426331207,0.0007147605016740166
2021-07-12 00:00:00+07:00,7132.70068359375,7132.70068359375,7132.70068359375,7132.70068359375,0,0.0,0.0,2021-07-12 00:00:00+07:00,0.0,0.00022345525426331207,0.0007005333571881386
2021-07-13 00:00:00+07:00,6932.43017578125,6932.43017578125,6408.64697265625,6662.8359375,1676814,0.07856225850265636,0.0022260887132413386,2021-07-13 00:00:00+07:00,0.0022260887132413386,0.0006686729969115798,0.0007683428767870094
2021-07-14 00:00:00+07:00,6662.8359375,6662.8359375,6662.8359375,6662.8359375,0,0.0,0.0,2021-07-14 00:00:00+07:00,0.0,0.0006686729969115798,0.0007535858212969998
2021-07-15 00:00:00+07:00,6547.29541015625,6847.70068359375,6416.349609375,6770.673828125,716112,0.06506356997791164,0.0015268287374590641,2021-07-15 00:00:00+07:00,0.0015268287374590641,0.0009740387444033925,0.0008124785601783999
2021-07-16 00:00:00+07:00,6770.673828125,6770.673828125,6770.673828125,6770.673828125,0,0.0,0.0,2021-07-16 00:00:00+07:00,0.0,0.0007505834901400806,0.0007823674027731208
2021-07-19 00:00:00+07:00,6470.2685546875,6662.8359375,6308.51171875,6308.51171875,1317070,0.05464542236296825,0.0010770159170289458,2021-07-19 00:00:00+07:00,0.0010770159170289458,0.0009659866735458697,0.0007745623644107992
2021-07-21 00:00:00+07:00,6747.5654296875,6747.5654296875,6524.18701171875,6739.86279296875,712477,0.033665413200611616,0.00040877322946489963,2021-07-21 00:00:00+07:00,0.00040877322946489963,0.0006025235767905819,0.0007697921775649332
2021-07-22 00:00:00+07:00,6470.2685546875,6847.70068359375,6470.2685546875,6701.34912109375,1231516,0.05669531396576676,0.0011593348122256701,2021-07-22 00:00:00+07:00,0.0011593348122256701,0.0008343905392357159,0.0007777003974220354
2021-07-23 00:00:00+07:00,6670.53857421875,6739.86279296875,6562.70068359375,6562.70068359375,654445,0.02663735978339301,0.0002559156828917374,2021-07-23 00:00:00+07:00,0.0002559156828917374,0.0005802079283222506,0.0007400854867694365
2021-07-26 00:00:00+07:00,6339.322265625,6547.29541015625,6339.322265625,6470.2685546875,834252,0.03228018532582585,0.0003758257964159556,2021-07-26 00:00:00+07:00,0.0003758257964159556,0.0006553730876054417,0.0006639057275940068
2021-07-27 00:00:00+07:00,6400.94384765625,6570.4033203125,6400.94384765625,6470.2685546875,533189,0.02612976309939083,0.00024625524664138745,2021-07-27 00:00:00+07:00,0.00024625524664138745,0.0004892209535279301,0.0005963390241151392
2021-07-28 00:00:00+07:00,6431.7548828125,6547.29541015625,6416.349609375,6470.2685546875,406610,0.02020269057562062,0.00014720852870113218,2021-07-28 00:00:00+07:00,0.00014720852870113218,0.0004369080133751766,0.0005308029610306102
2021-07-29 00:00:00+07:00,6547.29541015625,6624.322265625,6470.2685546875,6616.61962890625,476715,0.02353045177996577,0.00019969862696477144,2021-07-29 00:00:00+07:00,0.00019969862696477144,0.0002449807763229968,0.0005050524067578207
2021-07-30 00:00:00+07:00,6632.02490234375,6716.7548828125,6608.9169921875,6655.13330078125,619652,0.016185336960654793,9.448394939669046e-05,2021-07-30 00:00:00+07:00,9.448394939669046e-05,0.0002126944296239874,0.0004658086291577818
2021-08-02 00:00:00+07:00,6554.998046875,6893.9169921875,6554.998046875,6701.34912109375,2061354,0.05041160817830927,0.0009165911333111152,2021-08-02 00:00:00+07:00,0.0009165911333111152,0.00032084749700301933,0.0005015234942783641
2021-08-03 00:00:00+07:00,6739.86279296875,6886.21435546875,6693.646484375,6739.86279296875,748698,0.02836270302722536,0.000290141453926396,2021-08-03 00:00:00+07:00,0.000290141453926396,0.00032962473846002104,0.00048557037334172884
2021-08-04 00:00:00+07:00,6739.86279296875,6739.86279296875,6739.86279296875,6739.86279296875,0,0.0,0.0,2021-08-04 00:00:00+07:00,0.0,0.00030018303271979463,0.0004564290044993484
2021-08-05 00:00:00+07:00,6778.37646484375,7063.37646484375,6739.86279296875,6970.94384765625,872291,0.0468836223987462,0.0007927876325820678,2021-08-05 00:00:00+07:00,0.0007927876325820678,0.0004188008338432539,0.0004924648059803515
2021-08-06 00:00:00+07:00,6932.43017578125,7248.2412109375,6932.43017578125,7155.80859375,1259817,0.04454842139594162,0.0007157793844256857,2021-08-06 00:00:00+07:00,0.0007157793844256857,0.0005430599208490529,0.0005250002325451554
2021-08-09 00:00:00+07:00,7124.998046875,7548.646484375,7117.29541015625,7548.646484375,1727446,0.058840478461397214,0.0012487253799291506,2021-08-09 00:00:00+07:00,0.0012487253799291506,0.00060948677017266,0.0005817604770873894
2021-08-10 00:00:00+07:00,7548.646484375,7548.646484375,7548.646484375,7548.646484375,0,0.0,0.0,2021-08-10 00:00:00+07:00,0.0,0.0005514584793873808,0.0005817604770873894
2021-08-11 00:00:00+07:00,7548.646484375,7818.24072265625,7394.59228515625,7625.67333984375,2375400,0.05571059693026968,0.0011194125495178869,2021-08-11 00:00:00+07:00,0.0011194125495178869,0.0007753409892909582,0.0005818575806419953
2021-08-12 00:00:00+07:00,7548.646484375,7933.78125,7548.646484375,7818.24072265625,1374323,0.04976147690275563,0.0008931020182261757,2021-08-12 00:00:00+07:00,0.0008931020182261757,0.0007954038664197798,0.0006224531269250032
2021-08-13 00:00:00+07:00,7702.7001953125,7856.75439453125,7548.646484375,7818.24072265625,861126,0.040005320662116636,0.0005772315484230578,2021-08-13 00:00:00+07:00,0.0005772315484230578,0.0007676942992192543,0.0005475050739787178
2021-08-16 00:00:00+07:00,7856.75439453125,8357.4296875,7856.75439453125,8318.916015625,3569916,0.061777331915818724,0.0013764893105221174,2021-08-16 00:00:00+07:00,0.0013764893105221174,0.0007932470853378476,0.0006100727699115412
2021-08-17 00:00:00+07:00,8318.916015625,8318.916015625,8318.916015625,8318.916015625,0,0.0,0.0,2021-08-17 00:00:00+07:00,0.0,0.0007932470853378476,0.0005406714636634019
2021-08-18 00:00:00+07:00,7972.294921875,8164.8623046875,7779.7275390625,8049.32177734375,1352512,0.04831854529705858,0.0008420584708062561,2021-08-18 00:00:00+07:00,0.0008420584708062561,0.0007377762695955214,0.0005789468487000499
2021-08-19 00:00:00+07:00,7972.294921875,8395.943359375,7818.24072265625,8318.916015625,1843639,0.07128909807163833,0.0018329929221389046,2021-08-19 00:00:00+07:00,0.0018329929221389046,0.0009257544503780671,0.0006133094398414117
2021-08-20 00:00:00+07:00,8318.916015625,8395.943359375,7741.2138671875,7741.2138671875,2444077,0.08119015010061573,0.002377503890312092,2021-08-20 00:00:00+07:00,0.002377503890312092,0.001285808918755874,0.0007027971971526477
2021-08-23 00:00:00+07:00,7325.26806640625,7741.2138671875,7317.5654296875,7394.59228515625,2044088,0.05628082461138774,0.0011424453953556301,2021-08-23 00:00:00+07:00,0.0011424453953556301,0.0012390001357225765,0.0007020294963858277
2021-08-24 00:00:00+07:00,7471.61962890625,7471.61962890625,7240.53857421875,7394.59228515625,1052358,0.03141620109997705,0.0003559769552683201,2021-08-24 00:00:00+07:00,0.0003559769552683201,0.0013101955267762404,0.0007065777360393088
2021-08-25 00:00:00+07:00,7394.59228515625,7463.91650390625,7163.51123046875,7433.10595703125,607579,0.041080020889803934,0.0006086615381395114,2021-08-25 00:00:00+07:00,0.0006086615381395114,0.0012635161402428916,0.0007171611788449249
2021-08-26 00:00:00+07:00,7433.10595703125,7510.1328125,7317.5654296875,7402.294921875,652887,0.025975469293701,0.0002433556046794204,2021-08-26 00:00:00+07:00,0.0002433556046794204,0.0009455886767509948,0.0007170293769375628
2021-08-27 00:00:00+07:00,7325.26806640625,7741.2138671875,7286.75439453125,7702.7001953125,847884,0.060500272177548726,0.0013201680091234696,2021-08-27 00:00:00+07:00,0.0013201680091234696,0.0007341215005132703,0.00077034571695676
2021-08-30 00:00:00+07:00,7895.26806640625,8087.83544921875,7779.7275390625,8010.80859375,1415347,0.038839819568115885,0.0005440877588455168,2021-08-30 00:00:00+07:00,0.0005440877588455168,0.0006144499732112477,0.0007859997684058847
2021-08-31 00:00:00+07:00,7972.294921875,8318.916015625,7895.26806640625,8087.83544921875,1416775,0.052268358684039375,0.000985353975369422,2021-08-31 00:00:00+07:00,0.000985353975369422,0.0007403253772314681,0.0008264938604955543
2021-09-01 00:00:00+07:00,8087.83544921875,8627.0244140625,8049.32177734375,8627.0244140625,6905500,0.0693118134306677,0.0017327227231764715,2021-09-01 00:00:00+07:00,0.0017327227231764715,0.0009651376142388601,0.0008635907509439797
2021-09-02 00:00:00+07:00,8627.0244140625,8627.0244140625,8627.0244140625,8627.0244140625,0,0.0,0.0,2021-09-02 00:00:00+07:00,0.0,0.000916466493302976,0.0008504025030382344
2021-09-03 00:00:00+07:00,8627.0244140625,8627.0244140625,8627.0244140625,8627.0244140625,0,0.0,0.0,2021-09-03 00:00:00+07:00,0.0,0.000652432891478282,0.0008504025030382344
2021-09-06 00:00:00+07:00,9166.2138671875,9204.7265625,8704.0517578125,8704.0517578125,3731808,0.055928472384873265,0.0011281853663383018,2021-09-06 00:00:00+07:00,0.0011281853663383018,0.000769252412976839,0.0008656478545726087
2021-09-07 00:00:00+07:00,8858.10546875,9089.1865234375,8588.5107421875,9012.1591796875,3712464,0.056660062955519765,0.0011578935989936636,2021-09-07 00:00:00+07:00,0.0011578935989936636,0.0008037603377016873,0.0008857439552347894
2021-09-08 00:00:00+07:00,9012.1591796875,9012.1591796875,9012.1591796875,9012.1591796875,0,0.0,0.0,2021-09-08 00:00:00+07:00,0.0,0.000457215793066393,0.0008289837106925553
2021-09-09 00:00:00+07:00,8472.970703125,8819.591796875,8472.970703125,8665.5380859375,1737961,0.04009440787825826,0.0005798052665414802,2021-09-09 00:00:00+07:00,0.0005798052665414802,0.0005731768463746891,0.0008553384955353499
2021-09-10 00:00:00+07:00,8665.5380859375,8781.078125,8472.970703125,8472.970703125,1690705,0.03571801385275788,0.00046013911235821256,2021-09-10 00:00:00+07:00,0.00046013911235821256,0.0006652046688463317,0.0008253715211190011
2021-09-13 00:00:00+07:00,8434.45703125,8742.5654296875,8241.8896484375,8627.0244140625,2555467,0.05897403012407848,0.0012544003375538992,2021-09-13 00:00:00+07:00,0.0012544003375538992,0.0006904476630894511,0.000841794171997534
2021-09-14 00:00:00+07:00,8665.5380859375,8935.1328125,8357.4296875,8357.4296875,3129421,0.06684008662390237,0.0016113450740294836,2021-09-14 00:00:00+07:00,0.0016113450740294836,0.0007811379580966151,0.0008887993322523716
2021-09-15 00:00:00+07:00,8318.916015625,8704.0517578125,8318.916015625,8588.5107421875,1564516,0.04525667677421265,0.0007387200186658004,2021-09-15 00:00:00+07:00,0.0007387200186658004,0.0009288819618297752,0.0008598098189861753
2021-09-16 00:00:00+07:00,8781.078125,8858.10546875,8549.9970703125,8665.5380859375,2175990,0.035401971744866145,0.0004520322806520858,2021-09-16 00:00:00+07:00,0.0004520322806520858,0.0009033273646518963,0.0008803567408339974
2021-09-17 00:00:00+07:00,8627.0244140625,9243.240234375,8627.0244140625,9243.240234375,3842808,0.06899284884733757,0.0017168118566919244,2021-09-17 00:00:00+07:00,0.0017168118566919244,0.0011546619135186387,0.0009201182583742552
2021-09-20 00:00:00+07:00,9859.4560546875,9859.4560546875,9474.3212890625,9859.4560546875,5120671,0.03984588358380381,0.0005726397232444408,2021-09-20 00:00:00+07:00,0.0005726397232444408,0.001018309790656747,0.0008628294766063249
2021-09-21 00:00:00+07:00,9859.4560546875,9859.4560546875,9859.4560546875,9859.4560546875,0,0.0,0.0,2021-09-21 00:00:00+07:00,0.0,0.0006960407758508503,0.0007547611179557751
2021-09-22 00:00:00+07:00,9859.4560546875,9859.4560546875,9859.4560546875,9859.4560546875,0,0.0,0.0,2021-09-22 00:00:00+07:00,0.0,0.0005482967721176902,0.0007028317818032465
2021-09-24 00:00:00+07:00,10398.6455078125,11284.4560546875,10398.6455078125,11284.4560546875,608526847,0.08175065033921301,0.002410443632435107,2021-09-24 00:00:00+07:00,0.002410443632435107,0.0009399790424742943,0.0007962166307653732
2021-09-27 00:00:00+07:00,12054.7265625,12054.7265625,11477.0234375,12054.7265625,7198903,0.04910975405481356,0.0008698614129022274,2021-09-27 00:00:00+07:00,0.0008698614129022274,0.000770588953716355,0.0008080893523454966
2021-09-28 00:00:00+07:00,11939.185546875,12670.9423828125,11592.564453125,12324.3203125,4990457,0.08894747347005051,0.0028535256503222253,2021-09-28 00:00:00+07:00,0.0028535256503222253,0.001226766139131912,0.0009267334453292605
2021-09-29 00:00:00+07:00,12016.212890625,12670.9423828125,11477.0234375,12131.7529296875,4458046,0.09896429581253473,0.0035324142261384675,2021-09-29 00:00:00+07:00,0.0035324142261384675,0.0019332489843596056,0.001027290091557215
2021-09-30 00:00:00+07:00,12131.7529296875,12979.0498046875,11939.185546875,12247.2939453125,3068014,0.08351061054345,0.002515346765064368,2021-09-30 00:00:00+07:00,0.002515346765064368,0.002436318337372479,0.001116892773658072
2021-10-01 00:00:00+07:00,12170.2666015625,12555.4013671875,11823.6455078125,12016.212890625,3672478,0.060049577787852366,0.0013005721921808637,2021-10-01 00:00:00+07:00,0.0013005721921808637,0.0022143440493216306,0.0011312208744222285
2021-10-05 00:00:00+07:00,12940.537109375,13556.7529296875,12786.482421875,13556.7529296875,7328339,0.05849624226522905,0.0012341572090029016,2021-10-05 00:00:00+07:00,0.0012341572090029016,0.0022872032085417653,0.001108558805596157
2021-10-06 00:00:00+07:00,13556.7529296875,13556.7529296875,13556.7529296875,13556.7529296875,0,0.0,0.0,2021-10-06 00:00:00+07:00,0.0,0.00171649807847732,0.001108558805596157
2021-10-07 00:00:00+07:00,13980.4013671875,14327.0224609375,13479.7255859375,14095.94140625,4168927,0.060960688494223814,0.0013403378264799867,2021-10-07 00:00:00+07:00,0.0013403378264799867,0.001278082798545624,0.001169483252254338
2021-10-08 00:00:00+07:00,14095.94140625,14095.94140625,14095.94140625,14095.94140625,0,0.0,0.0,2021-10-08 00:00:00+07:00,0.0,0.0007750134455327505,0.0011182020992389608
2021-10-11 00:00:00+07:00,14095.94140625,14095.94140625,14095.94140625,14095.94140625,0,0.0,0.0,2021-10-11 00:00:00+07:00,0.0,0.0005148990070965778,0.0010655705720119763
2021-10-12 00:00:00+07:00,15829.0498046875,16637.83203125,15289.8603515625,16406.751953125,4672257,0.08448925374057802,0.002574645832027021,2021-10-12 00:00:00+07:00,0.002574645832027021,0.0007829967317014016,0.0011825999280132044
2021-10-13 00:00:00+07:00,16175.6708984375,17022.96875,15829.0498046875,16291.2109375,2011372,0.07271668796013077,0.0019071406680250254,2021-10-13 00:00:00+07:00,0.0019071406680250254,0.0011644248653064067,0.0012429333553533655
2021-10-14 00:00:00+07:00,16291.2109375,16291.2109375,16291.2109375,16291.2109375,0,0.0,0.0,2021-10-14 00:00:00+07:00,0.0,0.0008963573000104093,0.001222017941155265
2021-10-15 00:00:00+07:00,16560.806640625,16791.88671875,15713.5087890625,16098.6435546875,3136172,0.06637506153273075,0.0015890019165607713,2021-10-15 00:00:00+07:00,0.0015890019165607713,0.0012141576833225635,0.0012372271038373955
2021-10-18 00:00:00+07:00,16098.6435546875,16098.6435546875,16098.6435546875,16098.6435546875,0,0.0,0.0,2021-10-18 00:00:00+07:00,0.0,0.0012141576833225635,0.0011639841459269644
2021-10-19 00:00:00+07:00,16175.6708984375,16483.779296875,15366.8876953125,15366.8876953125,7261479,0.07016177958281826,0.0017754798159358041,2021-10-19 00:00:00+07:00,0.0017754798159358041,0.0010543244801043202,0.001211109591257419
2021-10-20 00:00:00+07:00,14981.751953125,15790.5361328125,14327.0224609375,14327.0224609375,7024289,0.0972633449925778,0.0034120308588368657,2021-10-20 00:00:00+07:00,0.0034120308588368657,0.001355302518266688,0.001345654981174909
2021-10-21 00:00:00+07:00,14596.6171875,15058.779296875,14095.94140625,15058.779296875,2599477,0.06607425068128397,0.0015746318839406968,2021-10-21 00:00:00+07:00,0.0015746318839406968,0.0016702288950548275,0.0013391922551407624
2021-10-22 00:00:00+07:00,15058.779296875,15405.400390625,14635.130859375,14635.130859375,3349734,0.05129326102390914,0.0009489321677473593,2021-10-22 00:00:00+07:00,0.0009489321677473593,0.0015422149452921452,0.0013562964571636224
2021-10-25 00:00:00+07:00,14635.130859375,14635.130859375,14635.130859375,14635.130859375,0,0.0,0.0,2021-10-25 00:00:00+07:00,0.0,0.0015422149452921452,0.0013562964571636224
2021-10-26 00:00:00+07:00,14635.130859375,14635.130859375,14635.130859375,14635.130859375,0,0.0,0.0,2021-10-26 00:00:00+07:00,0.0,0.0011871189821049844,0.0013562964571636224
2021-10-27 00:00:00+07:00,14635.130859375,14635.130859375,14635.130859375,14635.130859375,0,0.0,0.0,2021-10-27 00:00:00+07:00,0.0,0.0005047128103376112,0.0012467308375074813
2021-10-28 00:00:00+07:00,17408.103515625,17408.103515625,17331.076171875,17408.103515625,2164955,0.004434616515226563,7.092946559067564e-06,2021-10-28 00:00:00+07:00,7.092946559067564e-06,0.00019120502286128536,0.0012075140890373374
2021-10-29 00:00:00+07:00,18602.021484375,18602.021484375,17562.15625,18602.021484375,3642229,0.057523882820669725,0.001193468424733775,2021-10-29 00:00:00+07:00,0.001193468424733775,0.0002401122742585685,0.0011320569424196807
2021-11-01 00:00:00+07:00,18602.021484375,18602.021484375,18602.021484375,18602.021484375,0,0.0,0.0,2021-11-01 00:00:00+07:00,0.0,0.0002401122742585685,0.0009714926594133866
2021-11-02 00:00:00+07:00,18563.5078125,19564.859375,18563.5078125,19641.88671875,3887467,0.05253736003827954,0.0009955224075073276,2021-11-02 00:00:00+07:00,0.0009955224075073276,0.00043921675576003396,0.0009024097340698847
2021-11-04 00:00:00+07:00,17022.96875,18101.345703125,16945.94140625,17177.021484375,4156334,0.06595792365111984,0.0015690923278561598,2021-11-04 00:00:00+07:00,0.0015690923278561598,0.000753035221331266,0.0009146151947823981
2021-11-05 00:00:00+07:00,17254.048828125,17947.291015625,17215.53515625,17485.130859375,1937112,0.041627002263041286,0.0006249781309098849,2021-11-05 00:00:00+07:00,0.0006249781309098849,0.0008766122582014296,0.000886925236687261
2021-11-08 00:00:00+07:00,17562.15625,17677.697265625,16522.29296875,16945.94140625,3771664,0.06759324554770109,0.0016478631709866296,2021-11-08 00:00:00+07:00,0.0016478631709866296,0.0009674912074520003,0.0009618281080957442
2021-11-09 00:00:00+07:00,17254.048828125,17870.265625,16637.83203125,17408.103515625,3119425,0.07145905303707506,0.0018417431406236135,2021-11-09 00:00:00+07:00,0.0018417431406236135,0.001335839835576723,0.0009846192587386364
2021-11-10 00:00:00+07:00,17716.2109375,18602.021484375,17485.130859375,18602.021484375,2565853,0.06191940218850274,0.001382827657282082,2021-11-10 00:00:00+07:00,0.001382827657282082,0.0014133008855316737,0.0010474750613423676
2021-11-12 00:00:00+07:00,18794.58984375,18871.615234375,18024.318359375,18486.48046875,3317148,0.045937087668130476,0.0007610995480515439,2021-11-12 00:00:00+07:00,0.0007610995480515439,0.0012517023295707508,0.0010820704953447104
2021-11-15 00:00:00+07:00,19102.697265625,19757.42578125,18486.48046875,19757.42578125,5790047,0.06648973014761894,0.0015944969333684163,2021-11-15 00:00:00+07:00,0.0015944969333684163,0.001445606090062457,0.00103751827267841
2021-11-16 00:00:00+07:00,19757.42578125,20797.291015625,19141.2109375,19603.373046875,5328780,0.08297908719643302,0.0024834296037931276,2021-11-16 00:00:00+07:00,0.0024834296037931276,0.0016127193766237564,0.001063713224304233
2021-11-17 00:00:00+07:00,19410.8046875,19410.8046875,18871.615234375,18871.615234375,2809534,0.02817089996566952,0.0002862305536014246,2021-11-17 00:00:00+07:00,0.0002862305536014246,0.0013016168592193188,0.0010767237040133885
2021-11-19 00:00:00+07:00,18871.615234375,19218.23828125,17562.15625,17562.15625,6069040,0.0901133646873773,0.0029288218732709615,2021-11-19 00:00:00+07:00,0.0029288218732709615,0.0016108157024170948,0.0011376246111365791
2021-11-23 00:00:00+07:00,15482.427734375,16329.724609375,15251.3466796875,15790.5361328125,3355706,0.0683192367286586,0.001683451306624349,2021-11-23 00:00:00+07:00,0.001683451306624349,0.0017952860541316554,0.0012141451250740494
2021-11-25 00:00:00+07:00,14327.0224609375,15790.5361328125,14327.0224609375,15790.5361328125,1448453,0.0972633449925778,0.0034120308588368657,2021-11-25 00:00:00+07:00,0.0034120308588368657,0.0021587928392253456,0.0012885338088422795
2021-11-26 00:00:00+07:00,16868.9140625,16868.9140625,16868.9140625,16868.9140625,780635,0.0,0.0,2021-11-26 00:00:00+07:00,0.0,0.00166210691846672,0.0011334414970769675
2021-11-29 00:00:00+07:00,17985.8046875,18024.318359375,17099.994140625,18024.318359375,2942474,0.052643745200075774,0.00099955824189161,2021-11-29 00:00:00+07:00,0.00099955824189161,0.001804772456124757,0.0011073017860747363
2021-11-30 00:00:00+07:00,19256.751953125,19256.751953125,17562.15625,17639.18359375,5217001,0.09211537609812064,0.0030604043238131543,2021-11-30 00:00:00+07:00,0.0030604043238131543,0.0018310889462331958,0.001203277793168636
2021-12-01 00:00:00+07:00,17485.130859375,18255.400390625,17061.48046875,17292.5625,2132758,0.06763762965764375,0.0016500279716960213,2021-12-01 00:00:00+07:00,0.0016500279716960213,0.0018244042792475302,0.001278279064609364
2021-12-02 00:00:00+07:00,17099.994140625,17716.2109375,16945.94140625,17408.103515625,1606449,0.04445173250399577,0.0007126756690442556,2021-12-02 00:00:00+07:00,0.0007126756690442556,0.0012845332412890081,0.001310673413202285
2021-12-03 00:00:00+07:00,17408.103515625,17485.130859375,16214.1845703125,16368.23828125,2736962,0.0754644046884495,0.002053992476165591,2021-12-03 00:00:00+07:00,0.002053992476165591,0.0016953317365221265,0.0014040367075734482
2021-12-06 00:00:00+07:00,16021.6171875,16560.806640625,15251.3466796875,15251.3466796875,2215326,0.08237105193412712,0.0024471679273273344,2021-12-06 00:00:00+07:00,0.0024471679273273344,0.0019848536736092716,0.0015149492066992786
2021-12-07 00:00:00+07:00,15405.400390625,16175.6708984375,15097.29296875,16175.6708984375,1222298,0.06899286286233682,0.0017168125541879612,2021-12-07 00:00:00+07:00,0.0017168125541879612,0.0017161353196842328,0.0015387375762199234
2021-12-08 00:00:00+07:00,16175.6708984375,16214.1845703125,15867.5625,15983.103515625,792059,0.021609518832905062,0.00016842429619797522,2021-12-08 00:00:00+07:00,0.00016842429619797522,0.0014198145845846235,0.001546393226047104
2021-12-09 00:00:00+07:00,15983.103515625,16560.806640625,15597.96875,16252.6982421875,2571695,0.0598981605091633,0.0012940215775974033,2021-12-09 00:00:00+07:00,0.0012940215775974033,0.001536083766295253,0.0015599613701421074
2021-12-10 00:00:00+07:00,16252.6982421875,16791.88671875,16098.6435546875,16445.265625,1211393,0.04216081917214496,0.000641110114532371,2021-12-10 00:00:00+07:00,0.000641110114532371,0.001253507293968609,0.0015177803604455717
2021-12-13 00:00:00+07:00,16445.265625,17523.642578125,16252.6982421875,17215.53515625,1800277,0.0752920329435815,0.0020446199536575554,2021-12-13 00:00:00+07:00,0.0020446199536575554,0.001172997699234653,0.0015823095342068292
2021-12-14 00:00:00+07:00,17369.58984375,17369.58984375,16483.779296875,16560.806640625,1632154,0.05234414260727079,0.0009882133773800104,2021-12-14 00:00:00+07:00,0.0009882133773800104,0.001027277863873063,0.0015523254526792556
2021-12-15 00:00:00+07:00,16329.724609375,16522.29296875,15867.5625,15906.076171875,2273877,0.04043362696271442,0.0005896576640617808,2021-12-15 00:00:00+07:00,0.0005896576640617808,0.0011115245374458242,0.0014954124764718997
2021-12-16 00:00:00+07:00,16060.1298828125,16753.373046875,15944.58984375,16599.3203125,1578537,0.04948003698841316,0.0008830282114099291,2021-12-16 00:00:00+07:00,0.0008830282114099291,0.0010293258642083292,0.0014726943198413473
2021-12-17 00:00:00+07:00,17099.994140625,17099.994140625,16599.3203125,16753.373046875,2410972,0.029716371360940137,0.0003184975542091719,2021-12-17 00:00:00+07:00,0.0003184975542091719,0.0009648033521436896,0.001452576047393967
2021-12-20 00:00:00+07:00,16753.373046875,17908.779296875,16406.751953125,17908.779296875,4671218,0.08759810155939617,0.0027676039129999265,2021-12-20 00:00:00+07:00,0.0027676039129999265,0.0011094001440121637,0.0015058990919226717
2021-12-21 00:00:00+07:00,18486.48046875,19102.697265625,18101.345703125,18101.345703125,3531878,0.05384325943076025,0.0010456280669663023,2021-12-21 00:00:00+07:00,0.0010456280669663023,0.001120883081929422,0.0014405444766123618
2021-12-22 00:00:00+07:00,18178.373046875,19102.697265625,17947.291015625,18332.427734375,4540745,0.062390357982411694,0.0014039430868163373,2021-12-22 00:00:00+07:00,0.0014039430868163373,0.0012837401664803332,0.0014913495917584939
2021-12-23 00:00:00+07:00,18486.48046875,19603.373046875,18178.373046875,19603.373046875,7418567,0.0754690522845459,0.0020542454807817518,2021-12-23 00:00:00+07:00,0.0020542454807817518,0.001517983620354698,0.0014515961193726208
2021-12-24 00:00:00+07:00,20797.291015625,20797.291015625,19333.77734375,19333.77734375,5248938,0.07296905092131303,0.0019204010856885751,2021-12-24 00:00:00+07:00,0.0019204010856885751,0.0018383643266505789,0.0014623665638755403
2021-12-27 00:00:00+07:00,19256.751953125,20412.15625,18563.5078125,20296.615234375,4026769,0.09493290996491902,0.003250484762531619,2021-12-27 00:00:00+07:00,0.003250484762531619,0.0019349404965569173,0.001455023559498029
2021-12-28 00:00:00+07:00,20797.291015625,21683.1015625,20797.291015625,21683.1015625,5813545,0.04171048874817748,0.0006274875381468066,2021-12-28 00:00:00+07:00,0.0006274875381468066,0.001851312390793018,0.001483545720322884
2021-12-29 00:00:00+07:00,22722.966796875,23185.12890625,22337.83203125,23185.12890625,4469082,0.037229333053829805,0.0004999022135938405,2021-12-29 00:00:00+07:00,0.0004999022135938405,0.0016705042161485185,0.0014608340826729855
2021-12-30 00:00:00+07:00,23839.857421875,23878.37109375,22337.83203125,22337.83203125,4523997,0.06669132937054449,0.0016041807346087148,2021-12-30 00:00:00+07:00,0.0016041807346087148,0.0015804912669139114,0.0013946421013455107
2021-12-31 00:00:00+07:00,22106.75,23108.1015625,21336.48046875,21721.615234375,4162436,0.07976496724833952,0.002294768765772407,2021-12-31 00:00:00+07:00,0.002294768765772407,0.0016553648029306776,0.0014239485010762555
2022-01-03 00:00:00+07:00,21721.615234375,21721.615234375,21721.615234375,21721.615234375,0,0.0,0.0,2022-01-03 00:00:00+07:00,0.0,0.0010052678504243538,0.0013915541524833347
2022-01-04 00:00:00+07:00,21644.587890625,23223.642578125,21567.560546875,23223.642578125,3240681,0.07398047712478947,0.0019740075229008917,2022-01-04 00:00:00+07:00,0.0019740075229008917,0.0012745718473751709,0.0013879184727894848
2022-01-05 00:00:00+07:00,24802.6953125,24841.208984375,23878.37109375,24841.208984375,1525698,0.039530852706124664,0.0005636206708692577,2022-01-05 00:00:00+07:00,0.0005636206708692577,0.0012873155388302543,0.0013023026884050265
2022-01-06 00:00:00+07:00,25804.046875,26574.31640625,25264.857421875,25804.046875,5330857,0.05053080528608574,0.0009209307757688734,2022-01-06 00:00:00+07:00,0.0009209307757688734,0.001150665547062286,0.001266126243931432
2022-01-07 00:00:00+07:00,25804.046875,26959.451171875,24648.640625,26882.423828125,3780362,0.08961217680137827,0.002896333728355616,2022-01-07 00:00:00+07:00,0.002896333728355616,0.0012709785395789278,0.0013901221272113245
2022-01-10 00:00:00+07:00,26882.423828125,28731.072265625,26189.181640625,27729.720703125,3561997,0.09263278343920575,0.003094881148027946,2022-01-10 00:00:00+07:00,0.003094881148027946,0.001889954769184517,0.0014719793804127128
2022-01-12 00:00:00+07:00,26535.802734375,28345.9375,26535.802734375,26535.802734375,4073895,0.06598885411551224,0.0015705643006297147,2022-01-12 00:00:00+07:00,0.0015705643006297147,0.0018092661247302816,0.0015142272979625923
2022-01-13 00:00:00+07:00,24687.154296875,25804.046875,24687.154296875,24687.154296875,1642281,0.044248295848431776,0.0007061673697888681,2022-01-13 00:00:00+07:00,0.0007061673697888681,0.0018377754645142034,0.001453388544150379
2022-01-14 00:00:00+07:00,22992.560546875,24648.640625,22992.560546875,22992.560546875,5333064,0.069551042786451,0.001744704331327937,2022-01-14 00:00:00+07:00,0.001744704331327937,0.002002530175626016,0.0014877744966025576
2022-01-17 00:00:00+07:00,22376.34375,22992.560546875,21413.5078125,21413.5078125,2858997,0.07114878003021409,0.0018257842784913422,2022-01-17 00:00:00+07:00,0.0018257842784913422,0.0017884202856531615,0.0015439620699857195
2022-01-18 00:00:00+07:00,19949.994140625,19949.994140625,19949.994140625,19949.994140625,167084,0.0,0.0,2022-01-18 00:00:00+07:00,0.0,0.0011694440560475724,0.001503824424012541
2022-01-19 00:00:00+07:00,18563.5078125,18563.5078125,18563.5078125,18563.5078125,90357,0.0,0.0,2022-01-19 00:00:00+07:00,0.0,0.0008553311959216294,0.0014893472624575785
2022-01-21 00:00:00+07:00,20566.2109375,21220.939453125,20412.15625,21220.939453125,2130811,0.03885778628309178,0.0005445912488609815,2022-01-21 00:00:00+07:00,0.0005445912488609815,0.000823015971736052,0.0013883012322694446
2022-01-24 00:00:00+07:00,20412.15625,21220.939453125,19757.42578125,19757.42578125,1115452,0.07145899466135576,0.001841740131542689,2022-01-24 00:00:00+07:00,0.001841740131542689,0.0008424231317790024,0.0014244881442956442
2022-01-25 00:00:00+07:00,18409.453125,20065.53515625,18409.453125,20027.021484375,4909836,0.08613938501395431,0.0026761970107806545,2022-01-25 00:00:00+07:00,0.0026761970107806545,0.001012505678236865,0.001482317868112204
2022-01-26 00:00:00+07:00,20065.53515625,20065.53515625,18640.53515625,18640.53515625,2480558,0.07366515554996793,0.001957216048190961,2022-01-26 00:00:00+07:00,0.001957216048190961,0.0014039488878750572,0.001477907439358077
2022-01-27 00:00:00+07:00,17369.58984375,17716.2109375,17369.58984375,17369.58984375,882547,0.019759125535878486,0.00014081534661484512,2022-01-27 00:00:00+07:00,0.00014081534661484512,0.0014321119571980262,0.0013970171784910893
2022-01-28 00:00:00+07:00,16175.6708984375,17292.5625,16175.6708984375,17099.994140625,2866656,0.06676817875065132,0.0016078799058511738,2022-01-28 00:00:00+07:00,0.0016078799058511738,0.0016447696885960646,0.001322353321369251
2022-01-31 00:00:00+07:00,17099.994140625,17099.994140625,17099.994140625,17099.994140625,0,0.0,0.0,2022-01-31 00:00:00+07:00,0.0,0.001276421662287527,0.0012938311605443962
2022-02-01 00:00:00+07:00,17099.994140625,17099.994140625,17099.994140625,17099.994140625,0,0.0,0.0,2022-02-01 00:00:00+07:00,0.0,0.0007411822601313961,0.0012711083326537671
2022-02-02 00:00:00+07:00,17099.994140625,17099.994140625,17099.994140625,17099.994140625,0,0.0,0.0,2022-02-02 00:00:00+07:00,0.0,0.0003497390504932038,0.0011981910265351891
2022-02-03 00:00:00+07:00,17099.994140625,17099.994140625,17099.994140625,17099.994140625,0,0.0,0.0,2022-02-03 00:00:00+07:00,0.0,0.00032157598117023474,0.001093883355363716
2022-02-04 00:00:00+07:00,17099.994140625,17099.994140625,17099.994140625,17099.994140625,0,0.0,0.0,2022-02-04 00:00:00+07:00,0.0,0.0,0.001093883355363716
2022-02-07 00:00:00+07:00,18178.373046875,18178.373046875,16907.427734375,17254.048828125,1409895,0.07247955709156699,0.0018947224859033383,2022-02-07 00:00:00+07:00,0.0018947224859033383,0.00037894449718066766,0.0010902794900456453
2022-02-08 00:00:00+07:00,17254.048828125,17292.5625,16060.1298828125,16060.1298828125,2134835,0.07393669993558158,0.0019716720166661123,2022-02-08 00:00:00+07:00,0.0019716720166661123,0.0007732789005138902,0.0011542818239455024
2022-02-10 00:00:00+07:00,18024.318359375,18370.94140625,17331.076171875,17793.23828125,2077842,0.0582689442714164,0.0012245847497217794,2022-02-10 00:00:00+07:00,0.0012245847497217794,0.001018195850458246,0.0011680842773069981
2022-02-11 00:00:00+07:00,17331.076171875,17562.15625,16637.83203125,16830.400390625,1418982,0.05406723362718048,0.0010543452509374032,2022-02-11 00:00:00+07:00,0.0010543452509374032,0.0012290649006457266,0.0010843575283334432
2022-02-15 00:00:00+07:00,17254.048828125,17254.048828125,17254.048828125,17254.048828125,0,0.0,0.0,2022-02-15 00:00:00+07:00,0.0,0.0012290649006457266,0.0009436811125139909
2022-02-16 00:00:00+07:00,18409.453125,18602.021484375,17716.2109375,18602.021484375,2569099,0.04879016416943204,0.0008585767158993226,2022-02-16 00:00:00+07:00,0.0008585767158993226,0.0010218357466449234,0.0009113180404807912
2022-02-17 00:00:00+07:00,19757.42578125,19757.42578125,18332.427734375,18910.12890625,2850039,0.07485791056755325,0.002021109993556115,2022-02-17 00:00:00+07:00,0.002021109993556115,0.0010317233420229239,0.0009710881597429389
2022-02-18 00:00:00+07:00,18101.345703125,19988.5078125,18101.345703125,19872.966796875,2234411,0.09917121528071918,0.0035472011630739786,2022-02-18 00:00:00+07:00,0.0035472011630739786,0.0014962466246933638,0.0010530198339132135
2022-02-21 00:00:00+07:00,19872.966796875,20758.77734375,19641.88671875,19834.453125,2544821,0.055304798331757075,0.0011031642356409334,2022-02-21 00:00:00+07:00,0.0011031642356409334,0.00150601042163407,0.001020173468329104
2022-02-22 00:00:00+07:00,19102.697265625,19564.859375,18447.966796875,18447.966796875,4157632,0.058780904354073425,0.00124619807076598,2022-02-22 00:00:00+07:00,0.00124619807076598,0.001755250035787266,0.0010768188351821032
2022-02-23 00:00:00+07:00,18717.5625,19256.751953125,18486.48046875,19064.18359375,1070793,0.04082207058935596,0.0006010417029526684,2022-02-23 00:00:00+07:00,0.0006010417029526684,0.0017037430331979353,0.0011041389125890427
2022-02-24 00:00:00+07:00,18871.615234375,19064.18359375,17754.724609375,18717.5625,2624534,0.0711597144606551,0.0018263455093445492,2022-02-24 00:00:00+07:00,0.0018263455093445492,0.0016647901363556219,0.0011624004698837502
2022-02-25 00:00:00+07:00,18871.615234375,19218.23828125,18563.5078125,18756.076171875,1919846,0.03466203061764892,0.00043333378546251116,2022-02-25 00:00:00+07:00,0.00043333378546251116,0.0010420166608333284,0.0010983819996073785
2022-03-01 00:00:00+07:00,21143.912109375,21182.42578125,20065.53515625,20142.5625,2682046,0.05416819081310643,0.0010582863850051218,2022-03-01 00:00:00+07:00,0.0010582863850051218,0.001033041090706166,0.0010248406075266724
2022-03-02 00:00:00+07:00,19872.966796875,20489.18359375,19718.912109375,20027.021484375,1674607,0.0383189365403782,0.0005295920328202739,2022-03-02 00:00:00+07:00,0.0005295920328202739,0.0008897198831170248,0.0009599486068280048
2022-03-03 00:00:00+07:00,20027.021484375,20412.15625,19641.88671875,19872.966796875,2398379,0.03846625456148941,0.0005336719175550842,2022-03-03 00:00:00+07:00,0.0005336719175550842,0.000876245926037508,0.0009778057236889248
2022-03-04 00:00:00+07:00,19872.966796875,20604.72265625,19834.453125,20027.021484375,2266997,0.038099822304656986,0.0005235527534259731,2022-03-04 00:00:00+07:00,0.0005235527534259731,0.0006156873748537927,0.0009285181258514157
2022-03-07 00:00:00+07:00,19872.966796875,19949.994140625,18948.642578125,19372.291015625,2541316,0.05149655243127723,0.0009564689097360981,2022-03-07 00:00:00+07:00,0.0009564689097360981,0.0007203143997085102,0.0009719939853848746
2022-03-08 00:00:00+07:00,18640.53515625,19141.2109375,18024.318359375,18255.400390625,3939787,0.060121785340385765,0.0013037018593927692,2022-03-08 00:00:00+07:00,0.0013037018593927692,0.0007693974945860397,0.0010312531608118187
2022-03-09 00:00:00+07:00,18178.373046875,18717.5625,17215.53515625,18332.427734375,2326197,0.08365007130592732,0.0025237549202155258,2022-03-09 00:00:00+07:00,0.0025237549202155258,0.00116823007206509,0.001145969293548888
2022-03-10 00:00:00+07:00,18486.48046875,19256.751953125,17793.23828125,17793.23828125,2334376,0.07904323675822857,0.002253429521335637,2022-03-10 00:00:00+07:00,0.002253429521335637,0.0015121815928212004,0.0012483979081550534
2022-03-11 00:00:00+07:00,17793.23828125,17870.265625,16599.3203125,17099.994140625,6669219,0.07377644386446323,0.0019631341733545335,2022-03-11 00:00:00+07:00,0.0019631341733545335,0.0018000978768069127,0.0013376312796711685
2022-03-14 00:00:00+07:00,18250.0,18250.0,18150.0,18250.0,1648100,0.00549451931764078,1.0888647959131677e-05,2022-03-14 00:00:00+07:00,1.0888647959131677e-05,0.001610981824451519,0.0012520024688555229
2022-03-15 00:00:00+07:00,18000.0,18950.0,18000.0,18400.0,1445700,0.05143217363227069,0.000954078931116445,2022-03-15 00:00:00+07:00,0.000954078931116445,0.0015410572387962544,0.0012057482376941744
2022-03-16 00:00:00+07:00,18400.0,18600.0,18200.0,18400.0,1091600,0.02173998663640582,0.00017046416410772285,2022-03-16 00:00:00+07:00,0.00017046416410772285,0.001070399087574694,0.001157833665620808
2022-03-17 00:00:00+07:00,18500.0,19650.0,18350.0,19650.0,1584400,0.0684477638146909,0.0016897913252157165,2022-03-17 00:00:00+07:00,0.0016897913252157165,0.0009576714483507097,0.001186717578088004
2022-03-18 00:00:00+07:00,20200.0,20700.0,19900.0,20300.0,2113000,0.03941396854087663,0.0005602925899829384,2022-03-18 00:00:00+07:00,0.0005602925899829384,0.0006771031316763907,0.0012121854230872286
2022-03-21 00:00:00+07:00,20300.0,21500.0,20100.0,21100.0,2057300,0.06733312006858695,0.0016352043207144863,2022-03-21 00:00:00+07:00,0.0016352043207144863,0.0010019662662274615,0.0012474866778515543
2022-03-22 00:00:00+07:00,21500.0,21500.0,20550.0,20600.0,1890700,0.045191994191373555,0.0007366099135479769,2022-03-22 00:00:00+07:00,0.0007366099135479769,0.0009584724627137679,0.001189100310578457
2022-03-23 00:00:00+07:00,20200.0,20900.0,20200.0,20500.0,1510000,0.03406655456360627,0.00041857276938559135,2022-03-23 00:00:00+07:00,0.00041857276938559135,0.0010080941837693417,0.0010468899290471667
2022-03-24 00:00:00+07:00,20500.0,21400.0,20250.0,21050.0,2070300,0.05523612847525755,0.0011004264225926894,2022-03-24 00:00:00+07:00,0.0011004264225926894,0.0008902212032447364,0.0010467654829995191
2022-03-25 00:00:00+07:00,21050.0,22500.0,21050.0,21700.0,2406000,0.06661474908198403,0.0016004987539843,2022-03-25 00:00:00+07:00,0.0016004987539843,0.0010982624360450087,0.0010628700595094428
2022-03-28 00:00:00+07:00,21000.0,21500.0,20200.0,20300.0,2866300,0.06237033072645809,0.0014030419022209883,2022-03-28 00:00:00+07:00,0.0014030419022209883,0.001051829952346309,0.0010993246140216394
2022-03-29 00:00:00+07:00,20300.0,21450.0,20300.0,20600.0,1317900,0.055103759326284425,0.0010951585669857888,2022-03-29 00:00:00+07:00,0.0010951585669857888,0.0011235396830338712,0.0010660888439144227
2022-03-30 00:00:00+07:00,20500.0,21200.0,19600.0,19900.0,2193100,0.07847161544149531,0.002220954871742922,2022-03-30 00:00:00+07:00,0.002220954871742922,0.0014840161035053377,0.0011473443478362598
2022-03-31 00:00:00+07:00,19950.0,20500.0,19700.0,19800.0,1040600,0.039806250400419574,0.0005715011239246714,2022-03-31 00:00:00+07:00,0.0005715011239246714,0.0013782310437717338,0.0011252177450598755
2022-04-01 00:00:00+07:00,19600.0,20400.0,19600.0,20200.0,949700,0.040005334613699206,0.0005772319510342546,2022-04-01 00:00:00+07:00,0.0005772319510342546,0.0011735776831817248,0.0011273831958877839
2022-04-04 00:00:00+07:00,20500.0,20800.0,20200.0,20350.0,1055400,0.029270382300113237,0.0003090091484259769,2022-04-04 00:00:00+07:00,0.0003090091484259769,0.0009547711324227225,0.0011171712518364607
2022-04-05 00:00:00+07:00,20250.0,20550.0,20050.0,20350.0,1149300,0.02463178718966542,0.00021882976558702683,2022-04-05 00:00:00+07:00,0.00021882976558702683,0.0007795053721429702,0.0011033202069346904
2022-04-06 00:00:00+07:00,20000.0,21050.0,19300.0,20200.0,2040800,0.08679546421755065,0.002717118679850347,2022-04-06 00:00:00+07:00,0.002717118679850347,0.0008787381337644551,0.0011833497419398837
2022-04-07 00:00:00+07:00,20650.0,20800.0,20100.0,20200.0,1283600,0.034233171642242176,0.0004226772010168567,2022-04-07 00:00:00+07:00,0.0004226772010168567,0.0008489733491828924,0.0011433031665591604
2022-04-08 00:00:00+07:00,20500.0,20500.0,19000.0,20300.0,1266300,0.07598590697792205,0.002082479097221865,2022-04-08 00:00:00+07:00,0.002082479097221865,0.0011500227784204144,0.0011232451746049032
2022-04-11 00:00:00+07:00,20300.0,20300.0,20300.0,20300.0,0,0.0,0.0,2022-04-11 00:00:00+07:00,0.0,0.001088220948735219,0.0010208165599987376
2022-04-12 00:00:00+07:00,20400.0,20400.0,18900.0,18900.0,1445300,0.07637297878457396,0.0021037494099438755,2022-04-12 00:00:00+07:00,0.0021037494099438755,0.0014652048776065889,0.0010272081616618895
2022-04-14 00:00:00+07:00,20300.0,20300.0,19000.0,19800.0,1382800,0.06618190688130118,0.001579767227397105,2022-04-14 00:00:00+07:00,0.001579767227397105,0.0012377345871159402,0.0010985208243636157
2022-04-15 00:00:00+07:00,19200.0,19800.0,18750.0,19600.0,1048700,0.054488185284069776,0.0010708268095214282,2022-04-15 00:00:00+07:00,0.0010708268095214282,0.0013673645088168546,0.0011038275461092966
2022-04-18 00:00:00+07:00,18950.0,19100.0,18250.0,18250.0,1370800,0.0455232550240836,0.0007474483075562799,2022-04-18 00:00:00+07:00,0.0007474483075562799,0.0011003583508837375,0.001130054098084231
2022-04-19 00:00:00+07:00,18200.0,18300.0,17000.0,17000.0,987700,0.07368771579115913,0.0019584150418574236,2022-04-19 00:00:00+07:00,0.0019584150418574236,0.0014920413592552223,0.0011422642670224905
2022-04-20 00:00:00+07:00,15900.0,16700.0,15850.0,15850.0,1185900,0.052239219099419906,0.0009842556128961963,2022-04-20 00:00:00+07:00,0.0009842556128961963,0.0012681425998456865,0.0011615353135185477
2022-04-22 00:00:00+07:00,16500.0,17000.0,15750.0,16400.0,1184000,0.07637297878457396,0.0021037494099438755,2022-04-22 00:00:00+07:00,0.0021037494099438755,0.0013729390363550406,0.0011828328175744291
2022-04-25 00:00:00+07:00,16200.0,16200.0,15300.0,15300.0,898200,0.05715841383994862,0.001178351569597232,2022-04-25 00:00:00+07:00,0.001178351569597232,0.0013944439883702012,0.0012029119837584862
2022-04-27 00:00:00+07:00,15850.0,16800.0,15300.0,16500.0,1359700,0.09352605801082355,0.0031548579336273647,2022-04-27 00:00:00+07:00,0.0031548579336273647,0.0018759259135844183,0.0013272885821331121
2022-04-28 00:00:00+07:00,16000.0,16700.0,16000.0,16300.0,897100,0.04281999718292814,0.0006613141516585175,2022-04-28 00:00:00+07:00,0.0006613141516585175,0.001616505735544637,0.0013073289334542863
2022-04-29 00:00:00+07:00,16300.0,16700.0,16000.0,16700.0,840700,0.04281999718292814,0.0006613141516585175,2022-04-29 00:00:00+07:00,0.0006613141516585175,0.0015519174432971014,0.0012646387242576597
2022-05-02 00:00:00+07:00,16700.0,16700.0,16700.0,16700.0,0,0.0,0.0,2022-05-02 00:00:00+07:00,0.0,0.0011311675613083262,0.0012008640923385238
2022-05-03 00:00:00+07:00,16700.0,16700.0,16700.0,16700.0,0,0.0,0.0,2022-05-03 00:00:00+07:00,0.0,0.0008954972473888799,0.0011510841574755336
2022-05-04 00:00:00+07:00,16700.0,16700.0,15800.0,16400.0,633200,0.05539877938978838,0.0011069166996391698,2022-05-04 00:00:00+07:00,0.0011069166996391698,0.0004859090005912408,0.0011004460587435447
2022-05-05 00:00:00+07:00,16400.0,16500.0,15300.0,15900.0,992900,0.0755075525081451,0.0020563419449980786,2022-05-05 00:00:00+07:00,0.0020563419449980786,0.000764914559259153,0.0011679388233377906
2022-05-06 00:00:00+07:00,15000.0,15750.0,14800.0,14800.0,476400,0.06221318450157275,0.0013959806929821315,2022-05-06 00:00:00+07:00,0.0013959806929821315,0.0009118478675238758,0.0012051546752445122
2022-05-09 00:00:00+07:00,14250.0,14500.0,13800.0,13800.0,459500,0.049480057263369716,0.0008830289350699495,2022-05-09 00:00:00+07:00,0.0008830289350699495,0.0010884536545378658,0.0012312464837283292
2022-05-11 00:00:00+07:00,14300.0,15400.0,14050.0,15400.0,675400,0.09174511363982872,0.003035850867194412,2022-05-11 00:00:00+07:00,0.003035850867194412,0.0016956238279767482,0.0013592928974377556
2022-05-12 00:00:00+07:00,15200.0,15400.0,14350.0,14350.0,442500,0.07061756721395342,0.0017986226226833625,2022-05-12 00:00:00+07:00,0.0017986226226833625,0.0018339650125855866,0.0013175430766574382
2022-05-13 00:00:00+07:00,13500.0,14400.0,13350.0,13350.0,892800,0.07571182173569638,0.002067482964407053,2022-05-13 00:00:00+07:00,0.002067482964407053,0.0018361932164673814,0.0013923069749933563
2022-05-16 00:00:00+07:00,14200.0,14200.0,13100.0,13350.0,908900,0.08062973440010922,0.0023447956840062186,2022-05-16 00:00:00+07:00,0.0023447956840062186,0.002025956214672199,0.001404230456210827
2022-05-17 00:00:00+07:00,13200.0,14200.0,13200.0,14200.0,453600,0.07302513501488982,0.0019233542649755113,2022-05-17 00:00:00+07:00,0.0019233542649755113,0.0022340212806533115,0.0014916556500733501
2022-05-18 00:00:00+07:00,14300.0,14800.0,13900.0,14200.0,933600,0.06273834063342335,0.0014196477659534584,2022-05-18 00:00:00+07:00,0.0014196477659534584,0.0019107806604051207,0.0014605601208010585
2022-05-19 00:00:00+07:00,13500.0,14100.0,13500.0,14100.0,855200,0.04348511193973889,0.0006820178359825583,2022-05-19 00:00:00+07:00,0.0006820178359825583,0.0016874597030649599,0.0014197533302822154
2022-05-20 00:00:00+07:00,14200.0,14550.0,13850.0,14300.0,1082500,0.04930576098415406,0.0008768188540645316,2022-05-20 00:00:00+07:00,0.0008768188540645316,0.0014493268809964554,0.0014109347868523565
2022-05-23 00:00:00+07:00,14400.0,14950.0,13700.0,14000.0,1106200,0.08731546700261625,0.002749773421759458,2022-05-23 00:00:00+07:00,0.002749773421759458,0.0015303224285471034,0.0015019495647706827
2022-05-24 00:00:00+07:00,13550.0,14500.0,13550.0,14500.0,349700,0.06776210210081875,0.0016561065996879868,2022-05-24 00:00:00+07:00,0.0016561065996879868,0.0014768728954895984,0.0014882082719447991
2022-05-25 00:00:00+07:00,14200.0,14900.0,14150.0,14800.0,967400,0.05164658886216676,0.0009620504186942323,2022-05-25 00:00:00+07:00,0.0009620504186942323,0.001385353426037753,0.0014871989449356192
2022-05-26 00:00:00+07:00,14800.0,14800.0,14300.0,14550.0,781300,0.03436764350420782,0.00042600437293785183,2022-05-26 00:00:00+07:00,0.00042600437293785183,0.0013341507334288121,0.0014109378068898908
2022-05-27 00:00:00+07:00,14500.0,14750.0,14050.0,14600.0,630200,0.048620687006074116,0.0008526223835437579,2022-05-27 00:00:00+07:00,0.0008526223835437579,0.001329311439324657,0.001396131934796551
2022-05-30 00:00:00+07:00,14700.0,14800.0,14400.0,14750.0,764500,0.027398974188114347,0.00027075915751201464,2022-05-30 00:00:00+07:00,0.00027075915751201464,0.0008335085864751686,0.0012650365358822168
2022-05-31 00:00:00+07:00,14700.0,14750.0,14000.0,14000.0,706100,0.05218575317057025,0.0009822419070433482,2022-05-31 00:00:00+07:00,0.0009822419070433482,0.0006987356479462407,0.0012796241611269818
2022-06-01 00:00:00+07:00,13550.0,13900.0,13050.0,13700.0,2476000,0.06310070636794375,0.0014360944023882921,2022-06-01 00:00:00+07:00,0.0014360944023882921,0.0007935444446850526,0.0013148414452510626
2022-06-02 00:00:00+07:00,13700.0,13700.0,13700.0,13700.0,0,0.0,0.0,2022-06-02 00:00:00+07:00,0.0,0.0007083435700974824,0.0013148414452510626
2022-06-03 00:00:00+07:00,13000.0,13300.0,12700.0,13200.0,1500300,0.04616204176316241,0.0007685720145404463,2022-06-03 00:00:00+07:00,0.0007685720145404463,0.0006915334962968201,0.0013497765368210828
2022-06-06 00:00:00+07:00,13150.0,13400.0,12400.0,12400.0,1271200,0.07755823434587444,0.002169553553543366,2022-06-06 00:00:00+07:00,0.002169553553543366,0.0010712923755030904,0.0013980782119985462
2022-06-07 00:00:00+07:00,12200.0,12200.0,11550.0,11550.0,1750100,0.05475051477140831,0.00108116246873883,2022-06-07 00:00:00+07:00,0.00108116246873883,0.0010910764878421866,0.0013537518721685805
2022-06-08 00:00:00+07:00,11100.0,12050.0,11100.0,11700.0,1870000,0.08211955161837556,0.0024322470563017174,2022-06-08 00:00:00+07:00,0.0024322470563017174,0.0012903070186248717,0.0014008548886831071
2022-06-09 00:00:00+07:00,11700.0,12100.0,11600.0,11900.0,1170100,0.04220035449037647,0.0006423130501933214,2022-06-09 00:00:00+07:00,0.0006423130501933214,0.001418769628663536,0.0013899132575523514
2022-06-10 00:00:00+07:00,11800.0,11950.0,11200.0,11200.0,909400,0.0648175000764709,0.0015153016682435902,2022-06-10 00:00:00+07:00,0.0015153016682435902,0.0015681155594041648,0.0013207973848727685
2022-06-13 00:00:00+07:00,10500.0,10800.0,10450.0,10450.0,1312000,0.03294415571935406,0.00039144550627194947,2022-06-13 00:00:00+07:00,0.00039144550627194947,0.0012124939499498816,0.0012568347886722498
2022-06-14 00:00:00+07:00,9720.0,10350.0,9720.0,9720.0,2698200,0.06280090123903044,0.0014224804294985412,2022-06-14 00:00:00+07:00,0.0014224804294985412,0.0012807575421018237,0.0012275164916309537
2022-06-15 00:00:00+07:00,9110.0,9650.0,9040.0,9040.0,1990800,0.06529874094680944,0.001537886068365019,2022-06-15 00:00:00+07:00,0.001537886068365019,0.001101885344514484,0.0011908387818290811
2022-06-16 00:00:00+07:00,9060.0,9100.0,8590.0,8590.0,3134300,0.05767567752664033,0.0011997754125861733,2022-06-16 00:00:00+07:00,0.0011997754125861733,0.0012133778169930542,0.001157948833993202
2022-06-17 00:00:00+07:00,7990.0,8080.0,7990.0,7990.0,1522500,0.011201112754820696,4.5251906977697194e-05,2022-06-17 00:00:00+07:00,4.5251906977697194e-05,0.0009193678647398758,0.0010954762949488492
2022-06-20 00:00:00+07:00,7600.0,7990.0,7440.0,7850.0,3947000,0.07131991093318285,0.0018345777917642548,2022-06-20 00:00:00+07:00,0.0018345777917642548,0.001207994321838337,0.0011478653838480173
2022-06-21 00:00:00+07:00,7850.0,7850.0,7330.0,7850.0,2223900,0.06853801589575685,0.0016942504256932376,2022-06-21 00:00:00+07:00,0.0016942504256932376,0.0012623483210772763,0.0011850213643765947
2022-06-22 00:00:00+07:00,8000.0,8390.0,7990.0,8390.0,2188100,0.048849760700931416,0.0008606754768195619,2022-06-22 00:00:00+07:00,0.0008606754768195619,0.0011269062027681848,0.0010991532759702359
2022-06-23 00:00:00+07:00,8480.0,8740.0,8360.0,8500.0,1152200,0.044451762570833796,0.0007126766331421635,2022-06-23 00:00:00+07:00,0.0007126766331421635,0.001029486446879383,0.0010562700956726985
2022-06-24 00:00:00+07:00,8500.0,8650.0,8210.0,8260.0,1132600,0.0522063974794511,0.0009830191964355572,2022-06-24 00:00:00+07:00,0.0009830191964355572,0.0012170399047709548,0.0010572232219336678
2022-06-27 00:00:00+07:00,8050.0,8390.0,8050.0,8390.0,831300,0.041368429048642755,0.0006172379293853983,2022-06-27 00:00:00+07:00,0.0006172379293853983,0.0009735719322951834,0.0010659156563176471
2022-06-28 00:00:00+07:00,8600.0,8970.0,8450.0,8910.0,1760000,0.05971923470162228,0.0012863022072983155,2022-06-28 00:00:00+07:00,0.0012863022072983155,0.0008919822886161992,0.0010856283755792178
2022-06-29 00:00:00+07:00,8800.0,8910.0,8500.0,8570.0,798400,0.04710807798644726,0.0008003967533217418,2022-06-29 00:00:00+07:00,0.0008003967533217418,0.000879926543916635,0.0011097028117523873
2022-06-30 00:00:00+07:00,8700.0,8700.0,8020.0,8290.0,915900,0.08138460378211496,0.002388905963456857,2022-06-30 00:00:00+07:00,0.002388905963456857,0.0012151724099795738,0.0011736420870439106
2022-07-01 00:00:00+07:00,7980.0,8350.0,7710.0,8350.0,1255300,0.07974335128752592,0.002293525189494664,2022-07-01 00:00:00+07:00,0.002293525189494664,0.001477273608591395,0.001212616213730564
2022-07-04 00:00:00+07:00,8490.0,8490.0,8260.0,8350.0,520700,0.027464412790369208,0.0002720540424439346,2022-07-04 00:00:00+07:00,0.0002720540424439346,0.0014082368312031027,0.0012249823065689244
2022-07-05 00:00:00+07:00,8220.0,8290.0,7940.0,8290.0,983700,0.04313669388815919,0.0006711324852023349,2022-07-05 00:00:00+07:00,0.0006711324852023349,0.0012852028867839063,0.0012205532370535557
2022-07-06 00:00:00+07:00,8050.0,8190.0,7800.0,7870.0,1033200,0.04879016416943204,0.0008585767158993226,2022-07-06 00:00:00+07:00,0.0008585767158993226,0.0012968388792994226,0.0011609633807970084
2022-07-07 00:00:00+07:00,7950.0,7950.0,7510.0,7870.0,821800,0.056936462890197215,0.0011692180598022529,2022-07-07 00:00:00+07:00,0.0011692180598022529,0.0010529012985685017,0.0011649659076635275
2022-07-08 00:00:00+07:00,7900.0,8400.0,7900.0,8400.0,1507500,0.06136894637629202,0.0013583506089910795,2022-07-08 00:00:00+07:00,0.0013583506089910795,0.0008658663824677847,0.0011161524327857712
2022-07-11 00:00:00+07:00,8450.0,8630.0,8360.0,8450.0,1096100,0.031786077998726354,0.00036440844847876333,2022-07-11 00:00:00+07:00,0.00036440844847876333,0.0008843372636747505,0.0011035204054351095
2022-07-12 00:00:00+07:00,8450.0,8450.0,8450.0,8450.0,0,0.0,0.0,2022-07-12 00:00:00+07:00,0.0,0.0007501107666342835,0.0010346430568785826
2022-07-13 00:00:00+07:00,8800.0,9200.0,8720.0,9050.0,2307700,0.05358424613410626,0.0010355922646330979,2022-07-13 00:00:00+07:00,0.0010355922646330979,0.0007855138763810384,0.0010639224549859076
2022-07-14 00:00:00+07:00,8800.0,9260.0,8800.0,9050.0,1506500,0.050952327173927205,0.0009363594476218169,2022-07-14 00:00:00+07:00,0.0009363594476218169,0.0007389421539449513,0.0010418260467187838
2022-07-15 00:00:00+07:00,9200.0,9300.0,9070.0,9080.0,1911800,0.02504213603216492,0.00022618160855348763,2022-07-15 00:00:00+07:00,0.00022618160855348763,0.000512508353857433,0.0009822031167273505
2022-07-18 00:00:00+07:00,9100.0,9380.0,8900.0,8900.0,1564200,0.05252848628003919,0.000995186140930151,2022-07-18 00:00:00+07:00,0.000995186140930151,0.0006386638923477104,0.0009729036043793496
2022-07-19 00:00:00+07:00,8910.0,8980.0,8570.0,8810.0,1326600,0.04673214970441981,0.0007876731945414857,2022-07-19 00:00:00+07:00,0.0007876731945414857,0.0007961985312560076,0.00100665002654134
2022-07-20 00:00:00+07:00,8990.0,9300.0,8990.0,9100.0,1165200,0.033901551675681416,0.00041452783703543514,2022-07-20 00:00:00+07:00,0.00041452783703543514,0.0006719856457364751,0.0009421023013263936
2022-07-21 00:00:00+07:00,9190.0,9260.0,9020.0,9070.0,1257000,0.026259714583555728,0.0002487107461985028,2022-07-21 00:00:00+07:00,0.0002487107461985028,0.0005344559054518122,0.0008763959522584511
2022-07-22 00:00:00+07:00,9000.0,9150.0,9000.0,9000.0,1026400,0.016529301951210506,9.854249957908572e-05,2022-07-22 00:00:00+07:00,9.854249957908572e-05,0.0005089280836569319,0.0008417535442020659
2022-07-25 00:00:00+07:00,9040.0,9150.0,8800.0,8850.0,2518400,0.039002157803269176,0.0005486454954928421,2022-07-25 00:00:00+07:00,0.0005486454954928421,0.00041961995456947016,0.000834297583399824
2022-07-26 00:00:00+07:00,8900.0,8900.0,8240.0,8320.0,1510700,0.0770509328167139,0.002141264660100685,2022-07-26 00:00:00+07:00,0.002141264660100685,0.00069033824768131,0.0008869451044755117
2022-07-27 00:00:00+07:00,8250.0,8440.0,7960.0,8440.0,2246100,0.058553308751574135,0.0012365663678338596,2022-07-27 00:00:00+07:00,0.0012365663678338596,0.0008547459538409949,0.0009150963971322599
2022-07-28 00:00:00+07:00,8650.0,9030.0,8510.0,8920.0,1450800,0.05931042484361134,0.0012687516424318222,2022-07-28 00:00:00+07:00,0.0012687516424318222,0.0010587541330876588,0.0009142986441837828
2022-07-29 00:00:00+07:00,8990.0,9200.0,8920.0,8920.0,1928000,0.030907537463076704,0.00034454294081517764,2022-07-29 00:00:00+07:00,0.00034454294081517764,0.001107954221334877,0.0008935780163425755
2022-08-01 00:00:00+07:00,8900.0,9170.0,8800.0,9150.0,2034200,0.04118556478421265,0.0006117931350540496,2022-08-01 00:00:00+07:00,0.0006117931350540496,0.0011205837492471186,0.000812800160506084
2022-08-02 00:00:00+07:00,9300.0,9790.0,9220.0,9790.0,4067900,0.059986418973916565,0.0012978378049548526,2022-08-02 00:00:00+07:00,0.0012978378049548526,0.000951898378217952,0.0007675416430270016
2022-08-03 00:00:00+07:00,9690.0,10100.0,9550.0,9850.0,1829400,0.055994269354574785,0.0011308414318369714,2022-08-03 00:00:00+07:00,0.0011308414318369714,0.0009307533910185746,0.0008065774334539579
2022-08-04 00:00:00+07:00,9900.0,9990.0,9550.0,9660.0,2205000,0.04504343816782319,0.0007317750756554673,2022-08-04 00:00:00+07:00,0.0007317750756554673,0.0008233580776633035,0.0008093339148381913
2022-08-05 00:00:00+07:00,9500.0,9990.0,9500.0,9970.0,4115000,0.0502927940539669,0.0009122756337663492,2022-08-05 00:00:00+07:00,0.0009122756337663492,0.0009369046162535378,0.000811774774741238
2022-08-08 00:00:00+07:00,10100.0,10400.0,9970.0,10150.0,3397100,0.04222522217357995,0.0006430702733897912,2022-08-08 00:00:00+07:00,0.0006430702733897912,0.0009431600439206862,0.0007878589662679441
2022-08-09 00:00:00+07:00,10150.0,10500.0,10000.0,10350.0,2046700,0.04879016416943204,0.0008585767158993226,2022-08-09 00:00:00+07:00,0.0008585767158993226,0.0008553078261095802,0.0007651419711274099
2022-08-10 00:00:00+07:00,10250.0,10700.0,10200.0,10400.0,2328700,0.04785602117763514,0.0008260145994910384,2022-08-10 00:00:00+07:00,0.0008260145994910384,0.0007943424596403936,0.0007861240689006951
2022-08-11 00:00:00+07:00,10500.0,10700.0,9720.0,9820.0,3748700,0.09605812299551272,0.0033279955730206785,2022-08-11 00:00:00+07:00,0.0033279955730206785,0.0013135865591134357,0.0009373965949470896
2022-08-12 00:00:00+07:00,9800.0,9990.0,9600.0,9960.0,1969300,0.03982149418667151,0.0005719389199484642,2022-08-12 00:00:00+07:00,0.0005719389199484642,0.0012455192163498589,0.0009163214429159697
2022-08-15 00:00:00+07:00,10000.0,10200.0,9850.0,9900.0,1527500,0.03491626510622788,0.00043971381661811134,2022-08-15 00:00:00+07:00,0.00043971381661811134,0.0012048479249955227,0.0008937466415067104
2022-08-16 00:00:00+07:00,9900.0,9970.0,9810.0,9900.0,1649800,0.01617831039647527,9.440193029179609e-05,2022-08-16 00:00:00+07:00,9.440193029179609e-05,0.0010520129678740174,0.000887756656131179
2022-08-17 00:00:00+07:00,9900.0,10250.0,9840.0,9920.0,2587200,0.0408219945202552,0.000601039462955598,2022-08-17 00:00:00+07:00,0.000601039462955598,0.0010070179405669295,0.0008698408980414266
2022-08-18 00:00:00+07:00,9790.0,9920.0,9710.0,9710.0,1322900,0.02139663899354789,0.00016512227599713248,2022-08-18 00:00:00+07:00,0.00016512227599713248,0.00037444328116222026,0.0008415431290166832
2022-08-19 00:00:00+07:00,9710.0,9800.0,9300.0,9400.0,1667200,0.05236798551731594,0.0009891138505845228,2022-08-19 00:00:00+07:00,0.0009891138505845228,0.0004578782672894319,0.0008676606750870963
2022-08-22 00:00:00+07:00,9200.0,9300.0,8950.0,9000.0,2969400,0.03836086787244616,0.0005307517022353406,2022-08-22 00:00:00+07:00,0.0005307517022353406,0.0004760858444128778,0.0008804807185433163
2022-08-23 00:00:00+07:00,8700.0,9540.0,8700.0,9540.0,1284600,0.0921704597996571,0.0030640655758050433,2022-08-23 00:00:00+07:00,0.0030640655758050433,0.0010700185735155272,0.0010152772220081326
2022-08-24 00:00:00+07:00,9500.0,9860.0,9400.0,9440.0,860800,0.04777647933858585,0.0008232710317548915,2022-08-24 00:00:00+07:00,0.0008232710317548915,0.001114464887275386,0.0010277602009291348
2022-08-25 00:00:00+07:00,9500.0,9530.0,9430.0,9430.0,843300,0.01054862102074454,4.013339755252397e-05,2022-08-25 00:00:00+07:00,4.013339755252397e-05,0.001089467111586464,0.0009322542344496729
2022-08-26 00:00:00+07:00,9500.0,9690.0,9270.0,9360.0,1229400,0.04431104632491099,0.0007081716846998705,2022-08-26 00:00:00+07:00,0.0007081716846998705,0.001033278678409534,0.0009082362943072189
2022-08-29 00:00:00+07:00,8900.0,9200.0,8710.0,9090.0,1946200,0.05473169319058311,0.00108041925420811,2022-08-29 00:00:00+07:00,0.00108041925420811,0.0011432121888040876,0.0008996757312061412
2022-08-30 00:00:00+07:00,9180.0,9180.0,8930.0,8930.0,1187400,0.027610809743991407,0.0002749620989957125,2022-08-30 00:00:00+07:00,0.0002749620989957125,0.0005853914934422215,0.0008965129656688925
2022-08-31 00:00:00+07:00,8830.0,9010.0,8800.0,8990.0,1297000,0.023583350136085812,0.00020059751350064075,2022-08-31 00:00:00+07:00,0.00020059751350064075,0.0004608567897913713,0.0008778222555982832
2022-09-01 00:00:00+07:00,8990.0,8990.0,8990.0,8990.0,0,0.0,0.0,2022-09-01 00:00:00+07:00,0.0,0.00045283011028086656,0.0008188296281003354
2022-09-02 00:00:00+07:00,8990.0,8990.0,8990.0,8990.0,0,0.0,0.0,2022-09-02 00:00:00+07:00,0.0,0.0003111957733408925,0.0007674277448350184
2022-09-05 00:00:00+07:00,9000.0,9000.0,8740.0,8800.0,840400,0.029314387668775307,0.000309938981393912,2022-09-05 00:00:00+07:00,0.000309938981393912,0.00015709971877805287,0.0007482533769140385
2022-09-06 00:00:00+07:00,8800.0,8940.0,8780.0,8830.0,1406600,0.018059181538397466,0.00011762798976305975,2022-09-06 00:00:00+07:00,0.00011762798976305975,0.0001256328969315223,0.0007121330294593436
2022-09-07 00:00:00+07:00,8820.0,8830.0,8500.0,8700.0,1271100,0.03808885111959787,0.0005232512734304581,2022-09-07 00:00:00+07:00,0.0005232512734304581,0.0001901636489174858,0.0007066867112793739
2022-09-08 00:00:00+07:00,8720.0,8780.0,8200.0,8200.0,868100,0.06834225337681792,0.0016845858021264965,2022-09-08 00:00:00+07:00,0.0016845858021264965,0.000527080809342785,0.0007442325788351547
2022-09-09 00:00:00+07:00,8300.0,8310.0,7900.0,8200.0,1291200,0.05059684939438106,0.0009233396746162916,2022-09-09 00:00:00+07:00,0.0009233396746162916,0.0007117487442660434,0.0007486564458863025
2022-09-12 00:00:00+07:00,8350.0,8350.0,8120.0,8200.0,549100,0.02793138468917747,0.0002813840525271194,2022-09-12 00:00:00+07:00,0.0002813840525271194,0.0007060377584926849,0.0006101741040456861
2022-09-13 00:00:00+07:00,8190.0,8250.0,8100.0,8110.0,472200,0.018349138668196617,0.00012143556928007672,2022-09-13 00:00:00+07:00,0.00012143556928007672,0.0007067992743960882,0.0005896966790153049
2022-09-14 00:00:00+07:00,7980.0,8190.0,7900.0,8180.0,550700,0.03605113839200222,0.0004687621243403788,2022-09-14 00:00:00+07:00,0.0004687621243403788,0.0006959014445780725,0.0005910170566390443
2022-09-15 00:00:00+07:00,8260.0,8260.0,8110.0,8150.0,561700,0.018326719405565114,0.00012113900683365402,2022-09-15 00:00:00+07:00,0.00012113900683365402,0.00038321208551950393,0.0005922323783000378
2022-09-16 00:00:00+07:00,8050.0,8090.0,7850.0,7850.0,896100,0.030115199276083252,0.0003271041320205485,2022-09-16 00:00:00+07:00,0.0003271041320205485,0.0002639649770003553,0.0005797807723484448
2022-09-19 00:00:00+07:00,7900.0,7900.0,7330.0,7330.0,1049200,0.07488724357441577,0.0020226942442597416,2022-09-19 00:00:00+07:00,0.0020226942442597416,0.0006122270153468797,0.0006642158618149269
2022-09-20 00:00:00+07:00,7400.0,7500.0,7020.0,7470.0,2287000,0.06613980250454499,0.0015777577973434096,2022-09-20 00:00:00+07:00,0.0015777577973434096,0.0009034914609595462,0.0006909724048494218
2022-09-21 00:00:00+07:00,7430.0,7550.0,7390.0,7480.0,633900,0.02141982830082283,0.00016548038328096886,2022-09-21 00:00:00+07:00,0.00016548038328096886,0.0008428351127476644,0.0006743691630787686
2022-09-22 00:00:00+07:00,7400.0,7700.0,7250.0,7660.0,720500,0.060218859993054666,0.0013079152597626077,2022-09-22 00:00:00+07:00,0.0013079152597626077,0.0010801903633334549,0.0005945441487132032
2022-09-23 00:00:00+07:00,7600.0,7930.0,7600.0,7790.0,746400,0.0425047883544713,0.0006516137855451301,2022-09-23 00:00:00+07:00,0.0006516137855451301,0.0011450922940383715,0.0005867415466127595
2022-09-26 00:00:00+07:00,7430.0,7600.0,7260.0,7450.0,2057500,0.04576841845558059,0.0007555206840172563,2022-09-26 00:00:00+07:00,0.0007555206840172563,0.0008916575819898744,0.0006192591505429747
2022-09-27 00:00:00+07:00,7440.0,7590.0,7380.0,7430.0,619600,0.028057952795157527,0.0002839399542891182,2022-09-27 00:00:00+07:00,0.0002839399542891182,0.000632894013379016,0.0005999758900697588
2022-09-28 00:00:00+07:00,7330.0,7410.0,7000.0,7360.0,1208400,0.056920290252682144,0.0011685539281254369,2022-09-28 00:00:00+07:00,0.0011685539281254369,0.0008335087223479096,0.0006039820116114554
2022-09-29 00:00:00+07:00,7400.0,7500.0,7150.0,7350.0,878300,0.04779066383634848,0.0008237599509796118,2022-09-29 00:00:00+07:00,0.0008237599509796118,0.0007366776605913104,0.0006289273685198144
2022-09-30 00:00:00+07:00,7340.0,7340.0,6950.0,7250.0,887500,0.05459718304972341,0.0010751152426808483,2022-09-30 00:00:00+07:00,0.0010751152426808483,0.0008213779520184541,0.000668678174391642
2022-10-03 00:00:00+07:00,7250.0,7280.0,6750.0,7100.0,787400,0.07558835732415607,0.002060745510913238,2022-10-03 00:00:00+07:00,0.002060745510913238,0.0010824229173976505,0.0007623484248876982
2022-10-04 00:00:00+07:00,7100.0,7100.0,6610.0,6610.0,1022900,0.07151113018367487,0.001844428529600084,2022-10-04 00:00:00+07:00,0.001844428529600084,0.0013945206324598434,0.0008461860853240657
2022-10-05 00:00:00+07:00,6650.0,6930.0,6310.0,6930.0,639200,0.09372413664869016,0.0031682354184309714,2022-10-05 00:00:00+07:00,0.0031682354184309714,0.0017944569305209505,0.0009761086506439322
2022-10-06 00:00:00+07:00,6930.0,7000.0,6450.0,6450.0,419600,0.08183001824763211,0.0024151262798899546,2022-10-06 00:00:00+07:00,0.0024151262798899546,0.002112730196303019,0.0010805403911042456
2022-10-07 00:00:00+07:00,6210.0,6210.0,6000.0,6000.0,1974300,0.03440142671733232,0.0004268423047006959,2022-10-07 00:00:00+07:00,0.0004268423047006959,0.001983075608706989,0.0010761581652528928
2022-10-10 00:00:00+07:00,5580.0,6000.0,5580.0,6000.0,2374900,0.07257069283483537,0.0018994903269582602,2022-10-10 00:00:00+07:00,0.0018994903269582602,0.001950824571915993,0.0010859265527452455
2022-10-11 00:00:00+07:00,5900.0,5900.0,5580.0,5580.0,900000,0.05576357451845429,0.001121542556287683,2022-10-11 00:00:00+07:00,0.001121542556287683,0.0018062473772535125,0.0010949357746393997
2022-10-12 00:00:00+07:00,5200.0,5500.0,5190.0,5190.0,1814800,0.05801439506062806,0.0012139088669204914,2022-10-12 00:00:00+07:00,0.0012139088669204914,0.0014153820669514168,0.0011373232662027347
2022-10-13 00:00:00+07:00,5110.0,5550.0,5110.0,5510.0,5070800,0.08259852354273008,0.0024607025328760262,2022-10-13 00:00:00+07:00,0.0024607025328760262,0.001424497317548631,0.0012436535827298235
2022-10-14 00:00:00+07:00,5720.0,5740.0,5510.0,5640.0,2107900,0.040894587166652036,0.0006031789879675744,2022-10-14 00:00:00+07:00,0.0006031789879675744,0.001459764654202007,0.0012497634401674232
2022-10-17 00:00:00+07:00,5550.0,5700.0,5350.0,5530.0,738600,0.06336961393258919,0.0014483604934818432,2022-10-17 00:00:00+07:00,0.0014483604934818432,0.0013695386875067234,0.0013100916895605228
2022-10-18 00:00:00+07:00,5650.0,5800.0,5500.0,5750.0,2359500,0.05310982531394833,0.0010173357203153801,2022-10-18 00:00:00+07:00,0.0010173357203153801,0.0013486973203122629,0.001341465852664833
2022-10-19 00:00:00+07:00,5610.0,5970.0,5570.0,5850.0,2664900,0.06935187346531811,0.0017347262197849839,2022-10-19 00:00:00+07:00,0.0017347262197849839,0.0014528607908851612,0.0013283763970068896
2022-10-20 00:00:00+07:00,5850.0,5880.0,5600.0,5600.0,1132800,0.04879016416943204,0.0008585767158993226,2022-10-20 00:00:00+07:00,0.0008585767158993226,0.0011324356274898205,0.0012956863478503402
2022-10-21 00:00:00+07:00,5600.0,5600.0,5210.0,5210.0,878700,0.07218674197582807,0.0018794441726197439,2022-10-21 00:00:00+07:00,0.0018794441726197439,0.0013876886644202545,0.0013735937928202847
2022-10-24 00:00:00+07:00,5000.0,5200.0,4850.0,4850.0,2770800,0.0696799206379898,0.0017511761846143218,2022-10-24 00:00:00+07:00,0.0017511761846143218,0.00144825180264675,0.0013937420166771806
2022-10-25 00:00:00+07:00,4530.0,4810.0,4520.0,4800.0,2544700,0.06218509027352993,0.0013947201838155063,2022-10-25 00:00:00+07:00,0.0013947201838155063,0.0015237286953467756,0.001427519580234925
2022-10-26 00:00:00+07:00,4760.0,4800.0,4470.0,4700.0,1185200,0.07122750928836778,0.0018298271354599274,2022-10-26 00:00:00+07:00,0.0018298271354599274,0.0015427488784817641,0.0014763516916641373
2022-10-27 00:00:00+07:00,4590.0,4990.0,4590.0,4990.0,1332400,0.08355588569097357,0.0025180748870546887,2022-10-27 00:00:00+07:00,0.0025180748870546887,0.0018746485127128375,0.0015779032795171179
2022-10-28 00:00:00+07:00,5000.0,5160.0,4830.0,4850.0,1087400,0.06609011182899006,0.0015753879565808407,2022-10-28 00:00:00+07:00,0.0015753879565808407,0.001813837269505057,0.0015963957353559996
2022-10-31 00:00:00+07:00,4850.0,4900.0,4520.0,4520.0,1422500,0.08072321127244113,0.002350235642908896,2022-10-31 00:00:00+07:00,0.002350235642908896,0.0019336491611639714,0.0016657809940800585
2022-11-01 00:00:00+07:00,4620.0,4670.0,4520.0,4600.0,969900,0.03264707783666612,0.00038441752385558474,2022-11-01 00:00:00+07:00,0.00038441752385558474,0.0017315886291719873,0.0016343856432243645
2022-11-02 00:00:00+07:00,4600.0,4720.0,4600.0,4620.0,670800,0.025752496102414764,0.00023919561173470466,2022-11-02 00:00:00+07:00,0.00023919561173470466,0.0014134623244269427,0.0015515879205344313
2022-11-03 00:00:00+07:00,4510.0,4780.0,4480.0,4680.0,1310600,0.0648175000764709,0.0015153016682435902,2022-11-03 00:00:00+07:00,0.0015153016682435902,0.001212907680664723,0.0015366276086545905
2022-11-04 00:00:00+07:00,4670.0,4690.0,4360.0,4360.0,1620000,0.07296052509724499,0.0019199523462554674,2022-11-04 00:00:00+07:00,0.0019199523462554674,0.0012818205585996484,0.0014798874690102493
2022-11-07 00:00:00+07:00,4300.0,4350.0,4060.0,4060.0,532800,0.06899287148695142,0.0017168129834163463,2022-11-07 00:00:00+07:00,0.0017168129834163463,0.0011551360267011384,0.0014481459555341762
2022-11-08 00:00:00+07:00,3780.0,3890.0,3780.0,3780.0,1613500,0.028685147998858577,0.00029677597298012056,2022-11-08 00:00:00+07:00,0.00029677597298012056,0.0011376077165260456,0.0014422338495468775
2022-11-09 00:00:00+07:00,3850.0,4000.0,3680.0,3830.0,1105400,0.083381608939051,0.002507581688368261,2022-11-09 00:00:00+07:00,0.002507581688368261,0.001591284931852757,0.0014698743659746045
2022-11-10 00:00:00+07:00,3700.0,3800.0,3570.0,3570.0,601800,0.06243547094079237,0.0014059741354099766,2022-11-10 00:00:00+07:00,0.0014059741354099766,0.001569419425286034,0.0014828030741165274
2022-11-11 00:00:00+07:00,3570.0,3600.0,3330.0,3330.0,3328200,0.07796154146971192,0.0021921758173435897,2022-11-11 00:00:00+07:00,0.0021921758173435897,0.0016238641195036585,0.0015272697536812133
2022-11-14 00:00:00+07:00,3100.0,3160.0,3100.0,3100.0,386100,0.019169916107720123,0.00013254244332356707,2022-11-14 00:00:00+07:00,0.00013254244332356707,0.0013070100114851027,0.0014214442950651926
2022-11-15 00:00:00+07:00,2890.0,2890.0,2890.0,2890.0,222200,0.0,0.0,2022-11-15 00:00:00+07:00,0.0,0.0012476548168890787,0.0013940270683393938
2022-11-17 00:00:00+07:00,2890.0,2890.0,2870.0,2890.0,972600,0.006944472352810995,1.7393743209053413e-05,2022-11-17 00:00:00+07:00,1.7393743209053413e-05,0.0007496172278572371,0.001328983125145176
2022-11-18 00:00:00+07:00,3090.0,3090.0,2860.0,3090.0,5283800,0.07734946607789286,0.0021578894318310215,2022-11-18 00:00:00+07:00,0.0021578894318310215,0.0009000002871414461,0.0013808264756686142
2022-11-21 00:00:00+07:00,3300.0,3300.0,3200.0,3300.0,959400,0.030771658666753687,0.0003415201719273628,2022-11-21 00:00:00+07:00,0.0003415201719273628,0.0005298691580582007,0.0013174989280387223
2022-11-24 00:00:00+07:00,2980.0,3230.0,2970.0,3200.0,1429900,0.08392018441995697,0.0025400800690664155,2022-11-24 00:00:00+07:00,0.0025400800690664155,0.0010113766832067705,0.0013939308986372267
2022-11-25 00:00:00+07:00,3350.0,3420.0,3290.0,3420.0,3130100,0.03875298629723324,0.0005416576699267364,2022-11-25 00:00:00+07:00,0.0005416576699267364,0.0011197082171921177,0.0013331224212420898
2022-11-28 00:00:00+07:00,3650.0,3650.0,3640.0,3650.0,1003100,0.002743485945750834,2.7146886496934314e-06,2022-11-28 00:00:00+07:00,2.7146886496934314e-06,0.0011167724062802458,0.0012536468986982432
2022-11-29 00:00:00+07:00,3900.0,3900.0,3650.0,3900.0,5510100,0.06624938554120066,0.001582990311322155,2022-11-29 00:00:00+07:00,0.001582990311322155,0.0010017925821784724,0.001262204631766727
2022-11-30 00:00:00+07:00,4080.0,4170.0,3850.0,4170.0,3924200,0.07984288751101724,0.002299254352065288,2022-11-30 00:00:00+07:00,0.002299254352065288,0.0013933394182060574,0.0012835422325215163
2022-12-01 00:00:00+07:00,4460.0,4460.0,4340.0,4460.0,4555800,0.027274417919659306,0.00026830300032934295,2022-12-01 00:00:00+07:00,0.00026830300032934295,0.000938984004458643,0.0011812798740340007
2022-12-05 00:00:00+07:00,5100.0,5100.0,5100.0,5100.0,796400,0.0,0.0,2022-12-05 00:00:00+07:00,0.0,0.0008306524704732957,0.0011096713305530535
2022-12-09 00:00:00+07:00,4590.0,4600.0,4400.0,4600.0,4687300,0.044451762570833796,0.0007126766331421635,2022-12-09 00:00:00+07:00,0.0007126766331421635,0.0009726448593717896,0.001035236830109111
2022-12-12 00:00:00+07:00,4920.0,4920.0,4660.0,4840.0,3170100,0.054293082366662256,0.0010631720345785362,2022-12-12 00:00:00+07:00,0.0010631720345785362,0.000868681204023066,0.0010660893078692452
2022-12-14 00:00:00+07:00,5300.0,5300.0,4990.0,4990.0,3815600,0.06027091079464881,0.0013101772574051315,2022-12-14 00:00:00+07:00,0.0013101772574051315,0.0006708657850910347,0.0011147702917633554
2022-12-15 00:00:00+07:00,5000.0,5160.0,4850.0,4900.0,2173700,0.061957874544079534,0.00138454657455247,2022-12-15 00:00:00+07:00,0.00138454657455247,0.00089411449993566,0.001108826878413759
2022-12-16 00:00:00+07:00,4900.0,5100.0,4810.0,4970.0,2510100,0.05854345561261023,0.0012361502330201207,2022-12-16 00:00:00+07:00,0.0012361502330201207,0.0011413445465396843,0.0010777449641757887
2022-12-19 00:00:00+07:00,5100.0,5250.0,4860.0,4860.0,2533600,0.0771896386911299,0.002148980940979205,2022-12-19 00:00:00+07:00,0.002148980940979205,0.0014286054081070925,0.0010973889622468277
2022-12-20 00:00:00+07:00,4790.0,4860.0,4520.0,4520.0,4327900,0.07252644406826259,0.0018971746682059521,2022-12-20 00:00:00+07:00,0.0018971746682059521,0.0015954059348325758,0.0011701343574843654
2022-12-21 00:00:00+07:00,4520.0,4610.0,4210.0,4210.0,2215900,0.09076520931426718,0.0029713470143554383,2022-12-21 00:00:00+07:00,0.0029713470143554383,0.001927639886222637,0.0011912145995746917
2022-12-23 00:00:00+07:00,4200.0,4250.0,4050.0,4050.0,827800,0.048202101817877686,0.0008380047862937639,2022-12-23 00:00:00+07:00,0.0008380047862937639,0.0018183315285708959,0.0011653978109785004
2022-12-27 00:00:00+07:00,3790.0,4030.0,3780.0,4030.0,2185300,0.06404236632709522,0.0014792762633257068,2022-12-27 00:00:00+07:00,0.0014792762633257068,0.0018669567346320131,0.0011329932857958693
2022-12-28 00:00:00+07:00,4300.0,4310.0,4250.0,4310.0,1475300,0.014018921179330996,7.08832685698628e-05,2022-12-28 00:00:00+07:00,7.08832685698628e-05,0.0014513372001501447,0.0011301905960343372
2022-12-29 00:00:00+07:00,4390.0,4610.0,4280.0,4350.0,2768200,0.07427484741485166,0.001989748033759185,2022-12-29 00:00:00+07:00,0.001989748033759185,0.0014698518732607913,0.0012206336884779366
2022-12-30 00:00:00+07:00,4400.0,4650.0,4250.0,4650.0,3721800,0.08994823666293958,0.002918097882269494,2022-12-30 00:00:00+07:00,0.002918097882269494,0.0014592020468436023,0.0013524838766170474
2023-01-02 00:00:00+07:00,4650.0,4650.0,4650.0,4650.0,0,0.0,0.0,2023-01-02 00:00:00+07:00,0.0,0.0012916010895848494,0.0012543979933520011
2023-01-03 00:00:00+07:00,4800.0,4970.0,4720.0,4970.0,1591000,0.05161104051107332,0.0009607265157177132,2023-01-03 00:00:00+07:00,0.0009607265157177132,0.0011878911400632509,0.0012825437362515625
2023-01-04 00:00:00+07:00,5310.0,5310.0,4970.0,5000.0,5932100,0.06617199514531011,0.0015792940750237459,2023-01-04 00:00:00+07:00,0.0015792940750237459,0.0014895733013540273,0.0012388716456132594
2023-01-05 00:00:00+07:00,5100.0,5300.0,4910.0,5300.0,4119000,0.07643287875164698,0.002107050680616141,2023-01-05 00:00:00+07:00,0.002107050680616141,0.0015130338307254188,0.0013100258733718688
2023-01-06 00:00:00+07:00,5300.0,5400.0,4950.0,4950.0,3241100,0.08701137698962969,0.0027306537262098475,2023-01-06 00:00:00+07:00,0.0027306537262098475,0.0014755449995134892,0.0014340231023518757
2023-01-09 00:00:00+07:00,5050.0,5070.0,4880.0,4890.0,2014100,0.03819559773803595,0.0005261882784357971,2023-01-09 00:00:00+07:00,0.0005261882784357971,0.0015807826552006487,0.0013859866463115866
2023-01-11 00:00:00+07:00,5490.0,5500.0,5220.0,5280.0,2007300,0.052250690343877894,0.0009846879270309983,2023-01-11 00:00:00+07:00,0.0009846879270309983,0.0015855749374633055,0.0013262336269918463
2023-01-12 00:00:00+07:00,5300.0,5410.0,5150.0,5350.0,1991800,0.049252378182745436,0.0008749212377581002,2023-01-12 00:00:00+07:00,0.0008749212377581002,0.0014447003700101767,0.0013538071832386077
2023-01-13 00:00:00+07:00,5380.0,5670.0,5340.0,5490.0,3344800,0.05996346476755727,0.0012968447422758876,2023-01-13 00:00:00+07:00,0.0012968447422758876,0.001282659182342126,0.0014127546715238754
2023-01-16 00:00:00+07:00,5500.0,5750.0,5500.0,5700.0,3131000,0.044451762570833796,0.0007126766331421635,2023-01-16 00:00:00+07:00,0.0007126766331421635,0.0008790637637285891,0.0014127546715238754
2023-01-17 00:00:00+07:00,5790.0,6090.0,5790.0,6090.0,6412700,0.050515790136901745,0.0009203835508261181,2023-01-17 00:00:00+07:00,0.0009203835508261181,0.0009579028182066533,0.0014062642858987656
2023-01-18 00:00:00+07:00,6390.0,6390.0,6100.0,6390.0,3432800,0.04644549721017794,0.0007780397409097186,2023-01-18 00:00:00+07:00,0.0007780397409097186,0.0009165731809823973,0.001382076216967156
2023-01-19 00:00:00+07:00,6250.0,6400.0,6130.0,6230.0,4229300,0.04310324041750605,0.0006700919323470622,2023-01-19 00:00:00+07:00,0.0006700919323470622,0.0008756073199001898,0.001349601005957819
2023-01-20 00:00:00+07:00,6230.0,6230.0,6230.0,6230.0,0,0.0,0.0,2023-01-20 00:00:00+07:00,0.0,0.0006162383714450123,0.0012934123590023592
2023-01-23 00:00:00+07:00,6230.0,6230.0,6230.0,6230.0,0,0.0,0.0,2023-01-23 00:00:00+07:00,0.0,0.0004737030448165796,0.001195731407139668
2023-01-24 00:00:00+07:00,6230.0,6230.0,6230.0,6230.0,0,0.0,0.0,2023-01-24 00:00:00+07:00,0.0,0.00028962633465135596,0.0011094961949484885
2023-01-25 00:00:00+07:00,6230.0,6230.0,6230.0,6230.0,0,0.0,0.0,2023-01-25 00:00:00+07:00,0.0,0.00013401838646941226,0.0009744349670232411
2023-01-26 00:00:00+07:00,6230.0,6230.0,6230.0,6230.0,0,0.0,0.0,2023-01-26 00:00:00+07:00,0.0,0.0,0.0009363438403735247
2023-01-27 00:00:00+07:00,6250.0,6400.0,6100.0,6210.0,4805600,0.04800921918636066,0.0008313115855935765,2023-01-27 00:00:00+07:00,0.0008313115855935765,0.00016626231711871513,0.0009068909004766094
2023-01-30 00:00:00+07:00,6200.0,6340.0,5960.0,5960.0,4789100,0.061808287371876235,0.0013778691218069696,2023-01-30 00:00:00+07:00,0.0013778691218069696,0.000441836141480109,0.0009662993483510236
2023-01-31 00:00:00+07:00,5960.0,6000.0,5710.0,6000.0,4199200,0.04954044556013611,0.0008851856485639122,2023-01-31 00:00:00+07:00,0.0008851856485639122,0.0006188732711928915,0.0009160919672057837
2023-02-01 00:00:00+07:00,6150.0,6160.0,5580.0,5580.0,4521400,0.09888800115220882,0.0035269698291132095,2023-02-01 00:00:00+07:00,0.0035269698291132095,0.0013242672370155334,0.0009437679647895891
2023-02-02 00:00:00+07:00,5600.0,5600.0,5190.0,5190.0,4956800,0.07603290056330633,0.0020850557176758477,2023-02-02 00:00:00+07:00,0.0020850557176758477,0.0017412783805507031,0.001038543224683946
2023-02-03 00:00:00+07:00,5200.0,5550.0,5200.0,5460.0,3599400,0.06513930217096145,0.0015303851787625015,2023-02-03 00:00:00+07:00,0.0015303851787625015,0.001881093099184488,0.001064436800276891
2023-02-06 00:00:00+07:00,5390.0,5530.0,5300.0,5320.0,1317600,0.04248099497616738,0.0006508844675337637,2023-02-06 00:00:00+07:00,0.0006508844675337637,0.0017356961683298467,0.0010222363635728007
2023-02-07 00:00:00+07:00,5460.0,5460.0,4950.0,4950.0,3211800,0.09806121317621473,0.0034682394299804164,2023-02-07 00:00:00+07:00,0.0034682394299804164,0.0022523069246131477,0.001084108579452995
2023-02-08 00:00:00+07:00,5050.0,5190.0,4780.0,5100.0,3592100,0.08229315067443264,0.002442541367063672,2023-02-08 00:00:00+07:00,0.002442541367063672,0.00203542123220324,0.001071012563128169
2023-02-09 00:00:00+07:00,5100.0,5260.0,5020.0,5090.0,1423100,0.04670109304598062,0.0007866266187245643,2023-02-09 00:00:00+07:00,0.0007866266187245643,0.0017757354124129834,0.0010828506695049309
2023-02-10 00:00:00+07:00,5100.0,5100.0,4830.0,4860.0,1932500,0.054394072065798764,0.0010671308918508368,2023-02-10 00:00:00+07:00,0.0010671308918508368,0.0016830845550306506,0.001086598076996742
2023-02-13 00:00:00+07:00,4810.0,4850.0,4520.0,4520.0,5723600,0.07046671110525196,0.0017909462496766245,2023-02-13 00:00:00+07:00,0.0017909462496766245,0.0019110969114592227,0.001128235577538493
2023-02-14 00:00:00+07:00,4640.0,4720.0,4500.0,4600.0,1635000,0.047731402821190025,0.0008217182725313251,2023-02-14 00:00:00+07:00,0.0008217182725313251,0.0013817926799694045,0.001106638919822831
2023-02-15 00:00:00+07:00,4600.0,4920.0,4600.0,4920.0,3911100,0.06725222700916747,0.0016312776581010146,2023-02-15 00:00:00+07:00,0.0016312776581010146,0.001219539938176873,0.001148393511866415
2023-02-16 00:00:00+07:00,5140.0,5140.0,4900.0,5100.0,2313300,0.047817874350492735,0.00082469826449859,2023-02-16 00:00:00+07:00,0.00082469826449859,0.0012271542673316781,0.0011440441806697095
2023-02-17 00:00:00+07:00,5090.0,5280.0,5000.0,5160.0,3404900,0.054488185284069776,0.0010708268095214282,2023-02-17 00:00:00+07:00,0.0010708268095214282,0.0012278934508657962,0.0011573526837884234
2023-02-20 00:00:00+07:00,5250.0,5520.0,5250.0,5520.0,4547900,0.050149783685471516,0.0009070947968322872,2023-02-20 00:00:00+07:00,0.0009070947968322872,0.0010511231602969289,0.0011681255412650247
2023-02-21 00:00:00+07:00,5650.0,5800.0,5550.0,5560.0,3880800,0.044059989794030495,0.000700169731297848,2023-02-21 00:00:00+07:00,0.000700169731297848,0.0010268134520502333,0.0011999514381421993
2023-02-22 00:00:00+07:00,5400.0,5560.0,5180.0,5180.0,5796100,0.07079305199109939,0.0018075728902792096,2023-02-22 00:00:00+07:00,0.0018075728902792096,0.0010620724984858724,0.0012821138422457999
2023-02-23 00:00:00+07:00,5180.0,5180.0,4820.0,5000.0,5949900,0.07203112820888272,0.0018713498289256133,2023-02-23 00:00:00+07:00,0.0018713498289256133,0.001271402811371277,0.001367175198106055
2023-02-24 00:00:00+07:00,5100.0,5150.0,4700.0,4820.0,3195400,0.09143420595963185,0.0030153098266643536,2023-02-24 00:00:00+07:00,0.0030153098266643536,0.0016602994147998623,0.0015042347356817075
2023-02-27 00:00:00+07:00,4660.0,4830.0,4600.0,4600.0,2519500,0.04879016416943204,0.0008585767158993226,2023-02-27 00:00:00+07:00,0.0008585767158993226,0.0016505957986132694,0.0015432609500407675
2023-02-28 00:00:00+07:00,4750.0,4830.0,4580.0,4650.0,2318600,0.053147469538387795,0.0010187784057824553,2023-02-28 00:00:00+07:00,0.0010187784057824553,0.0017143175335101908,0.0015517821691402622
2023-03-01 00:00:00+07:00,4600.0,4970.0,4500.0,4970.0,3118700,0.09934244333226319,0.0035594608634386678,2023-03-01 00:00:00+07:00,0.0035594608634386678,0.002064695128142082,0.001650945430123521
2023-03-02 00:00:00+07:00,5000.0,5090.0,4960.0,5020.0,2117300,0.025872089825595183,0.00024142240303240233,2023-03-02 00:00:00+07:00,0.00024142240303240233,0.0017387096429634398,0.0016216834644175433
2023-03-03 00:00:00+07:00,5060.0,5090.0,4880.0,4880.0,2573200,0.04213261069737548,0.0006402525084003706,2023-03-03 00:00:00+07:00,0.0006402525084003706,0.0012636981793106435,0.001490469040748778
2023-03-06 00:00:00+07:00,5210.0,5220.0,4910.0,5020.0,4005600,0.061223460088118145,0.0013519178070281537,2023-03-06 00:00:00+07:00,0.0013519178070281537,0.0013623663975364099,0.0014571445902647917
2023-03-07 00:00:00+07:00,5070.0,5080.0,4870.0,4950.0,1584800,0.04221732449589202,0.0006428297400530601,2023-03-07 00:00:00+07:00,0.0006428297400530601,0.0012871766643905308,0.0014168011612325443
2023-03-08 00:00:00+07:00,4820.0,5150.0,4820.0,5150.0,2892600,0.06622278661313583,0.0015817194348486767,2023-03-08 00:00:00+07:00,0.0015817194348486767,0.0008916283786725325,0.0014591118415650404
2023-03-09 00:00:00+07:00,5210.0,5210.0,5050.0,5090.0,2320800,0.03119161247800712,0.0003509055205967288,2023-03-09 00:00:00+07:00,0.0003509055205967288,0.0009135250021853978,0.0013174148456839639
2023-03-10 00:00:00+07:00,5010.0,5080.0,4880.0,4910.0,2176000,0.04016604172533465,0.0005818789115531145,2023-03-10 00:00:00+07:00,0.0005818789115531145,0.0009018502828159466,0.0012328392795243931
2023-03-13 00:00:00+07:00,4900.0,5000.0,4790.0,4930.0,2977400,0.0429075010112766,0.0006640197402034599,2023-03-13 00:00:00+07:00,0.0006640197402034599,0.0007642706694510079,0.0012272662395916157
2023-03-14 00:00:00+07:00,4900.0,4930.0,4670.0,4700.0,3575200,0.054179916373792776,0.0010587446002087977,2023-03-14 00:00:00+07:00,0.0010587446002087977,0.0008474536414821553,0.0012268850445169774
2023-03-15 00:00:00+07:00,4880.0,5000.0,4810.0,4950.0,2759600,0.038740828316430616,0.000541317854539464,2023-03-15 00:00:00+07:00,0.000541317854539464,0.0006393733254203128,0.0011700837538289246
2023-03-16 00:00:00+07:00,4870.0,4890.0,4780.0,4830.0,1461900,0.022751756983416027,0.00018670004738901652,2023-03-16 00:00:00+07:00,0.00018670004738901652,0.0006065322307787703,0.001141219289049729
2023-03-17 00:00:00+07:00,4860.0,4920.0,4800.0,4830.0,916200,0.024692612590371414,0.00021991185048376538,2023-03-17 00:00:00+07:00,0.00021991185048376538,0.0005341388185649005,0.0010770662977943994
2023-03-20 00:00:00+07:00,4810.0,5000.0,4780.0,4780.0,2278100,0.04499736593073572,0.000730278863382547,2023-03-20 00:00:00+07:00,0.000730278863382547,0.0005473906432007179,0.0010727745068345792
2023-03-21 00:00:00+07:00,4880.0,4950.0,4730.0,4910.0,2260300,0.04546237407675741,0.0007454504305367651,2023-03-21 00:00:00+07:00,0.0007454504305367651,0.00048473180926631137,0.0010579846714261854
2023-03-22 00:00:00+07:00,4950.0,4990.0,4860.0,4910.0,2909400,0.026397471851024944,0.0002513270412362987,2023-03-22 00:00:00+07:00,0.0002513270412362987,0.00042673364660567834,0.0010281770461718224
2023-03-23 00:00:00+07:00,4900.0,4920.0,4830.0,4880.0,1753700,0.018462062839735352,0.00012293484481282527,2023-03-23 00:00:00+07:00,0.00012293484481282527,0.0004139806060904401,0.0010019390967861395
2023-03-24 00:00:00+07:00,5000.0,5100.0,4880.0,4970.0,4422000,0.04409531986522438,0.0007012930617584381,2023-03-24 00:00:00+07:00,0.0007012930617584381,0.0005102568483453746,0.0009516536500351953
2023-03-27 00:00:00+07:00,5030.0,5100.0,4970.0,5060.0,2358200,0.025820699621742788,0.00024046427211089598,2023-03-27 00:00:00+07:00,0.00024046427211089598,0.00041229393009104443,0.000877522488361799
2023-03-28 00:00:00+07:00,5120.0,5300.0,5110.0,5150.0,4753600,0.036507416342463135,0.0004807029031429065,2023-03-28 00:00:00+07:00,0.0004807029031429065,0.00035934442461227275,0.0007623130827471878
2023-03-29 00:00:00+07:00,5180.0,5180.0,5050.0,5060.0,2703500,0.025416812984123256,0.0002330004364109317,2023-03-29 00:00:00+07:00,0.0002330004364109317,0.0003556791036471993,0.0007338777973158974
2023-03-30 00:00:00+07:00,5150.0,5200.0,4900.0,4900.0,3666100,0.059423420470800806,0.001273590587787223,2023-03-30 00:00:00+07:00,0.001273590587787223,0.0005858102522420789,0.000745460169225205
2023-03-31 00:00:00+07:00,4900.0,4940.0,4780.0,4880.0,5222100,0.03292478469646661,0.00039098530503758254,2023-03-31 00:00:00+07:00,0.00039098530503758254,0.0005237487008979077,0.0006014385529342465
2023-04-03 00:00:00+07:00,5010.0,5190.0,4970.0,5090.0,3584600,0.04331385706925998,0.000676656512077536,2023-04-03 00:00:00+07:00,0.000676656512077536,0.0006109871488912358,0.0006212219215272071
2023-04-04 00:00:00+07:00,5130.0,5440.0,5130.0,5410.0,10585600,0.058673401685173036,0.0012416439689362422,2023-04-04 00:00:00+07:00,0.0012416439689362422,0.0007631753620499029,0.0006485578970061104
2023-04-05 00:00:00+07:00,5450.0,5600.0,5400.0,5600.0,6344700,0.03636764417087479,0.00047702911431844904,2023-04-05 00:00:00+07:00,0.00047702911431844904,0.0008119810976314065,0.0006087902291556693
2023-04-07 00:00:00+07:00,5250.0,5330.0,5080.0,5330.0,6527500,0.048039976587362566,0.0008323770965388624,2023-04-07 00:00:00+07:00,0.0008323770965388624,0.0007237383993817343,0.0006174060180868421
2023-04-10 00:00:00+07:00,5450.0,5490.0,5170.0,5180.0,5169200,0.06005556700110155,0.0013008316375571992,2023-04-10 00:00:00+07:00,0.0013008316375571992,0.0009057076658856575,0.0006046383909372294
2023-04-11 00:00:00+07:00,5160.0,5300.0,5010.0,5270.0,4078400,0.056270905461302693,0.001142042732856873,2023-04-11 00:00:00+07:00,0.001142042732856873,0.000998784910041525,0.0006405991733126905
2023-04-12 00:00:00+07:00,5300.0,5350.0,5180.0,5290.0,3561300,0.032291504636523534,0.00037608941539957755,2023-04-12 00:00:00+07:00,0.00037608941539957755,0.000825673999334192,0.0006312451053057116
2023-04-13 00:00:00+07:00,5320.0,5350.0,5150.0,5150.0,2764700,0.03809984623227038,0.0005235534110338596,2023-04-13 00:00:00+07:00,0.0005235534110338596,0.0008349788586772741,0.0006248602721616389
2023-04-14 00:00:00+07:00,5160.0,5220.0,4910.0,4910.0,4412500,0.061223460088118145,0.0013519178070281537,2023-04-14 00:00:00+07:00,0.0013519178070281537,0.0009388870007751325,0.0006381863270170641
2023-04-17 00:00:00+07:00,4950.0,4980.0,4880.0,4920.0,2280300,0.020284671171505717,0.00014840566912633146,2023-04-17 00:00:00+07:00,0.00014840566912633146,0.0007084018070889588,0.0006203266822255581
2023-04-18 00:00:00+07:00,4930.0,5040.0,4910.0,5020.0,1972400,0.026132140276848122,0.0002463000552412294,2023-04-18 00:00:00+07:00,0.0002463000552412294,0.0005292532715658302,0.0006230357734915679
2023-04-19 00:00:00+07:00,5070.0,5070.0,4890.0,4890.0,1996300,0.03614851411631115,0.00047129783885203945,2023-04-19 00:00:00+07:00,0.00047129783885203945,0.0005482949562563226,0.0006344624093264895
2023-04-20 00:00:00+07:00,4860.0,4950.0,4860.0,4910.0,1188300,0.018349138668196617,0.00012143556928007672,2023-04-20 00:00:00+07:00,0.00012143556928007672,0.0004678713879055659,0.0006067877141400135
2023-04-21 00:00:00+07:00,4920.0,4940.0,4840.0,4860.0,1803600,0.02045061047129084,0.00015084367374567324,2023-04-21 00:00:00+07:00,0.00015084367374567324,0.00022765656124906991,0.0005797601342858729
2023-04-24 00:00:00+07:00,4900.0,4940.0,4800.0,4890.0,1425700,0.028749413285985792,0.00029810723734774534,2023-04-24 00:00:00+07:00,0.00029810723734774534,0.00025759687489335266,0.0005818865068363933
2023-04-25 00:00:00+07:00,4900.0,4990.0,4830.0,4900.0,2081900,0.032589442098945966,0.00038306140676449765,2023-04-25 00:00:00+07:00,0.00038306140676449765,0.00028494914519800634,0.0005937104414705602
2023-04-26 00:00:00+07:00,4880.0,4930.0,4800.0,4890.0,1499800,0.026723070140753508,0.00025756523930846185,2023-04-26 00:00:00+07:00,0.00025756523930846185,0.0002422026252892908,0.0005735409949955612
2023-04-27 00:00:00+07:00,4930.0,5050.0,4900.0,5020.0,2687700,0.030153038170687457,0.00032792664257411065,2023-04-27 00:00:00+07:00,0.00032792664257411065,0.0002835008399480976,0.0005775165572893437
2023-04-28 00:00:00+07:00,5150.0,5150.0,5000.0,5050.0,2167900,0.02955880224154443,0.00031512888404484034,2023-04-28 00:00:00+07:00,0.00031512888404484034,0.00031635788200793096,0.0005699904655121589
2023-05-01 00:00:00+07:00,5050.0,5050.0,5050.0,5050.0,0,0.0,0.0,2023-05-01 00:00:00+07:00,0.0,0.0002567364345383819,0.0005593995365843893
2023-05-02 00:00:00+07:00,5050.0,5050.0,5050.0,5050.0,0,0.0,0.0,2023-05-02 00:00:00+07:00,0.0,0.0001801241531854824,0.0005015090553213337
2023-05-03 00:00:00+07:00,5050.0,5050.0,5050.0,5050.0,0,0.0,0.0,2023-05-03 00:00:00+07:00,0.0,0.00012861110532379002,0.00048373699600144356
2023-05-04 00:00:00+07:00,5030.0,5060.0,4920.0,4940.0,2768500,0.028057952795157527,0.0002839399542891182,2023-05-04 00:00:00+07:00,0.0002839399542891182,0.00011981376766679154,0.00046588624337469734
2023-05-05 00:00:00+07:00,4940.0,4990.0,4880.0,4880.0,2076300,0.022290689898371432,0.00017920972272583133,2023-05-05 00:00:00+07:00,0.00017920972272583133,9.262993540298974e-05,0.0004175937776378605
2023-05-08 00:00:00+07:00,4960.0,5140.0,4930.0,5100.0,5762900,0.04171409141247491,0.0006275959389182812,2023-05-08 00:00:00+07:00,0.0006275959389182812,0.000218149123186646,0.0004244377242105801
2023-05-09 00:00:00+07:00,5150.0,5150.0,5010.0,5100.0,3047900,0.027560799578871416,0.00027396694913088044,2023-05-09 00:00:00+07:00,0.00027396694913088044,0.00027294251301282203,0.00039905544478294457
2023-05-10 00:00:00+07:00,5150.0,5390.0,5140.0,5380.0,5559100,0.047492305453832095,0.000813506546870036,2023-05-10 00:00:00+07:00,0.000813506546870036,0.00043564382238682925,0.00037690430429716446
2023-05-11 00:00:00+07:00,5400.0,5490.0,5250.0,5250.0,5747700,0.04470017891790699,0.000720664402644892,2023-05-11 00:00:00+07:00,0.000720664402644892,0.000522988712057984,0.0003577507438329835
2023-05-12 00:00:00+07:00,5300.0,5390.0,5250.0,5350.0,3983700,0.026317308317373358,0.00024980290495886645,2023-05-12 00:00:00+07:00,0.00024980290495886645,0.0005371073485045911,0.00035201044790386025
2023-05-15 00:00:00+07:00,5500.0,5720.0,5360.0,5720.0,10004000,0.065004830308996,0.0015240731268962872,2023-05-15 00:00:00+07:00,0.0015240731268962872,0.0007164027861001922,0.0003974886168066979
2023-05-16 00:00:00+07:00,5750.0,6070.0,5710.0,5750.0,10021200,0.06113958140348797,0.0013482159774400378,2023-05-16 00:00:00+07:00,0.0013482159774400378,0.0009312525917620237,0.0003973203518254198
2023-05-17 00:00:00+07:00,5780.0,5990.0,5500.0,5500.0,7347700,0.08534331988893276,0.0026269609304985157,2023-05-17 00:00:00+07:00,0.0026269609304985157,0.0012939434684877196,0.0005099819546150646
2023-05-18 00:00:00+07:00,5600.0,5650.0,5400.0,5500.0,4774400,0.045256591588120856,0.00073871723770102,2023-05-18 00:00:00+07:00,0.00073871723770102,0.0012975540354989452,0.0005323645538177823
2023-05-19 00:00:00+07:00,5640.0,5640.0,5170.0,5340.0,5581800,0.08701137698962969,0.0027306537262098475,2023-05-19 00:00:00+07:00,0.0027306537262098475,0.0017937241997491415,0.0006350625486976827
2023-05-22 00:00:00+07:00,5400.0,5550.0,5330.0,5340.0,4375700,0.04044668958059002,0.0005900387190160147,2023-05-22 00:00:00+07:00,0.0005900387190160147,0.0016069173181730869,0.000656362691867498
2023-05-23 00:00:00+07:00,5360.0,5520.0,5360.0,5470.0,4394800,0.029413885206293407,0.00031204651306165963,2023-05-23 00:00:00+07:00,0.00031204651306165963,0.0013996834252974113,0.0006636900936545883
2023-05-24 00:00:00+07:00,5470.0,5470.0,5470.0,5470.0,0,0.0,0.0,2023-05-24 00:00:00+07:00,0.0,0.0008742912391977083,0.0006501397646842363
2023-05-25 00:00:00+07:00,5730.0,5990.0,5650.0,5740.0,7357500,0.05843586696900833,0.0012316109205194703,2023-05-25 00:00:00+07:00,0.0012316109205194703,0.0009728699757613982,0.0006887101971276441
2023-05-26 00:00:00+07:00,5830.0,5940.0,5750.0,5800.0,4219300,0.03250927856529443,0.0003811792150630094,2023-05-26 00:00:00+07:00,0.0003811792150630094,0.0005029750735320307,0.0006943290142073963
2023-05-29 00:00:00+07:00,5970.0,6200.0,5880.0,6200.0,10563700,0.05299253014051038,0.0010128470292645297,2023-05-29 00:00:00+07:00,0.0010128470292645297,0.0005875367355817338,0.0007254617590569608
2023-05-30 00:00:00+07:00,6360.0,6390.0,6110.0,6210.0,7003400,0.04480749520593948,0.000724128901818658,2023-05-30 00:00:00+07:00,0.000724128901818658,0.0006699532133331335,0.0007440526689557708
2023-05-31 00:00:00+07:00,6190.0,6640.0,6150.0,6640.0,9411200,0.07665988166991591,0.002119584996687898,2023-05-31 00:00:00+07:00,0.002119584996687898,0.0010938702126707131,0.0008403974415324933
2023-06-01 00:00:00+07:00,7000.0,7100.0,6640.0,6830.0,7120100,0.06698282055892722,0.0016182343288206672,2023-06-01 00:00:00+07:00,0.0016182343288206672,0.0011711948943309526,0.0009139535473879783
2023-06-02 00:00:00+07:00,6830.0,6950.0,6460.0,6500.0,8885700,0.07311234178219027,0.0019279507551908446,2023-06-02 00:00:00+07:00,0.0019279507551908446,0.0014805492023565194,0.0010015876726239257
2023-06-05 00:00:00+07:00,6600.0,6800.0,6500.0,6600.0,6157500,0.04512043528046964,0.0007342790019914765,2023-06-05 00:00:00+07:00,0.0007342790019914765,0.0014248355969019087,0.0010220576293376693
2023-06-06 00:00:00+07:00,6600.0,6790.0,6510.0,6750.0,4236400,0.04211148535012685,0.0006396106224371282,2023-06-06 00:00:00+07:00,0.0006396106224371282,0.0014079319410256028,0.0010429849429609101
2023-06-07 00:00:00+07:00,6800.0,7220.0,6800.0,7140.0,6571100,0.05993234072267385,0.0012954988367683458,2023-06-07 00:00:00+07:00,0.0012954988367683458,0.0012431147090416924,0.0010733441655904584
2023-06-08 00:00:00+07:00,7190.0,7220.0,6650.0,6650.0,10762300,0.08223809823697201,0.002439274439582376,2023-06-08 00:00:00+07:00,0.002439274439582376,0.0014073227311940343,0.0011717672333382537
2023-06-09 00:00:00+07:00,6600.0,6730.0,6300.0,6540.0,8019200,0.06602551025914942,0.0015723096505490422,2023-06-09 00:00:00+07:00,0.0015723096505490422,0.0013361945102656736,0.0012062582835054812
2023-06-12 00:00:00+07:00,6680.0,6880.0,6580.0,6810.0,4985000,0.044583906608026386,0.0007169201520907416,2023-06-12 00:00:00+07:00,0.0007169201520907416,0.0013327227402855268,0.0012060880902984743
2023-06-13 00:00:00+07:00,6900.0,6980.0,6700.0,6730.0,4948200,0.04094139037736072,0.0006045604357350779,2023-06-13 00:00:00+07:00,0.0006045604357350779,0.0013257127029451168,0.0012222134326064838
2023-06-14 00:00:00+07:00,6790.0,6810.0,6400.0,6400.0,6946400,0.06209412979579474,0.0013906429482921177,2023-06-14 00:00:00+07:00,0.0013906429482921177,0.001344741525249871,0.0012161484244881126
2023-06-15 00:00:00+07:00,6400.0,6550.0,6300.0,6510.0,4012400,0.03891541624967362,0.0005462078128421354,2023-06-15 00:00:00+07:00,0.0005462078128421354,0.000966128199901823,0.0011796935079154806
2023-06-16 00:00:00+07:00,6600.0,6600.0,6400.0,6400.0,4991700,0.030771658666753687,0.0003415201719273628,2023-06-16 00:00:00+07:00,0.0003415201719273628,0.0007199703041774871,0.0010758098370713374
2023-06-19 00:00:00+07:00,6490.0,6490.0,6050.0,6050.0,7890100,0.07020425867324856,0.0017776303771007524,2023-06-19 00:00:00+07:00,0.0017776303771007524,0.0009321123491794892,0.001123033161589507
2023-06-20 00:00:00+07:00,6050.0,6330.0,6050.0,6330.0,2903200,0.045241964113334664,0.0007382397902775735,2023-06-20 00:00:00+07:00,0.0007382397902775735,0.0009588482200879884,0.0010324688917744038
2023-06-21 00:00:00+07:00,6380.0,6700.0,6360.0,6700.0,6154900,0.052079149044889694,0.0009782329934058186,2023-06-21 00:00:00+07:00,0.0009782329934058186,0.0008763662291107286,0.0010501140860648493
2023-06-22 00:00:00+07:00,6700.0,6700.0,6700.0,6700.0,0,0.0,0.0,2023-06-22 00:00:00+07:00,0.0,0.0007671246665423015,0.0010359301536529556
2023-06-23 00:00:00+07:00,6690.0,7070.0,6630.0,6830.0,7998800,0.06425567571071024,0.0014891468856962655,2023-06-23 00:00:00+07:00,0.0014891468856962655,0.0009966500092960819,0.0011036186484573315
2023-06-26 00:00:00+07:00,6810.0,6980.0,6360.0,6650.0,5507000,0.09302053942225041,0.003120845398020819,2023-06-26 00:00:00+07:00,0.003120845398020819,0.0012652930134800955,0.0011894929428892108
2023-06-27 00:00:00+07:00,6660.0,6790.0,6580.0,6690.0,2729400,0.031416196233378914,0.00035597684498148765,2023-06-27 00:00:00+07:00,0.00035597684498148765,0.0011888404244208783,0.0011883473806127782
2023-06-28 00:00:00+07:00,6700.0,6780.0,6490.0,6500.0,3677300,0.04371457123630552,0.0006892344771677119,2023-06-28 00:00:00+07:00,0.0006892344771677119,0.0011310407211732568,0.001173637719153832
2023-06-29 00:00:00+07:00,6460.0,6650.0,6270.0,6300.0,4852800,0.058840500022933395,0.0012487262950965014,2023-06-29 00:00:00+07:00,0.0012487262950965014,0.001380785980192557,0.0011974830552119156
2023-06-30 00:00:00+07:00,6300.0,6460.0,6300.0,6310.0,2506800,0.02507968439702339,0.00022686039382941041,2023-06-30 00:00:00+07:00,0.00022686039382941041,0.0011283286818191862,0.0011114501187183478
2023-07-03 00:00:00+07:00,6380.0,6540.0,6320.0,6490.0,2767500,0.034217957310341246,0.00042230158158707107,2023-07-03 00:00:00+07:00,0.00042230158158707107,0.0005886199185324365,0.0010570895392986392
2023-07-04 00:00:00+07:00,6550.0,6600.0,6490.0,6510.0,2326700,0.01680711831638119,0.00010188284466245712,2023-07-04 00:00:00+07:00,0.00010188284466245712,0.0005378011184686304,0.0009740864524564397
2023-07-05 00:00:00+07:00,6570.0,6800.0,6510.0,6510.0,4555000,0.04358315596158313,0.0006850967358899203,2023-07-05 00:00:00+07:00,0.0006850967358899203,0.000536973570213072,0.000971850894906369
2023-07-06 00:00:00+07:00,6510.0,6750.0,6500.0,6720.0,6596000,0.03774032798284711,0.000513719306735928,2023-07-06 00:00:00+07:00,0.000513719306735928,0.0003899721725409574,0.0009661285623744962
2023-07-07 00:00:00+07:00,6730.0,7000.0,6730.0,6880.0,7470600,0.039335005398676945,0.0005580498244485518,2023-07-07 00:00:00+07:00,0.0005580498244485518,0.0004562100586647857,0.0009326081527235966
2023-07-10 00:00:00+07:00,6990.0,7150.0,6940.0,6970.0,5449700,0.02981058218720313,0.00032052024276507093,2023-07-10 00:00:00+07:00,0.00032052024276507093,0.00043585379090038565,0.0008363011437773554
2023-07-11 00:00:00+07:00,7100.0,7100.0,6700.0,6770.0,6819800,0.057987257650349316,0.0012127734715344468,2023-07-11 00:00:00+07:00,0.0012127734715344468,0.0006580319162747836,0.0008199585901857829
2023-07-12 00:00:00+07:00,6800.0,6930.0,6770.0,6900.0,4244200,0.023358726277628337,0.0001967944574456712,2023-07-12 00:00:00+07:00,0.0001967944574456712,0.0005603714605859338,0.0007963165131564615
2023-07-13 00:00:00+07:00,7000.0,7010.0,6820.0,7010.0,4201300,0.027478229191127967,0.0002723278333434908,2023-07-13 00:00:00+07:00,0.0002723278333434908,0.0005120931659074463,0.0007812150312295712
2023-07-14 00:00:00+07:00,7200.0,7330.0,7020.0,7200.0,8906600,0.04321229786084036,0.0006734870813820251,2023-07-14 00:00:00+07:00,0.0006734870813820251,0.000535180617294141,0.0007486170372791122
2023-07-17 00:00:00+07:00,7300.0,7590.0,7200.0,7360.0,5925800,0.05275056538552896,0.0010036187935746489,2023-07-17 00:00:00+07:00,0.0010036187935746489,0.0006718003274560566,0.0007694084454942265
2023-07-18 00:00:00+07:00,7300.0,7330.0,7050.0,7130.0,5955900,0.0389478990743829,0.0005471200362825132,2023-07-18 00:00:00+07:00,0.0005471200362825132,0.0005386696404056699,0.0007787538938740061
2023-07-19 00:00:00+07:00,7200.0,7220.0,6950.0,6950.0,5691900,0.03811329332803412,0.0005239230458729188,2023-07-19 00:00:00+07:00,0.0005239230458729188,0.0006040953580911193,0.0007217671970000137
2023-07-20 00:00:00+07:00,6900.0,7100.0,6890.0,7050.0,4165900,0.030023699021702478,0.00032511944368639786,2023-07-20 00:00:00+07:00,0.00032511944368639786,0.0006146536801597007,0.0007029889994276876
2023-07-21 00:00:00+07:00,7080.0,7160.0,7010.0,7140.0,3837000,0.02117227992605562,0.00016167758083684888,2023-07-21 00:00:00+07:00,0.00016167758083684888,0.0005122917800506656,0.0006658728443109163
2023-07-24 00:00:00+07:00,7210.0,7290.0,7120.0,7290.0,5844400,0.023595820596682356,0.00020080971446102163,2023-07-24 00:00:00+07:00,0.00020080971446102163,0.00035172996422794007,0.000675000558604599
2023-07-25 00:00:00+07:00,7310.0,7340.0,7100.0,7120.0,5619200,0.03324405857915443,0.0003986048929469293,2023-07-25 00:00:00+07:00,0.0003986048929469293,0.0003220269355608233,0.0006254304680250837
2023-07-26 00:00:00+07:00,7140.0,7330.0,7090.0,7260.0,4750600,0.03329017535452394,0.0003997115642307334,2023-07-26 00:00:00+07:00,0.0003997115642307334,0.0002971846392323862,0.0005017425664891708
2023-07-27 00:00:00+07:00,7290.0,7550.0,7200.0,7360.0,9519200,0.04746653723892376,0.0008126240070810199,2023-07-27 00:00:00+07:00,0.0008126240070810199,0.0003946855519113106,0.000522499255675513
2023-07-28 00:00:00+07:00,7230.0,7480.0,7210.0,7380.0,9850400,0.03676384068952815,0.00048747943443741565,2023-07-28 00:00:00+07:00,0.00048747943443741565,0.000459845922631424,0.0005133285719150451
2023-07-31 00:00:00+07:00,7550.0,7680.0,7350.0,7390.0,5710200,0.04391923393483558,0.0006957032948848576,2023-07-31 00:00:00+07:00,0.0006957032948848576,0.0005588246387161911,0.00048819116281451585
2023-08-01 00:00:00+07:00,7450.0,7450.0,7100.0,7100.0,8819700,0.04811924834419835,0.0008351264082687803,2023-08-01 00:00:00+07:00,0.0008351264082687803,0.0006461289417805614,0.0005158396180163054
2023-08-02 00:00:00+07:00,7100.0,7190.0,7010.0,7120.0,4948900,0.02535347068645667,0.00023184054334959048,2023-08-02 00:00:00+07:00,0.00023184054334959048,0.0006125547376043327,0.00050718229809642
2023-08-03 00:00:00+07:00,7160.0,7290.0,7100.0,7190.0,3871100,0.02640876197329701,0.00025154207090579913,2023-08-03 00:00:00+07:00,0.00025154207090579913,0.0005003383503692886,0.00051398499019839
2023-08-04 00:00:00+07:00,7200.0,7430.0,7160.0,7330.0,5509300,0.037015877757113444,0.0004941862437580345,2023-08-04 00:00:00+07:00,0.0004941862437580345,0.0005016797122334123,0.0005053072405560316
2023-08-07 00:00:00+07:00,7500.0,7500.0,7300.0,7340.0,5054300,0.02702867238791942,0.0002634899021241484,2023-08-07 00:00:00+07:00,0.0002634899021241484,0.0004152370336812705,0.0004939331767100416
2023-08-08 00:00:00+07:00,7420.0,7450.0,7230.0,7230.0,4953800,0.029974996220794723,0.00032406551726533105,2023-08-08 00:00:00+07:00,0.00032406551726533105,0.0003130248554805807,0.0004832975263835316
2023-08-09 00:00:00+07:00,7230.0,7600.0,7230.0,7380.0,8936800,0.04990921112161211,0.000898412856837058,2023-08-09 00:00:00+07:00,0.000898412856837058,0.0004463393181780742,0.0005095653724777128
2023-08-10 00:00:00+07:00,7490.0,7490.0,7260.0,7310.0,3993700,0.031188968692423324,0.0003508460379623646,2023-08-10 00:00:00+07:00,0.0003508460379623646,0.0004662001115893873,0.00047038685276989083
2023-08-11 00:00:00+07:00,7350.0,7370.0,7050.0,7230.0,4976700,0.044390089377068016,0.0007107004436317094,2023-08-11 00:00:00+07:00,0.0007107004436317094,0.0005095029515641223,0.0004937462157783471
2023-08-14 00:00:00+07:00,7380.0,7500.0,7340.0,7400.0,6628800,0.02156417791584064,0.00016771826468744234,2023-08-14 00:00:00+07:00,0.00016771826468744234,0.0004903486240767812,0.0004889912353848904
2023-08-15 00:00:00+07:00,7500.0,7910.0,7430.0,7910.0,11735300,0.06260192304989469,0.0014134807438656277,2023-08-15 00:00:00+07:00,0.0014134807438656277,0.0007082316693968404,0.0005226273109523268
2023-08-16 00:00:00+07:00,7900.0,7950.0,7720.0,7870.0,4500600,0.029357564629555834,0.00031085266778489446,2023-08-16 00:00:00+07:00,0.00031085266778489446,0.0005907196315864077,0.0004911379415982472
2023-08-17 00:00:00+07:00,7800.0,8120.0,7520.0,7520.0,6586900,0.07676401621183811,0.002125347383008552,2023-08-17 00:00:00+07:00,0.002125347383008552,0.0009456199005956452,0.0005628755482676125
2023-08-18 00:00:00+07:00,7400.0,7460.0,7000.0,7000.0,8210200,0.06364526516035608,0.0014609883336969436,2023-08-18 00:00:00+07:00,0.0014609883336969436,0.001095677478608692,0.0006054694249868864
2023-08-21 00:00:00+07:00,6900.0,6990.0,6510.0,6600.0,5654700,0.07114110002524092,0.0018253901388998147,2023-08-21 00:00:00+07:00,0.0018253901388998147,0.0014272118534511666,0.0006736635474965871
2023-08-22 00:00:00+07:00,6650.0,6730.0,6190.0,6700.0,3557800,0.0836400569601316,0.002523150683034862,2023-08-22 00:00:00+07:00,0.002523150683034862,0.0016491458412850133,0.0007810032339601331
2023-08-23 00:00:00+07:00,6750.0,6800.0,6520.0,6570.0,2335500,0.042048236243499404,0.0006376907461994036,2023-08-23 00:00:00+07:00,0.0006376907461994036,0.0017145134569679153,0.0008008614626755142
2023-08-24 00:00:00+07:00,6530.0,6810.0,6490.0,6700.0,3145800,0.04812958944542242,0.0008354853937058552,2023-08-24 00:00:00+07:00,0.0008354853937058552,0.0014565410591073757,0.0008207196672554653
2023-08-25 00:00:00+07:00,6720.0,6820.0,6640.0,6640.0,2426500,0.026747508367028144,0.00025803654112330633,2023-08-25 00:00:00+07:00,0.00025803654112330633,0.0012159507005926483,0.0008142798934778552
2023-08-28 00:00:00+07:00,6700.0,6750.0,6630.0,6750.0,2599900,0.01793770068666725,0.00011605078796704273,2023-08-28 00:00:00+07:00,0.00011605078796704273,0.0008740828304060939,0.0007826174744272197
2023-08-29 00:00:00+07:00,6840.0,7020.0,6780.0,6840.0,3153500,0.034786116085415604,0.00043644189367201777,2023-08-29 00:00:00+07:00,0.00043644189367201777,0.0004567410725335251,0.0007802975862106107
2023-08-30 00:00:00+07:00,6850.0,6900.0,6700.0,6760.0,2389600,0.029413885206293407,0.00031204651306165963,2023-08-30 00:00:00+07:00,0.00031204651306165963,0.00039161222590597633,0.0007628586415822834
2023-08-31 00:00:00+07:00,6830.0,6900.0,6780.0,6870.0,3157200,0.017544309650909525,0.00011101639368941265,2023-08-31 00:00:00+07:00,0.00011101639368941265,0.0002467184259026878,0.0007299445500104941
2023-09-01 00:00:00+07:00,6870.0,6870.0,6870.0,6870.0,0,0.0,0.0,2023-09-01 00:00:00+07:00,0.0,0.00019511111767802654,0.0007194063434946035
2023-09-04 00:00:00+07:00,6870.0,6870.0,6870.0,6870.0,0,0.0,0.0,2023-09-04 00:00:00+07:00,0.0,0.00017190096008461799,0.0007079726129988854
2023-09-05 00:00:00+07:00,6870.0,7090.0,6840.0,6970.0,5260500,0.03589760890957697,0.0004647780303975046,2023-09-05 00:00:00+07:00,0.0004647780303975046,0.00017756818742971538,0.0007066358760279523
2023-09-06 00:00:00+07:00,6970.0,7000.0,6830.0,7000.0,2905100,0.02458547547261453,0.0002180076689218591,2023-09-06 00:00:00+07:00,0.0002180076689218591,0.0001587604186017553,0.0007045685017914846
2023-09-07 00:00:00+07:00,7100.0,7380.0,7060.0,7160.0,5166100,0.04432858710723034,0.0007087324633333653,2023-09-07 00:00:00+07:00,0.0007087324633333653,0.00027830363253054577,0.0007220533629763953
2023-09-08 00:00:00+07:00,7160.0,7250.0,7100.0,7150.0,3291200,0.020906684819313643,0.00015764670274681975,2023-09-08 00:00:00+07:00,0.00015764670274681975,0.00030983297307990974,0.0006883821741541117
2023-09-11 00:00:00+07:00,7200.0,7230.0,6700.0,6700.0,6630600,0.07613150977375292,0.002090467559771666,2023-09-11 00:00:00+07:00,0.002090467559771666,0.0007279264850342429,0.0007674558796908981
2023-09-12 00:00:00+07:00,6720.0,6860.0,6670.0,6830.0,2896600,0.02808758181026142,0.0002845399483955273,2023-09-12 00:00:00+07:00,0.0002845399483955273,0.0006918788686338474,0.0007480849480892535
2023-09-13 00:00:00+07:00,6850.0,7100.0,6700.0,6800.0,3104000,0.057987257650349316,0.0012127734715344468,2023-09-13 00:00:00+07:00,0.0012127734715344468,0.0008908320291563649,0.00079558745749139
2023-09-14 00:00:00+07:00,6800.0,6810.0,6500.0,6500.0,3592600,0.046589943259829576,0.0007828866919723473,2023-09-14 00:00:00+07:00,0.0007828866919723473,0.0009056628748841614,0.0007669240914962409
2023-09-15 00:00:00+07:00,6550.0,6660.0,6450.0,6490.0,1425600,0.03203935374461666,0.00037023889628441805,2023-09-15 00:00:00+07:00,0.00037023889628441805,0.0009481813135916809,0.0007696234655189465
2023-09-18 00:00:00+07:00,6490.0,6620.0,6470.0,6570.0,1463800,0.02291926143610771,0.00018945923734130563,2023-09-18 00:00:00+07:00,0.00018945923734130563,0.0005679796491056089,0.000681628549806799
2023-09-19 00:00:00+07:00,6570.0,6640.0,6360.0,6380.0,1501400,0.0430835861363117,0.0006694809725928261,2023-09-19 00:00:00+07:00,0.0006694809725928261,0.0006449678539450687,0.0006456509424838846
2023-09-20 00:00:00+07:00,6470.0,6590.0,6350.0,6590.0,1993800,0.03709853560981568,0.0004963957810810628,2023-09-20 00:00:00+07:00,0.0004963957810810628,0.0005016923158543919,0.0005852421080375776
2023-09-21 00:00:00+07:00,6630.0,6690.0,6550.0,6600.0,2569500,0.02114882449297661,0.00016131955448242858,2023-09-21 00:00:00+07:00,0.00016131955448242858,0.0003773788883564081,0.00047788614764883073
2023-09-22 00:00:00+07:00,6520.0,6520.0,6140.0,6140.0,3486900,0.06004963377951052,0.0013005746175510401,2023-09-22 00:00:00+07:00,0.0013005746175510401,0.0005634460326097325,0.0005080172327102687
2023-09-25 00:00:00+07:00,6000.0,6150.0,5720.0,5720.0,2664600,0.07248327642672,0.0018949169487020435,2023-09-25 00:00:00+07:00,0.0018949169487020435,0.0009045375748818801,0.0005561732124828228
2023-09-26 00:00:00+07:00,5600.0,5740.0,5330.0,5330.0,3407000,0.07410797215372183,0.0019808172386635886,2023-09-26 00:00:00+07:00,0.0019808172386635886,0.0011668048280960327,0.0006344814260073811
2023-09-27 00:00:00+07:00,5330.0,5450.0,5050.0,5380.0,1949000,0.07622736538788431,0.0020957350029484484,2023-09-27 00:00:00+07:00,0.0020957350029484484,0.0014866726724695098,0.0007244670721428994
2023-09-28 00:00:00+07:00,5310.0,5430.0,5250.0,5310.0,1618900,0.03371105734231166,0.00040988242432818455,2023-09-28 00:00:00+07:00,0.00040988242432818455,0.001536385246438661,0.0007232598235363617
2023-09-29 00:00:00+07:00,5410.0,5440.0,5320.0,5350.0,1094800,0.022305757514298186,0.00017945208183806527,2023-09-29 00:00:00+07:00,0.00017945208183806527,0.001312160739296066,0.0007172328039352892
2023-10-02 00:00:00+07:00,5400.0,5540.0,5340.0,5480.0,1266500,0.03676884778708906,0.0004876122292302984,2023-10-02 00:00:00+07:00,0.0004876122292302984,0.0010306997954017169,0.0007343507964598748
2023-10-03 00:00:00+07:00,5470.0,5470.0,5100.0,5100.0,2263800,0.07003807670360972,0.0017692246055080402,2023-10-03 00:00:00+07:00,0.0017692246055080402,0.000988381268770607,0.0008147700967102403
2023-10-04 00:00:00+07:00,5100.0,5150.0,4880.0,5100.0,1384000,0.05385149481058895,0.001045947951123524,2023-10-04 00:00:00+07:00,0.001045947951123524,0.0007784238584056223,0.0008623131853976732
2023-10-05 00:00:00+07:00,5110.0,5170.0,4900.0,4900.0,987600,0.05363748340375683,0.0010376510597519051,2023-10-05 00:00:00+07:00,0.0010376510597519051,0.0009039775854903665,0.0008883528685501459
2023-10-06 00:00:00+07:00,4910.0,4990.0,4750.0,4940.0,1212400,0.049291291716877524,0.0008763043071009785,2023-10-06 00:00:00+07:00,0.0008763043071009785,0.0010433480305429492,0.0009182754430128331
2023-10-09 00:00:00+07:00,4920.0,5060.0,4920.0,5030.0,1194000,0.028057952795157527,0.0002839399542891182,2023-10-09 00:00:00+07:00,0.0002839399542891182,0.0010026135755547131,0.0008989666926017311
2023-10-10 00:00:00+07:00,5100.0,5190.0,5090.0,5130.0,1312200,0.01945586661536588,0.0001365261074311519,2023-10-10 00:00:00+07:00,0.0001365261074311519,0.0006760738759393353,0.000898006665541928
2023-10-11 00:00:00+07:00,5130.0,5170.0,5030.0,5130.0,1083300,0.027452704408689837,0.0002718221326176629,2023-10-11 00:00:00+07:00,0.0002718221326176629,0.0005212487122381632,0.0008153409643076551
2023-10-12 00:00:00+07:00,5180.0,5260.0,5130.0,5160.0,1351700,0.02502536756694038,0.000225878803025121,2023-10-12 00:00:00+07:00,0.000225878803025121,0.00035889426089280634,0.0008126745486090002
2023-10-13 00:00:00+07:00,5100.0,5160.0,5020.0,5140.0,1116800,0.027506645789833514,0.0002728913800082649,2023-10-13 00:00:00+07:00,0.0002728913800082649,0.0002382116754742636,0.0007699526353578102
2023-10-16 00:00:00+07:00,5140.0,5170.0,5040.0,5040.0,835300,0.025466606437060425,0.00023391426150511452,2023-10-16 00:00:00+07:00,0.00023391426150511452,0.00022820653691746286,0.000744999343063845
2023-10-17 00:00:00+07:00,5090.0,5100.0,4890.0,4890.0,842000,0.042048236243499404,0.0006376907461994036,2023-10-17 00:00:00+07:00,0.0006376907461994036,0.0003284394646711132,0.0007571562453327081
2023-10-18 00:00:00+07:00,4910.0,4930.0,4550.0,4550.0,2467100,0.08021175509173963,0.0023205481589421233,2023-10-18 00:00:00+07:00,0.0023205481589421233,0.0007381846699360053,0.0008540239235872906
2023-10-19 00:00:00+07:00,4550.0,4550.0,4360.0,4360.0,1319700,0.04265517560191611,0.0006562329244997005,2023-10-19 00:00:00+07:00,0.0006562329244997005,0.0008242554942309212,0.0008534217395830577
2023-10-20 00:00:00+07:00,4350.0,4500.0,4150.0,4440.0,1646600,0.08096906253366709,0.0023645732361937785,2023-10-20 00:00:00+07:00,0.0023645732361937785,0.0012425918654680238,0.0009383388966336357
2023-10-23 00:00:00+07:00,4440.0,4530.0,4440.0,4520.0,987000,0.020067563050809173,0.0001452458792636517,2023-10-23 00:00:00+07:00,0.0001452458792636517,0.0012248581890197314,0.0009376082750327822
2023-10-24 00:00:00+07:00,4520.0,4650.0,4480.0,4560.0,650500,0.03724417317237118,0.0005003008286685262,2023-10-24 00:00:00+07:00,0.0005003008286685262,0.0011973802055135559,0.0009012321937199408
2023-10-25 00:00:00+07:00,4600.0,4650.0,4510.0,4550.0,1016700,0.03057006608467793,0.00033706006697835627,2023-10-25 00:00:00+07:00,0.00033706006697835627,0.0008006825871208024,0.000830420517277955
2023-10-26 00:00:00+07:00,4350.0,4400.0,4240.0,4240.0,2343300,0.037041271680349076,0.0004948645273969961,2023-10-26 00:00:00+07:00,0.0004948645273969961,0.0007684089077002615,0.0007628772122203826
2023-10-27 00:00:00+07:00,4240.0,4380.0,4000.0,4310.0,1412200,0.09075436326846412,0.002970636930821378,2023-10-27 00:00:00+07:00,0.002970636930821378,0.0008896216466257814,0.000802645481669152
2023-10-30 00:00:00+07:00,4350.0,4380.0,4150.0,4150.0,625500,0.05394039014574777,0.00104940399769247,2023-10-30 00:00:00+07:00,0.00104940399769247,0.0010704532703115451,0.0008317146440948013
2023-10-31 00:00:00+07:00,4150.0,4220.0,3950.0,3950.0,1073900,0.06611954913488986,0.0015767916614294842,2023-10-31 00:00:00+07:00,0.0015767916614294842,0.0012857514368637367,0.000895230079530775
2023-11-01 00:00:00+07:00,3950.0,4000.0,3850.0,4000.0,674800,0.03822121282019767,0.0005268942695066274,2023-11-01 00:00:00+07:00,0.0005268942695066274,0.0013237182773693907,0.0008970156268160626
2023-11-02 00:00:00+07:00,4120.0,4280.0,4000.0,4280.0,2092600,0.06765864847381486,0.0016510536440490357,2023-11-02 00:00:00+07:00,0.0016510536440490357,0.001554956100699799,0.0008916442194770169
2023-11-03 00:00:00+07:00,4370.0,4460.0,4270.0,4450.0,1898300,0.04353493879143956,0.0006835816940217934,2023-11-03 00:00:00+07:00,0.0006835816940217934,0.0010975450533398817,0.0008751730259723927
2023-11-06 00:00:00+07:00,4460.0,4490.0,4350.0,4440.0,1000000,0.03167685665357012,0.0003619084357525027,2023-11-06 00:00:00+07:00,0.0003619084357525027,0.0009600459409518884,0.0008444574521542382
2023-11-07 00:00:00+07:00,4350.0,4480.0,4330.0,4340.0,1092500,0.03405550441249538,0.0004183012689500479,2023-11-07 00:00:00+07:00,0.0004183012689500479,0.0007283478624560012,0.0008236391322382867
2023-11-08 00:00:00+07:00,4300.0,4640.0,4290.0,4640.0,2365800,0.0784276332982383,0.002218465946797208,2023-11-08 00:00:00+07:00,0.002218465946797208,0.0010666621979141173,0.0009115721318977455
2023-11-09 00:00:00+07:00,4800.0,4960.0,4710.0,4960.0,4367300,0.05171783270850972,0.0009647064487460897,2023-11-09 00:00:00+07:00,0.0009647064487460897,0.000929392758853528,0.0009492166928666061
2023-11-10 00:00:00+07:00,4800.0,5090.0,4800.0,4850.0,2196600,0.05866191264858603,0.0012411577555615301,2023-11-10 00:00:00+07:00,0.0012411577555615301,0.0010409079711614754,0.0009932774030004183
2023-11-13 00:00:00+07:00,4900.0,4950.0,4700.0,4790.0,1894500,0.05182506786458595,0.0009687111678789626,2023-11-13 00:00:00+07:00,0.0009687111678789626,0.0011622685175867674,0.0010270425104937748
2023-11-14 00:00:00+07:00,4900.0,4940.0,4830.0,4880.0,1218700,0.022518863535349824,0.00018289738065228002,2023-11-14 00:00:00+07:00,0.00018289738065228002,0.0011151877399272138,0.0010229518741594118
2023-11-15 00:00:00+07:00,5000.0,5150.0,4910.0,4950.0,2406400,0.04772277286921567,0.0008214211621285624,2023-11-15 00:00:00+07:00,0.0008214211621285624,0.0008357787829934846,0.0010496567332786593
2023-11-16 00:00:00+07:00,4950.0,5000.0,4800.0,4980.0,1131500,0.0408219945202552,0.000601039462955598,2023-11-16 00:00:00+07:00,0.000601039462955598,0.0007630453858353864,0.0010479907658584866
2023-11-17 00:00:00+07:00,5000.0,5160.0,4900.0,4900.0,3019800,0.05170137437689041,0.0009640925431955244,2023-11-17 00:00:00+07:00,0.0009640925431955244,0.0007076323433621853,0.0009863336924154592
2023-11-20 00:00:00+07:00,4800.0,4950.0,4780.0,4920.0,1837700,0.03494703007723439,0.0004404890279696897,2023-11-20 00:00:00+07:00,0.0004404890279696897,0.0006019879153803307,0.0009765271516640952
2023-11-21 00:00:00+07:00,5040.0,5050.0,4920.0,4960.0,997500,0.026079712783051663,0.000245312769755848,2023-11-21 00:00:00+07:00,0.000245312769755848,0.0006144709932010442,0.000880197130462371
2023-11-22 00:00:00+07:00,5000.0,5100.0,4960.0,5080.0,1702400,0.027834798993444057,0.00027944138587548853,2023-11-22 00:00:00+07:00,0.00027944138587548853,0.0005060750379504294,0.0008862969262174545
2023-11-23 00:00:00+07:00,5180.0,5250.0,4950.0,4950.0,2806100,0.058840500022933395,0.0012487262950965014,2023-11-23 00:00:00+07:00,0.0012487262950965014,0.0006356124043786102,0.0009203162656005443
2023-11-24 00:00:00+07:00,4980.0,4980.0,4740.0,4870.0,1824700,0.049392755329576474,0.0008799156757287055,2023-11-24 00:00:00+07:00,0.0008799156757287055,0.0006187770308852464,0.000944991520543742
2023-11-27 00:00:00+07:00,4920.0,4940.0,4740.0,4780.0,768700,0.04132819549284594,0.0006160379031315909,2023-11-27 00:00:00+07:00,0.0006160379031315909,0.0006538868059176266,0.0009504994012589509
2023-11-28 00:00:00+07:00,4780.0,4800.0,4650.0,4790.0,1044900,0.03174869831458027,0.0003635518808054429,2023-11-28 00:00:00+07:00,0.0003635518808054429,0.0006775346281275457,0.0008319955353491356
2023-11-29 00:00:00+07:00,4830.0,4860.0,4780.0,4830.0,734700,0.01659789140903783,9.936201392454004e-05,2023-11-29 00:00:00+07:00,9.936201392454004e-05,0.0006415187537373559,0.0007888118088142296
2023-11-30 00:00:00+07:00,4830.0,5050.0,4830.0,4880.0,1500500,0.04454177562278715,0.0007155658391440056,2023-11-30 00:00:00+07:00,0.0007155658391440056,0.0005348866625468567,0.0007496651805285262
2023-12-01 00:00:00+07:00,4880.0,4930.0,4760.0,4810.0,1162200,0.03509131981127019,0.0004441339302217464,2023-12-01 00:00:00+07:00,0.0004441339302217464,0.0004477303134454649,0.0007459033469246679
2023-12-04 00:00:00+07:00,4850.0,5070.0,4850.0,5020.0,1925200,0.04436211265370003,0.0007098048921982791,2023-12-04 00:00:00+07:00,0.0007098048921982791,0.00046648371125880257,0.0007031193127496335
2023-12-05 00:00:00+07:00,5030.0,5120.0,5000.0,5020.0,1137600,0.023716526617316065,0.00020286948088553075,2023-12-05 00:00:00+07:00,0.00020286948088553075,0.00043434723127482006,0.0006812687576070761
2023-12-06 00:00:00+07:00,5000.0,5200.0,5000.0,5200.0,2395200,0.03922071315328133,0.0005548115838144644,2023-12-06 00:00:00+07:00,0.0005548115838144644,0.000525437145252805,0.0006900370825189835
2023-12-07 00:00:00+07:00,5300.0,5400.0,5040.0,5260.0,3333000,0.06899287148695142,0.0017168129834163463,2023-12-07 00:00:00+07:00,0.0017168129834163463,0.0007256865741072731,0.0007490603422674515
2023-12-08 00:00:00+07:00,5320.0,5350.0,5060.0,5120.0,1679200,0.0557300776085409,0.0011201955505845812,2023-12-08 00:00:00+07:00,0.0011201955505845812,0.0008608988981798401,0.0006991389606214231
2023-12-11 00:00:00+07:00,5240.0,5240.0,5020.0,5090.0,1238300,0.04289156462931293,0.0006635265813475479,2023-12-11 00:00:00+07:00,0.0006635265813475479,0.0008516432360096939,0.0006854489666487621
2023-12-12 00:00:00+07:00,5130.0,5140.0,5050.0,5120.0,773800,0.0176648361798053,0.0001125469618902863,2023-12-12 00:00:00+07:00,0.0001125469618902863,0.000833578732210645,0.000634148476027342
2023-12-13 00:00:00+07:00,5120.0,5190.0,5000.0,5000.0,1116200,0.03729578474369693,0.0005016883854755438,2023-12-13 00:00:00+07:00,0.0005016883854755438,0.0008229540925428609,0.0006129201677362774
2023-12-14 00:00:00+07:00,5050.0,5080.0,4930.0,4950.0,954600,0.029972273535791717,0.0003240066489842087,2023-12-14 00:00:00+07:00,0.0003240066489842087,0.0005443928256564333,0.0006193342253877287
2023-12-15 00:00:00+07:00,4950.0,5050.0,4920.0,4990.0,942000,0.026079712783051663,0.000245312769755848,2023-12-15 00:00:00+07:00,0.000245312769755848,0.00036941626949068667,0.0005931474802798781
2023-12-18 00:00:00+07:00,5060.0,5090.0,4990.0,5000.0,817800,0.019841920799004098,0.00014199791618423204,2023-12-18 00:00:00+07:00,0.00014199791618423204,0.00026511053645802355,0.0005722819554266342
2023-12-19 00:00:00+07:00,5010.0,5070.0,4800.0,4950.0,1542700,0.054724899689246466,0.0010801510595407696,2023-12-19 00:00:00+07:00,0.0010801510595407696,0.0004586313559881202,0.0005775573425332363
2023-12-20 00:00:00+07:00,5040.0,5040.0,4900.0,4940.0,583700,0.028170876966696224,0.00028623008623927576,2023-12-20 00:00:00+07:00,0.00028623008623927576,0.00041553969614086656,0.0005705455724545811
2023-12-21 00:00:00+07:00,4930.0,4950.0,4900.0,4920.0,609200,0.010152371464017908,3.7174877585212684e-05,2023-12-21 00:00:00+07:00,3.7174877585212684e-05,0.0003581733418610674,0.0005610847591740976
2023-12-22 00:00:00+07:00,4930.0,4980.0,4870.0,4870.0,644600,0.022335953942063082,0.0001799382773579707,2023-12-22 00:00:00+07:00,0.0001799382773579707,0.00034509844338149185,0.0005565618906051196
2023-12-25 00:00:00+07:00,4870.0,4960.0,4870.0,4930.0,665300,0.018311803642337688,0.00012094190167687344,2023-12-25 00:00:00+07:00,0.00012094190167687344,0.0003408872404800201,0.0005052989636315001
2023-12-26 00:00:00+07:00,4930.0,4950.0,4900.0,4940.0,739700,0.010152371464017908,3.7174877585212684e-05,2023-12-26 00:00:00+07:00,3.7174877585212684e-05,0.0001322920040889088,0.00046699256371588675
2023-12-27 00:00:00+07:00,4940.0,4960.0,4920.0,4920.0,691900,0.008097210232619303,2.364750784179397e-05,2023-12-27 00:00:00+07:00,2.364750784179397e-05,7.977548840941243e-05,0.0004400657275663506
2023-12-28 00:00:00+07:00,4920.0,5100.0,4900.0,5090.0,1382100,0.040005334613699206,0.0005772319510342546,2023-12-28 00:00:00+07:00,0.0005772319510342546,0.00018778690309922082,0.00044977845803129655
2023-12-29 00:00:00+07:00,5130.0,5140.0,5030.0,5030.0,1095800,0.02163309535542585,0.00016879200687179105,2023-12-29 00:00:00+07:00,0.00016879200687179105,0.00018555764900198487,0.0004529343668016262
2024-01-01 00:00:00+07:00,5030.0,5030.0,5030.0,5030.0,0,0.0,0.0,2024-01-01 00:00:00+07:00,0.0,0.0001613692686666102,0.000420408646840535
2024-01-02 00:00:00+07:00,5080.0,5080.0,4930.0,4990.0,1507800,0.029972273535791717,0.0003240066489842087,2024-01-02 00:00:00+07:00,0.0003240066489842087,0.00021873562294640942,0.0004149483158751924
2024-01-03 00:00:00+07:00,5030.0,5250.0,4980.0,5220.0,3109500,0.05279818556697083,0.0010054316303040936,2024-01-03 00:00:00+07:00,0.0010054316303040936,0.00041509244743886936,0.0004283858948800021
2024-01-04 00:00:00+07:00,5170.0,5250.0,5140.0,5140.0,1833600,0.021174997136458564,0.00016171908229029117,2024-01-04 00:00:00+07:00,0.00016171908229029117,0.0003319898736900766,0.0004265154222165821
2024-01-05 00:00:00+07:00,5140.0,5250.0,5120.0,5170.0,1997800,0.02507363755211596,0.00022675101252918862,2024-01-05 00:00:00+07:00,0.00022675101252918862,0.00034358167482155614,0.00041160357806725137
2024-01-08 00:00:00+07:00,5170.0,5300.0,5140.0,5200.0,2190500,0.030653741091002305,0.0003389077634691971,2024-01-08 00:00:00+07:00,0.0003389077634691971,0.0004113632275153956,0.00034897152261510826
2024-01-09 00:00:00+07:00,5210.0,5220.0,5100.0,5100.0,1893300,0.023256862164267183,0.0001950818141144215,2024-01-09 00:00:00+07:00,0.0001950818141144215,0.00038557826054143806,0.000306920898230101
2024-01-10 00:00:00+07:00,5100.0,5100.0,4970.0,4970.0,2088300,0.025820699621742788,0.00024046427211089598,2024-01-10 00:00:00+07:00,0.00024046427211089598,0.00023258478890279856,0.00028769079326479863
2024-01-11 00:00:00+07:00,5000.0,5070.0,4980.0,5020.0,1005700,0.017910926566530243,0.00011570460771855333,2024-01-11 00:00:00+07:00,0.00011570460771855333,0.00022338189398845098,0.000287834322620629
2024-01-12 00:00:00+07:00,5020.0,5020.0,4900.0,4900.0,1831500,0.02419472858705697,0.00021113296995901366,2024-01-12 00:00:00+07:00,0.00021113296995901366,0.00022025828547441603,0.0002746272582789685
2024-01-15 00:00:00+07:00,4970.0,4970.0,4860.0,4860.0,617100,0.022381402196134912,0.00018067128393297674,2024-01-15 00:00:00+07:00,0.00018067128393297674,0.00018861098956717194,0.0002681120144130034
2024-01-16 00:00:00+07:00,4860.0,4920.0,4840.0,4860.0,840500,0.016393809775676352,9.693359740133095e-05,2024-01-16 00:00:00+07:00,9.693359740133095e-05,0.00016898134622455384,0.0002613675065787072
2024-01-17 00:00:00+07:00,4910.0,4930.0,4850.0,4860.0,786500,0.016360283105206853,9.653752867691602e-05,2024-01-17 00:00:00+07:00,9.653752867691602e-05,0.00014019599753775782,0.0002593011253283746
2024-01-18 00:00:00+07:00,4860.0,4960.0,4850.0,4920.0,487500,0.02242703578744421,0.00018140877879824433,2024-01-18 00:00:00+07:00,0.00018140877879824433,0.00015333683175369604,0.00021844920347644165
2024-01-19 00:00:00+07:00,4950.0,4970.0,4850.0,4890.0,643100,0.024441135159145443,0.00021545535516174312,2024-01-19 00:00:00+07:00,0.00021545535516174312,0.00015420130879424194,0.00021523217024564475
2024-01-22 00:00:00+07:00,4900.0,4930.0,4860.0,4880.0,591000,0.014300550142196332,7.375985220204805e-05,2024-01-22 00:00:00+07:00,7.375985220204805e-05,0.0001328190224480562,0.00021689512363731907
2024-01-23 00:00:00+07:00,4890.0,4980.0,4880.0,4880.0,510300,0.020284671171505717,0.00014840566912633146,2024-01-23 00:00:00+07:00,0.00014840566912633146,0.00014311343679305628,0.00021546182326315363
2024-01-24 00:00:00+07:00,4890.0,4920.0,4870.0,4880.0,718500,0.01021459340971842,3.7631949408484805e-05,2024-01-24 00:00:00+07:00,3.7631949408484805e-05,0.00013133232093937003,0.00021167500725095416
2024-01-25 00:00:00+07:00,4880.0,4880.0,4880.0,4880.0,0,0.0,0.0,2024-01-25 00:00:00+07:00,0.0,9.505056517972119e-05,0.00020998524008798995
2024-01-26 00:00:00+07:00,4960.0,4960.0,4890.0,4910.0,544300,0.01421343725005545,7.286396169788373e-05,2024-01-26 00:00:00+07:00,7.286396169788373e-05,6.65322864869493e-05,0.00021222235162690313
2024-01-29 00:00:00+07:00,4900.0,4940.0,4880.0,4900.0,350800,0.012220111334775397,5.385981694164576e-05,2024-01-29 00:00:00+07:00,5.385981694164576e-05,6.255227943486885e-05,0.00018843270916814816
2024-01-30 00:00:00+07:00,4890.0,4920.0,4870.0,4910.0,615800,0.01021459340971842,3.7631949408484805e-05,2024-01-30 00:00:00+07:00,3.7631949408484805e-05,4.0397535491299516e-05,0.00018247088837436152
2024-01-31 00:00:00+07:00,4930.0,5030.0,4900.0,4910.0,1264600,0.026184778995067007,0.0002472933131123102,2024-01-31 00:00:00+07:00,0.0002472933131123102,8.23298082320646e-05,0.00019371149351583017
2024-02-01 00:00:00+07:00,4900.0,4920.0,4890.0,4900.0,534800,0.006116227017436054,1.3492168033705057e-05,2024-02-01 00:00:00+07:00,1.3492168033705057e-05,8.50282418388056e-05,0.00017959719892717091
2024-02-02 00:00:00+07:00,4900.0,4900.0,4900.0,4900.0,0,0.0,0.0,2024-02-02 00:00:00+07:00,0.0,7.045544949922886e-05,0.00013389576118607574
2024-02-05 00:00:00+07:00,4860.0,4900.0,4750.0,4750.0,1629200,0.03109058707003118,0.000348636130777565,2024-02-05 00:00:00+07:00,0.000348636130777565,0.00012941071226641273,0.00014239199066277
2024-02-06 00:00:00+07:00,4750.0,4820.0,4720.0,4740.0,626100,0.02096512846504487,0.00015852932244518535,2024-02-06 00:00:00+07:00,0.00015852932244518535,0.0001535901868737528,0.0001392910047498608
2024-02-07 00:00:00+07:00,4750.0,4770.0,4680.0,4690.0,1249200,0.01904819497069441,0.00013086460632663895,2024-02-07 00:00:00+07:00,0.00013086460632663895,0.00013030444551661858,0.00012983449760701723
2024-02-08 00:00:00+07:00,4690.0,4690.0,4690.0,4690.0,0,0.0,0.0,2024-02-08 00:00:00+07:00,0.0,0.00012760601190987754,0.00012096714241999805
2024-02-09 00:00:00+07:00,4690.0,4690.0,4690.0,4690.0,0,0.0,0.0,2024-02-09 00:00:00+07:00,0.0,0.00012760601190987754,0.00011003694823313913
2024-02-15 00:00:00+07:00,4710.0,4820.0,4710.0,4780.0,602200,0.02308602003418255,0.00019222624572610012,2024-02-15 00:00:00+07:00,0.00019222624572610012,9.632403489958459e-05,0.00011351520450620945
2024-02-16 00:00:00+07:00,4800.0,4850.0,4750.0,4850.0,1147200,0.020834086902842053,0.00015655375555467476,2024-02-16 00:00:00+07:00,0.00015655375555467476,9.592892152148246e-05,0.00011103433112419404
2024-02-19 00:00:00+07:00,4870.0,4950.0,4840.0,4930.0,1237100,0.022472855852058576,0.00018215079867288267,2024-02-19 00:00:00+07:00,0.00018215079867288267,0.00010618615999073121,0.00011110158179418978
2024-02-20 00:00:00+07:00,4930.0,4970.0,4870.0,4920.0,718700,0.020325903014038908,0.0001490095988713274,2024-02-20 00:00:00+07:00,0.0001490095988713274,0.0001359880797649967,0.0001134686727700987
2024-02-21 00:00:00+07:00,4950.0,4950.0,4830.0,4850.0,881600,0.02454110891611766,0.00021722155255187687,2024-02-21 00:00:00+07:00,0.00021722155255187687,0.00017943239027537206,0.00011895431021896056
2024-02-22 00:00:00+07:00,4850.0,5000.0,4830.0,4910.0,1568300,0.03459144476961908,0.00043157069840599497,2024-02-22 00:00:00+07:00,0.00043157069840599497,0.00022730128081135102,0.0001303253065647674
2024-02-23 00:00:00+07:00,4980.0,4980.0,4700.0,4750.0,1251000,0.057867382320548735,0.0012077643935330693,2024-02-23 00:00:00+07:00,0.0012077643935330693,0.00043754340840702986,0.00017543026285437313
2024-02-26 00:00:00+07:00,4740.0,4790.0,4730.0,4760.0,956100,0.01260520891898219,5.730791971296448e-05,2024-02-26 00:00:00+07:00,5.730791971296448e-05,0.00041257483261504627,0.00017468244774123298
2024-02-27 00:00:00+07:00,4800.0,4810.0,4740.0,4760.0,727900,0.014659948410684617,7.751387202870836e-05,2024-02-27 00:00:00+07:00,7.751387202870836e-05,0.00039827568724652246,0.00017146009332770468
2024-02-28 00:00:00+07:00,4770.0,4800.0,4720.0,4740.0,768000,0.01680711831638119,0.00010188284466245712,2024-02-28 00:00:00+07:00,0.00010188284466245712,0.00037520794566863857,0.00017438058856652158
2024-02-29 00:00:00+07:00,4730.0,4760.0,4700.0,4720.0,1374500,0.012685159527315642,5.803719496610236e-05,2024-02-29 00:00:00+07:00,5.803719496610236e-05,0.00030050124498066,0.00017701864288316262
2024-03-01 00:00:00+07:00,4720.0,4790.0,4700.0,4780.0,951400,0.018967902706811045,0.00012976368626516215,2024-03-01 00:00:00+07:00,0.00012976368626516215,8.490110352707859e-05,0.0001796049939998571
2024-03-04 00:00:00+07:00,4780.0,4880.0,4780.0,4800.0,983400,0.0207046733616912,0.00015461488953472395,2024-03-04 00:00:00+07:00,0.00015461488953472395,0.00010436249749143049,0.0001841847700268152
2024-03-05 00:00:00+07:00,4830.0,4830.0,4750.0,4780.0,651100,0.016701849617931572,0.00010061058765133233,2024-03-05 00:00:00+07:00,0.00010061058765133233,0.00010898184061595528,0.0001870474354014901
2024-03-06 00:00:00+07:00,4810.0,4880.0,4790.0,4820.0,1435900,0.01861480844223201,0.00012497745899401553,2024-03-06 00:00:00+07:00,0.00012497745899401553,0.00011360076348226696,0.0001814876238506585
2024-03-07 00:00:00+07:00,4840.0,4840.0,4790.0,4830.0,785100,0.01038430930571639,3.8892850891233706e-05,2024-03-07 00:00:00+07:00,3.8892850891233706e-05,0.00010977189466729323,0.00018264220034418252
2024-03-08 00:00:00+07:00,4840.0,4860.0,4750.0,4760.0,1125100,0.022893819865852497,0.00018903885161398795,2024-03-08 00:00:00+07:00,0.00018903885161398795,0.00012162692773705838,0.0001912348754175456
2024-03-11 00:00:00+07:00,4740.0,4760.0,4670.0,4690.0,788700,0.019088596562522618,0.00013142032779834634,2024-03-11 00:00:00+07:00,0.00013142032779834634,0.00011698801538978286,0.0001813614298275811
2024-03-12 00:00:00+07:00,4660.0,4710.0,4650.0,4660.0,693400,0.012820688429061469,5.928396464885262e-05,2024-03-12 00:00:00+07:00,5.928396464885262e-05,0.00010872269078928692,0.0001768502772004751
2024-03-13 00:00:00+07:00,4680.0,4750.0,4660.0,4700.0,657100,0.01912916990899539,0.00013197959671119535,2024-03-13 00:00:00+07:00,0.00013197959671119535,0.00011012311833272288,0.0001769009585815913
2024-03-14 00:00:00+07:00,4710.0,4750.0,4660.0,4700.0,842300,0.01912916990899539,0.00013197959671119535,2024-03-14 00:00:00+07:00,0.00013197959671119535,0.00012874046749671524,0.0001829000311593729
2024-03-15 00:00:00+07:00,4700.0,4880.0,4690.0,4730.0,1125100,0.03971263740686783,0.0005688162680454583,2024-03-15 00:00:00+07:00,0.0005688162680454583,0.0002046959507830093,0.0002087553160705301
2024-03-18 00:00:00+07:00,4750.0,4900.0,4650.0,4790.0,1678200,0.05236798551731594,0.0009891138505845228,2024-03-18 00:00:00+07:00,0.0009891138505845228,0.0003762346553402446,0.00024497747992773114
2024-03-19 00:00:00+07:00,4880.0,4880.0,4730.0,4750.0,689700,0.031220017361214127,0.00035154492125580306,2024-03-19 00:00:00+07:00,0.00035154492125580306,0.0004346868466616347,0.00025384071473232787
2024-03-20 00:00:00+07:00,4750.0,4800.0,4700.0,4730.0,663400,0.021053409197832263,0.00015986721553613642,2024-03-20 00:00:00+07:00,0.00015986721553613642,0.00044026437042662297,0.0002528278245897485
2024-03-21 00:00:00+07:00,4760.0,4880.0,4750.0,4880.0,1869300,0.027000601818505877,0.00026294289258039263,2024-03-21 00:00:00+07:00,0.00026294289258039263,0.00046645702960046236,0.0002580066106674333
2024-03-22 00:00:00+07:00,4920.0,4960.0,4840.0,4850.0,1224800,0.024491020008295696,0.00021633575013685962,2024-03-22 00:00:00+07:00,0.00021633575013685962,0.0003959609260187426,0.0002579663469212961
2024-03-25 00:00:00+07:00,4890.0,5140.0,4800.0,5030.0,2884900,0.06843716155322847,0.0016892678830775533,2024-03-25 00:00:00+07:00,0.0016892678830775533,0.0005359917325173487,0.00031513440077000335
2024-03-26 00:00:00+07:00,4980.0,5080.0,4960.0,5040.0,1253600,0.023905520853554386,0.00020611565022094936,2024-03-26 00:00:00+07:00,0.00020611565022094936,0.000506905878310378,0.00026960491243763424
2024-03-27 00:00:00+07:00,5090.0,5150.0,5050.0,5090.0,1880100,0.019608471388376337,0.00013867622958451948,2024-03-27 00:00:00+07:00,0.00013867622958451948,0.0005026676811200546,0.0002733034719772504
2024-03-28 00:00:00+07:00,5060.0,5120.0,4940.0,4980.0,1797400,0.03578910785158529,0.00046197267937297465,2024-03-28 00:00:00+07:00,0.00046197267937297465,0.0005424736384785709,0.0002907788723110807
2024-03-29 00:00:00+07:00,4990.0,4990.0,4830.0,4870.0,1491600,0.032589442098945966,0.00038306140676449765,2024-03-29 00:00:00+07:00,0.00038306140676449765,0.0005758187698040986,0.00030355971604299157
2024-04-01 00:00:00+07:00,4880.0,5000.0,4860.0,4910.0,807500,0.028399474521697957,0.0002908942630542881,2024-04-01 00:00:00+07:00,0.0002908942630542881,0.00029614404579944554,0.0003141441282288182
2024-04-02 00:00:00+07:00,4960.0,4960.0,4850.0,4950.0,926900,0.02242703578744421,0.00018140877879824433,2024-04-02 00:00:00+07:00,0.00018140877879824433,0.0002912026715149045,0.0003164916324348674
2024-04-03 00:00:00+07:00,5000.0,5000.0,4860.0,4860.0,1322600,0.028399474521697957,0.0002908942630542881,2024-04-03 00:00:00+07:00,0.0002908942630542881,0.00032164627820885827,0.00032268614941302945
2024-04-04 00:00:00+07:00,4850.0,4860.0,4750.0,4760.0,1581500,0.022893819865852497,0.00018903885161398795,2024-04-04 00:00:00+07:00,0.00018903885161398795,0.0002670595126570609,0.0003267056159567865
2024-04-05 00:00:00+07:00,4720.0,4940.0,4690.0,4800.0,1809900,0.051932748741643046,0.0009727408793915532,2024-04-05 00:00:00+07:00,0.0009727408793915532,0.00038499540718247205,0.00036524031688394727
2024-04-08 00:00:00+07:00,4820.0,4830.0,4750.0,4760.0,424100,0.016701849617931572,0.00010061058765133233,2024-04-08 00:00:00+07:00,0.00010061058765133233,0.0003469386721018809,0.00036804566855486084
2024-04-09 00:00:00+07:00,4760.0,4800.0,4670.0,4730.0,797400,0.02745684623303929,0.000271904159105054,2024-04-09 00:00:00+07:00,0.000271904159105054,0.0003650377481632428,0.00037181227344081845
2024-04-10 00:00:00+07:00,4750.0,4780.0,4680.0,4690.0,830100,0.021142436573809164,0.0001612221173273911,2024-04-10 00:00:00+07:00,0.0001612221173273911,0.0003391033190178634,0.00037316690023759315
2024-04-11 00:00:00+07:00,4690.0,4690.0,4600.0,4640.0,789200,0.01937627896313868,0.0001354114237881191,2024-04-11 00:00:00+07:00,0.0001354114237881191,0.0003283778334526897,0.00037662723928937796
2024-04-12 00:00:00+07:00,4640.0,4660.0,4350.0,4400.0,3719900,0.06883960303696185,0.0017091936168802807,2024-04-12 00:00:00+07:00,0.0017091936168802807,0.0004756683809504352,0.00044831878566070003
2024-04-15 00:00:00+07:00,4400.0,4400.0,4100.0,4100.0,2619400,0.07061756721395342,0.0017986226226833625,2024-04-15 00:00:00+07:00,0.0017986226226833625,0.0008152707879568414,0.0005240752868412532
2024-04-16 00:00:00+07:00,4000.0,4060.0,3840.0,3950.0,1387300,0.055710607014005854,0.0011194129547500136,2024-04-16 00:00:00+07:00,0.0011194129547500136,0.000984772547085833,0.0005491024089641874
2024-04-17 00:00:00+07:00,3950.0,4010.0,3930.0,3930.0,555900,0.020151815437307912,0.0001464680506567397,2024-04-17 00:00:00+07:00,0.0001464680506567397,0.000981821733751703,0.0005108003271492882
2024-04-19 00:00:00+07:00,3900.0,3900.0,3660.0,3660.0,2170600,0.06351340572232593,0.0014549408911935684,2024-04-19 00:00:00+07:00,0.0014549408911935684,0.0012457276272327927,0.0005609546894191866
2024-04-22 00:00:00+07:00,3670.0,3800.0,3670.0,3750.0,710600,0.03480940466586115,0.00043702646680782593,2024-04-22 00:00:00+07:00,0.00043702646680782593,0.0009912941972183018,0.0005735528372042636
2024-04-23 00:00:00+07:00,3750.0,3750.0,3630.0,3650.0,434200,0.03252319170555993,0.0003815055548022691,2024-04-23 00:00:00+07:00,0.0003815055548022691,0.0007078707836420831,0.0005789420491234396
2024-04-24 00:00:00+07:00,3670.0,3840.0,3670.0,3800.0,827800,0.045280704533156496,0.0007395046321052229,2024-04-24 00:00:00+07:00,0.0007395046321052229,0.000631889119113125,0.0006027224528492744
2024-04-25 00:00:00+07:00,3800.0,3850.0,3740.0,3760.0,369700,0.028987536873252187,0.0003030659712484705,2024-04-25 00:00:00+07:00,0.0003030659712484705,0.0006632087032314712,0.0005397132750388615
2024-04-26 00:00:00+07:00,3710.0,3770.0,3680.0,3730.0,477500,0.024162249279079777,0.0002105664953267098,2024-04-26 00:00:00+07:00,0.0002105664953267098,0.00041433382405809934,0.0005399155861800324
2024-04-29 00:00:00+07:00,3730.0,3730.0,3730.0,3730.0,0,0.0,0.0,2024-04-29 00:00:00+07:00,0.0,0.0003269285306965342,0.0005336121211989178
2024-04-30 00:00:00+07:00,3730.0,3730.0,3730.0,3730.0,0,0.0,0.0,2024-04-30 00:00:00+07:00,0.0,0.0002506274197360804,0.0005126133630456008
2024-05-02 00:00:00+07:00,3800.0,3800.0,3610.0,3760.0,274900,0.05129329438755048,0.000948933402211387,2024-05-02 00:00:00+07:00,0.000948933402211387,0.0002925131737573132,0.0005383348173840959
2024-05-03 00:00:00+07:00,3770.0,3890.0,3760.0,3790.0,605200,0.03399020022855173,0.0004166985540660082,2024-05-03 00:00:00+07:00,0.0004166985540660082,0.0003152396903208207,0.0005440531942482649
2024-05-06 00:00:00+07:00,3770.0,3900.0,3700.0,3880.0,904100,0.05264373348542188,0.000999557797034296,2024-05-06 00:00:00+07:00,0.000999557797034296,0.000473037950662338,0.0005812417859862672
2024-05-07 00:00:00+07:00,3890.0,3890.0,3750.0,3800.0,698300,0.03665331764803558,0.00048455282380377874,2024-05-07 00:00:00+07:00,0.00048455282380377874,0.0005699485154230938,0.0005900444478385169
2024-05-08 00:00:00+07:00,3800.0,3840.0,3750.0,3760.0,669600,0.023716526617316065,0.00020286948088553075,2024-05-08 00:00:00+07:00,0.00020286948088553075,0.0006105224116002,0.0005906731128054051
2024-05-09 00:00:00+07:00,3760.0,3810.0,3730.0,3770.0,666700,0.021220955482885436,0.00016242183631289393,2024-05-09 00:00:00+07:00,0.00016242183631289393,0.0004532200984205013,0.0005538404290291025
2024-05-10 00:00:00+07:00,3780.0,4030.0,3780.0,4030.0,2059200,0.06404236632709522,0.0014792762633257068,2024-05-10 00:00:00+07:00,0.0014792762633257068,0.000665735640272441,0.0006165070506506648
2024-05-13 00:00:00+07:00,4310.0,4310.0,4310.0,4310.0,1115500,0.0,0.0,2024-05-13 00:00:00+07:00,0.0,0.0004658240808655818,0.0006041477706913443
2024-05-14 00:00:00+07:00,4310.0,4400.0,4150.0,4160.0,1642900,0.058496206681608626,0.0012341557075126652,2024-05-14 00:00:00+07:00,0.0012341557075126652,0.0006157446576073591,0.0006529174793361294
2024-05-15 00:00:00+07:00,4160.0,4190.0,4090.0,4150.0,1043000,0.024155763879335986,0.00021045347400925132,2024-05-15 00:00:00+07:00,0.00021045347400925132,0.0006172614562321031,0.0006563284816189082
2024-05-16 00:00:00+07:00,4100.0,4230.0,4040.0,4130.0,2026600,0.04595730108512794,0.0007617694994167417,2024-05-16 00:00:00+07:00,0.0007617694994167417,0.0007371309888528728,0.0006132637490069291
2024-05-17 00:00:00+07:00,4100.0,4130.0,4020.0,4130.0,1069800,0.026995504342011735,0.00026284361933451934,2024-05-17 00:00:00+07:00,0.00026284361933451934,0.0004938444600546352,0.0005434556124910727
2024-05-20 00:00:00+07:00,4180.0,4200.0,4090.0,4110.0,1229300,0.02653955523461231,0.0002540398387980328,2024-05-20 00:00:00+07:00,0.0002540398387980328,0.0005446524278142418,0.0005041204708568918
2024-05-21 00:00:00+07:00,4160.0,4160.0,4020.0,4110.0,1160700,0.034233171642242176,0.0004226772010168567,2024-05-21 00:00:00+07:00,0.0004226772010168567,0.0003823567265150801,0.0005166754322368971
2024-05-22 00:00:00+07:00,4000.0,4090.0,3960.0,4020.0,3593300,0.03230094478832125,0.00037630934074323394,2024-05-22 00:00:00+07:00,0.00037630934074323394,0.0004155278998618766,0.0004676467253982455
2024-05-23 00:00:00+07:00,4000.0,4090.0,3980.0,4000.0,1622700,0.027263150758363996,0.0002680813722248858,2024-05-23 00:00:00+07:00,0.0002680813722248858,0.00031679027442350547,0.00045996740291720273
2024-05-24 00:00:00+07:00,3980.0,4000.0,3800.0,3820.0,1982600,0.05129329438755048,0.000948933402211387,2024-05-24 00:00:00+07:00,0.000948933402211387,0.0004540082309988791,0.00048575957779943535
2024-05-27 00:00:00+07:00,3820.0,3820.0,3560.0,3560.0,2904500,0.0704898777545448,0.001792124026904612,2024-05-27 00:00:00+07:00,0.001792124026904612,0.0007616250686201949,0.0005336059139266804
2024-05-28 00:00:00+07:00,3320.0,3560.0,3320.0,3370.0,3040200,0.06979576193554192,0.001757003606444572,2024-05-28 00:00:00+07:00,0.001757003606444572,0.0010284903497057379,0.0005996939882537759
2024-05-29 00:00:00+07:00,3370.0,3600.0,3330.0,3600.0,1528500,0.07796154146971192,0.0021921758173435897,2024-05-29 00:00:00+07:00,0.0021921758173435897,0.001391663645025809,0.0006897671392545432
2024-05-30 00:00:00+07:00,3600.0,3650.0,3410.0,3630.0,1459400,0.06801487629897465,0.0016684852538200409,2024-05-30 00:00:00+07:00,0.0016684852538200409,0.0016717444213448398,0.000765607378064545
2024-05-31 00:00:00+07:00,3630.0,3640.0,3550.0,3610.0,940300,0.025036078161324832,0.00022607219190937702,2024-05-31 00:00:00+07:00,0.00022607219190937702,0.001527172179284438,0.0007758833867876985
2024-06-03 00:00:00+07:00,3610.0,3610.0,3610.0,3610.0,0,0.0,0.0,2024-06-03 00:00:00+07:00,0.0,0.0011687473739035157,0.0007327500503235446
2024-06-04 00:00:00+07:00,3680.0,3680.0,3520.0,3630.0,609900,0.044451762570833796,0.0007126766331421635,2024-06-04 00:00:00+07:00,0.0007126766331421635,0.000959881979243034,0.0007462035993724606
2024-06-05 00:00:00+07:00,3630.0,3630.0,3550.0,3550.0,700800,0.022285044789434955,0.00017911896462809488,2024-06-05 00:00:00+07:00,0.00017911896462809488,0.0005572706086999351,0.0007089109251721789
2024-06-06 00:00:00+07:00,3550.0,3590.0,3400.0,3500.0,585800,0.05437677087807182,0.0010664521526069328,2024-06-06 00:00:00+07:00,0.0010664521526069328,0.0004368639884573134,0.0007353608946632312
2024-06-07 00:00:00+07:00,3500.0,3740.0,3500.0,3570.0,732500,0.06632264293107251,0.0015864931318804274,2024-06-07 00:00:00+07:00,0.0015864931318804274,0.0007089481764515235,0.0007982528787993629
2024-06-10 00:00:00+07:00,3570.0,3630.0,3570.0,3590.0,718600,0.016667052485211643,0.00010019179415849023,2024-06-10 00:00:00+07:00,0.00010019179415849023,0.0007289865352832215,0.0007954242405196174
2024-06-11 00:00:00+07:00,3500.0,3600.0,3480.0,3500.0,492700,0.033901551675681416,0.00041452783703543514,2024-06-11 00:00:00+07:00,0.00041452783703543514,0.000669356776061876,0.0007470265847791505
2024-06-12 00:00:00+07:00,3500.0,3540.0,3470.0,3500.0,308000,0.01997213318691517,0.0001438677510430202,2024-06-12 00:00:00+07:00,0.0001438677510430202,0.000662306533344861,0.0007535660280083786
2024-06-13 00:00:00+07:00,3450.0,3540.0,3450.0,3500.0,456800,0.025752496102414764,0.00023919561173470466,2024-06-13 00:00:00+07:00,0.00023919561173470466,0.0004968552251704153,0.0007083405691093804
2024-06-14 00:00:00+07:00,3500.0,3520.0,3470.0,3470.0,546300,0.01430639565123793,7.382016484739162e-05,2024-06-14 00:00:00+07:00,7.382016484739162e-05,0.0001943206317638082,0.0007021299641474777
2024-06-17 00:00:00+07:00,3470.0,3470.0,3400.0,3430.0,338700,0.020379162336652046,0.0001497915122471237,2024-06-17 00:00:00+07:00,0.0001497915122471237,0.00020424057538153488,0.0006743127829124951
2024-06-18 00:00:00+07:00,3430.0,3530.0,3430.0,3460.0,482800,0.028737609767356946,0.00029786250247521115,2024-06-18 00:00:00+07:00,0.00029786250247521115,0.0001809075084694901,0.0006759045503279811
2024-06-19 00:00:00+07:00,3460.0,3530.0,3460.0,3490.0,448200,0.020029281875572583,0.00014469226150752766,2024-06-19 00:00:00+07:00,0.00014469226150752766,0.00018107241056239157,0.0006709342059056854
2024-06-20 00:00:00+07:00,3490.0,3490.0,3440.0,3440.0,304400,0.014430264829028837,7.510401429740005e-05,2024-06-20 00:00:00+07:00,7.510401429740005e-05,0.00014825409107493064,0.0006551354246911646
2024-06-21 00:00:00+07:00,3440.0,3630.0,3440.0,3580.0,942400,0.053761176891452524,0.0010424424356812666,2024-06-21 00:00:00+07:00,0.0010424424356812666,0.0003419785452417057,0.0006854142017338025
2024-06-24 00:00:00+07:00,3350.0,3560.0,3350.0,3500.0,668200,0.06080019902696411,0.0013332897779127408,2024-06-24 00:00:00+07:00,0.0013332897779127408,0.000578678198374829,0.0007338327656287049
2024-06-25 00:00:00+07:00,3500.0,3530.0,3450.0,3500.0,503400,0.022923639901937024,0.00018953163234724908,2024-06-25 00:00:00+07:00,0.00018953163234724908,0.0005570120243492368,0.0006993145033621532
2024-06-26 00:00:00+07:00,3470.0,3520.0,3400.0,3480.0,378800,0.03468555798789011,0.00043392224864833055,2024-06-26 00:00:00+07:00,0.00043392224864833055,0.0006148580217773972,0.0006375780588959586
2024-06-27 00:00:00+07:00,3480.0,3500.0,3430.0,3430.0,330800,0.02020270731751947,0.00014720877268361652,2024-06-27 00:00:00+07:00,0.00014720877268361652,0.0006292789734546405,0.0005644055664522788
2024-06-28 00:00:00+07:00,3430.0,3470.0,3370.0,3390.0,342700,0.029241849594497386,0.0003084069991514799,2024-06-28 00:00:00+07:00,0.0003084069991514799,0.0004824718861486832,0.0004787797110799102
2024-07-01 00:00:00+07:00,3390.0,3470.0,3310.0,3430.0,133600,0.04720640456979633,0.0008037415050174057,2024-07-01 00:00:00+07:00,0.0008037415050174057,0.0003765622315696162,0.00043947317704342675
2024-07-02 00:00:00+07:00,3430.0,3480.0,3430.0,3450.0,238500,0.014472032608534469,7.553941417365832e-05,2024-07-02 00:00:00+07:00,7.553941417365832e-05,0.000353763787934898,0.00043263077805543956
2024-07-03 00:00:00+07:00,3450.0,3450.0,3420.0,3430.0,158600,0.008733679968754631,2.751117220696436e-05,2024-07-03 00:00:00+07:00,2.751117220696436e-05,0.00027248157264662476,0.0004338812858830289
2024-07-04 00:00:00+07:00,3430.0,3450.0,3360.0,3400.0,384000,0.02643325706815543,0.00025200891629781433,2024-07-04 00:00:00+07:00,0.00025200891629781433,0.00029344160136946434,0.0004129418442082857
2024-07-05 00:00:00+07:00,3300.0,3430.0,3300.0,3410.0,623100,0.03863779270541392,0.0005384422915565148,2024-07-05 00:00:00+07:00,0.0005384422915565148,0.0003394486598504713,0.00042927472270503205
2024-07-08 00:00:00+07:00,3320.0,3400.0,3320.0,3330.0,583800,0.023810648693718607,0.00020448290316844636,2024-07-08 00:00:00+07:00,0.00020448290316844636,0.00021959693948067947,0.00039009430227600995
2024-07-09 00:00:00+07:00,3330.0,3380.0,3300.0,3310.0,549000,0.0239532410224928,0.00020693936712623323,2024-07-09 00:00:00+07:00,0.00020693936712623323,0.00024587693007119445,0.00032738731296900114
2024-07-10 00:00:00+07:00,3310.0,3320.0,3240.0,3240.0,615700,0.024391453124159267,0.00021458032370103773,2024-07-10 00:00:00+07:00,0.00021458032370103773,0.0002832907603700091,0.00033258679158457144
2024-07-11 00:00:00+07:00,3240.0,3380.0,3200.0,3320.0,394600,0.054724899689246466,0.0010801510595407696,2024-07-11 00:00:00+07:00,0.0010801510595407696,0.00044891918901860013,0.00036284239260754125
2024-07-12 00:00:00+07:00,3320.0,3330.0,3260.0,3300.0,551600,0.02124510861373628,0.00016279177520596474,2024-07-12 00:00:00+07:00,0.00016279177520596474,0.00037378908574849014,0.00036370257552403867
2024-07-15 00:00:00+07:00,3320.0,3350.0,3230.0,3260.0,251300,0.03647820860240988,0.0004799340385998478,2024-07-15 00:00:00+07:00,0.0004799340385998478,0.0004288793128347704,0.0003746452312906361
2024-07-16 00:00:00+07:00,3260.0,3320.0,3240.0,3240.0,187600,0.024391453124159267,0.00021458032370103773,2024-07-16 00:00:00+07:00,0.00021458032370103773,0.00043040750414973135,0.00038104342032943827
2024-07-17 00:00:00+07:00,3200.0,3240.0,3040.0,3080.0,587100,0.06371581438610778,0.0014642290687835542,2024-07-17 00:00:00+07:00,0.0014642290687835542,0.0006803372531662347,0.000440790581990185
2024-07-18 00:00:00+07:00,3080.0,3080.0,3000.0,3010.0,535600,0.026317308317373358,0.00024980290495886645,2024-07-18 00:00:00+07:00,0.00024980290495886645,0.000514267622249854,0.0004386060548303512
2024-07-19 00:00:00+07:00,3010.0,3010.0,2800.0,2840.0,1244400,0.07232066157962608,0.001886424066202515,2024-07-19 00:00:00+07:00,0.001886424066202515,0.0008589940804491641,0.000517775682316487
2024-07-22 00:00:00+07:00,2800.0,2850.0,2670.0,2840.0,554000,0.06524052186840094,0.0015351449926633595,2024-07-22 00:00:00+07:00,0.0015351449926633595,0.0010700362712618664,0.0005841411813331215
2024-07-23 00:00:00+07:00,2840.0,2870.0,2760.0,2810.0,374400,0.03908135004247106,0.0005508757605810038,2024-07-23 00:00:00+07:00,0.0005508757605810038,0.0011372953586378596,0.0005617972415558368
2024-07-24 00:00:00+07:00,2800.0,3000.0,2800.0,2940.0,344300,0.06899287148695142,0.0017168129834163463,2024-07-24 00:00:00+07:00,0.0017168129834163463,0.001187812141564418,0.0005792301145332734
2024-07-25 00:00:00+07:00,2940.0,2940.0,2850.0,2870.0,146300,0.03109058707003118,0.000348636130777565,2024-07-25 00:00:00+07:00,0.000348636130777565,0.0012075787867281578,0.0005864621371891969
2024-07-26 00:00:00+07:00,2870.0,2870.0,2700.0,2770.0,474000,0.06106025676124628,0.0013447198013333344,2024-07-26 00:00:00+07:00,0.0013447198013333344,0.0010992379337543216,0.0006278620259476061
2024-07-29 00:00:00+07:00,2670.0,2770.0,2670.0,2680.0,383100,0.03676884778708906,0.0004876122292302984,2024-07-29 00:00:00+07:00,0.0004876122292302984,0.0008897313810677093,0.0006433349103360917
2024-07-30 00:00:00+07:00,2670.0,2670.0,2500.0,2500.0,1917000,0.06578774053800315,0.00156100570213649,2024-07-30 00:00:00+07:00,0.00156100570213649,0.0010917573693788067,0.0007002712150172286
2024-08-01 00:00:00+07:00,2650.0,2650.0,2480.0,2500.0,918400,0.06630107982124007,0.001585461684310452,2024-08-01 00:00:00+07:00,0.001585461684310452,0.0010654871095576277,0.0007358039504396397
2024-08-02 00:00:00+07:00,2480.0,2530.0,2400.0,2500.0,332000,0.05275056538552896,0.0010036187935746489,2024-08-02 00:00:00+07:00,0.0010036187935746489,0.0011964836421170446,0.0007779893767760484
2024-08-05 00:00:00+07:00,2500.0,2500.0,2330.0,2370.0,1057900,0.07042246429654579,0.0017886978468238072,2024-08-05 00:00:00+07:00,0.0017886978468238072,0.001285279251215139,0.0008580433165313595
2024-08-06 00:00:00+07:00,2330.0,2420.0,2330.0,2400.0,227000,0.03789927259098573,0.0005180555094249649,2024-08-06 00:00:00+07:00,0.0005180555094249649,0.0012913679072540725,0.0008701363434916845
2024-08-07 00:00:00+07:00,2400.0,2530.0,2400.0,2490.0,1213700,0.05275056538552896,0.0010036187935746489,2024-08-07 00:00:00+07:00,0.0010036187935746489,0.0011798905255417042,0.0008912807299470541
2024-08-08 00:00:00+07:00,2450.0,2520.0,2330.0,2420.0,448200,0.07839063394572283,0.0022163732547567034,2024-08-08 00:00:00+07:00,0.0022163732547567034,0.0013060728396309545,0.000982730291382884
2024-08-09 00:00:00+07:00,2420.0,2450.0,2420.0,2420.0,74400,0.012320484388040657,5.474823378540236e-05,2024-08-09 00:00:00+07:00,5.474823378540236e-05,0.001116298727673105,0.0009758125125946645
2024-08-12 00:00:00+07:00,2550.0,2580.0,2380.0,2450.0,244600,0.08068891125014266,0.0023482387944916178,2024-08-12 00:00:00+07:00,0.0023482387944916178,0.0012282069172066673,0.0010727969885396909
2024-08-13 00:00:00+07:00,2460.0,2460.0,2420.0,2420.0,125100,0.016393809775676352,9.693359740133095e-05,2024-08-13 00:00:00+07:00,9.693359740133095e-05,0.0011439825348019406,0.0010281052857151708
2024-08-14 00:00:00+07:00,2420.0,2440.0,2400.0,2400.0,59100,0.016529301951210506,9.854249957908572e-05,2024-08-14 00:00:00+07:00,9.854249957908572e-05,0.0009629672760028279,0.0010251848640957673
2024-08-15 00:00:00+07:00,2400.0,2400.0,2360.0,2370.0,470900,0.01680711831638119,0.00010188284466245712,2024-08-15 00:00:00+07:00,0.00010188284466245712,0.0005400691939839786,0.001008000718916795
2024-08-16 00:00:00+07:00,2420.0,2520.0,2370.0,2500.0,424500,0.06136894637629202,0.0013583506089910795,2024-08-16 00:00:00+07:00,0.0013583506089910795,0.0008007896690251142,0.0010599902773390695
2024-08-19 00:00:00+07:00,2500.0,2550.0,2460.0,2460.0,103200,0.03593200922606337,0.00046566924140804627,2024-08-19 00:00:00+07:00,0.00046566924140804627,0.0004242757584083998,0.0010146011942765466
2024-08-20 00:00:00+07:00,2520.0,2590.0,2450.0,2500.0,669100,0.055569851154810786,0.001113763585849559,2024-08-20 00:00:00+07:00,0.001113763585849559,0.0006276417560980454,0.0010538721343170325
2024-08-21 00:00:00+07:00,2350.0,2580.0,2350.0,2500.0,107400,0.09337407077745849,0.0031446124784459857,2024-08-21 00:00:00+07:00,0.0031446124784459857,0.0012368557518714254,0.0011110625166917357
2024-08-22 00:00:00+07:00,2600.0,2600.0,2460.0,2500.0,255300,0.0553500950831649,0.0011049720433258126,2024-08-22 00:00:00+07:00,0.0011049720433258126,0.0014374735916040965,0.0010915092008127565
2024-08-23 00:00:00+07:00,2460.0,2500.0,2450.0,2500.0,243800,0.02020270731751947,0.00014720877268361652,2024-08-23 00:00:00+07:00,0.00014720877268361652,0.001195245224342604,0.001073160701362875
2024-08-26 00:00:00+07:00,2500.0,2540.0,2350.0,2350.0,397700,0.07774875287437763,0.002180225478461088,2024-08-26 00:00:00+07:00,0.002180225478461088,0.0015381564717532122,0.0010942249056830908
2024-08-27 00:00:00+07:00,2350.0,2440.0,2350.0,2440.0,475000,0.03758271114904285,0.0005094373233154328,2024-08-27 00:00:00+07:00,0.0005094373233154328,0.001417291219246387,0.0011015340507984483
2024-08-28 00:00:00+07:00,2420.0,2420.0,2380.0,2400.0,251200,0.016667052485211643,0.00010019179415849023,2024-08-28 00:00:00+07:00,0.00010019179415849023,0.000808407082388888,0.0010449645959268645
2024-08-29 00:00:00+07:00,2400.0,2420.0,2370.0,2390.0,137000,0.02087758502155518,0.00015720815454379878,2024-08-29 00:00:00+07:00,0.00015720815454379878,0.0006188543046324851,0.00102994622889566
2024-08-30 00:00:00+07:00,2390.0,2410.0,2370.0,2380.0,224400,0.016736792355523826,0.00010103201246726243,2024-08-30 00:00:00+07:00,0.00010103201246726243,0.0006096189525892142,0.0009635837884561497
2024-09-04 00:00:00+07:00,2380.0,2390.0,2320.0,2360.0,240600,0.02972618026520069,0.00031870785092329563,2024-09-04 00:00:00+07:00,0.00031870785092329563,0.0002373154270816558,0.0009060040687567335
2024-09-05 00:00:00+07:00,2360.0,2400.0,2300.0,2330.0,280400,0.0425596144187959,0.0006532958765024985,2024-09-05 00:00:00+07:00,0.0006532958765024985,0.000266087137719069,0.0008900802997989084
2024-09-06 00:00:00+07:00,2300.0,2330.0,2250.0,2320.0,400800,0.03493805136128044,0.0004402627130133379,2024-09-06 00:00:00+07:00,0.0004402627130133379,0.00033410132149003853,0.0008287877937166143
2024-09-09 00:00:00+07:00,2160.0,2200.0,2160.0,2160.0,2304000,0.018349138668196617,0.00012143556928007672,2024-09-09 00:00:00+07:00,0.00012143556928007672,0.00032694680443729406,0.0008107596146191194
2024-09-10 00:00:00+07:00,2010.0,2150.0,2010.0,2010.0,568200,0.06733312006858695,0.0016352043207144863,2024-09-10 00:00:00+07:00,0.0016352043207144863,0.0006337812660867388,0.0008394680476709303
2024-09-11 00:00:00+07:00,1870.0,1870.0,1870.0,1870.0,829300,0.0,0.0,2024-09-11 00:00:00+07:00,0.0,0.0005700396959020797,0.0007387238088183527
2024-09-12 00:00:00+07:00,1740.0,1900.0,1740.0,1780.0,3512800,0.08796877294595722,0.0027910757017600416,2024-09-12 00:00:00+07:00,0.0027910757017600416,0.0009975956609535885,0.0008631023300899273
2024-09-13 00:00:00+07:00,1780.0,1900.0,1740.0,1900.0,2699900,0.08796877294595722,0.0027910757017600416,2024-09-13 00:00:00+07:00,0.0027910757017600416,0.001467758258702929,0.0008832312804203102
2024-09-16 00:00:00+07:00,1900.0,1900.0,1900.0,1900.0,0,0.0,0.0,2024-09-16 00:00:00+07:00,0.0,0.0014434711448469138,0.0008788252078111588
2024-09-17 00:00:00+07:00,1900.0,1900.0,1900.0,1900.0,0,0.0,0.0,2024-09-17 00:00:00+07:00,0.0,0.0011164302807040165,0.0008743460032848367
2024-09-18 00:00:00+07:00,1900.0,1900.0,1900.0,1900.0,0,0.0,0.0,2024-09-18 00:00:00+07:00,0.0,0.0011164302807040165,0.0008697149648910885
2024-09-19 00:00:00+07:00,1900.0,1900.0,1900.0,1900.0,0,0.0,0.0,2024-09-19 00:00:00+07:00,0.0,0.0005582151403520082,0.0008079717553914941
2024-09-20 00:00:00+07:00,1900.0,1900.0,1900.0,1900.0,0,0.0,0.0,2024-09-20 00:00:00+07:00,0.0,0.0,0.0007868049716911283
2024-09-23 00:00:00+07:00,1900.0,1900.0,1900.0,1900.0,0,0.0,0.0,2024-09-23 00:00:00+07:00,0.0,0.0,0.0007361793541525121
2024-09-24 00:00:00+07:00,1900.0,1900.0,1900.0,1900.0,0,0.0,0.0,2024-09-24 00:00:00+07:00,0.0,0.0,0.0005932424233140582
2024-09-25 00:00:00+07:00,1900.0,1900.0,1900.0,1900.0,0,0.0,0.0,2024-09-25 00:00:00+07:00,0.0,0.0,0.0005430164213447031
2024-09-26 00:00:00+07:00,1900.0,1900.0,1900.0,1900.0,0,0.0,0.0,2024-09-26 00:00:00+07:00,0.0,0.0,0.0005363251134954478
2024-09-27 00:00:00+07:00,1900.0,1900.0,1900.0,1900.0,0,0.0,0.0,2024-09-27 00:00:00+07:00,0.0,0.0,0.0004372239553835802
2024-09-30 00:00:00+07:00,1900.0,1900.0,1900.0,1900.0,0,0.0,0.0,2024-09-30 00:00:00+07:00,0.0,0.0,0.00041406771341469684
2024-10-01 00:00:00+07:00,1900.0,1900.0,1900.0,1900.0,0,0.0,0.0,2024-10-01 00:00:00+07:00,0.0,0.0,0.0004095135409529473
2024-10-02 00:00:00+07:00,1900.0,1900.0,1900.0,1900.0,0,0.0,0.0,2024-10-02 00:00:00+07:00,0.0,0.0,0.00040236771574641097
2024-10-03 00:00:00+07:00,1900.0,1900.0,1900.0,1900.0,0,0.0,0.0,2024-10-03 00:00:00+07:00,0.0,0.0,0.0003977753515433536
2024-10-04 00:00:00+07:00,1900.0,1900.0,1900.0,1900.0,0,0.0,0.0,2024-10-04 00:00:00+07:00,0.0,0.0,0.0003832886310468402
2024-10-07 00:00:00+07:00,1900.0,1900.0,1900.0,1900.0,0,0.0,0.0,2024-10-07 00:00:00+07:00,0.0,0.0,0.00035359336393309023
2024-10-08 00:00:00+07:00,1900.0,1900.0,1900.0,1900.0,0,0.0,0.0,2024-10-08 00:00:00+07:00,0.0,0.0,0.00033358142243248396
2024-10-09 00:00:00+07:00,1900.0,1900.0,1900.0,1900.0,0,0.0,0.0,2024-10-09 00:00:00+07:00,0.0,0.0,0.0003280616238288441
2024-10-10 00:00:00+07:00,1900.0,1900.0,1900.0,1900.0,0,0.0,0.0,2024-10-10 00:00:00+07:00,0.0,0.0,0.0002537341547054584
2024-10-11 00:00:00+07:00,1900.0,1900.0,1900.0,1900.0,0,0.0,0.0,2024-10-11 00:00:00+07:00,0.0,0.0,0.0002537341547054584
2024-10-14 00:00:00+07:00,1900.0,1900.0,1900.0,1900.0,0,0.0,0.0,2024-10-14 00:00:00+07:00,0.0,0.0,0.00012686707735272917
2024-10-15 00:00:00+07:00,1900.0,1900.0,1900.0,1900.0,0,0.0,0.0,2024-10-15 00:00:00+07:00,0.0,0.0,0.0
2024-10-16 00:00:00+07:00,1900.0,1900.0,1900.0,1900.0,0,0.0,0.0,2024-10-16 00:00:00+07:00,0.0,0.0,0.0
2024-10-17 00:00:00+07:00,1900.0,1900.0,1900.0,1900.0,0,0.0,0.0,2024-10-17 00:00:00+07:00,0.0,0.0,0.0
2024-10-18 00:00:00+07:00,1900.0,1900.0,1900.0,1900.0,0,0.0,0.0,2024-10-18 00:00:00+07:00,0.0,0.0,0.0
2024-10-21 00:00:00+07:00,1900.0,1900.0,1900.0,1900.0,0,0.0,0.0,2024-10-21 00:00:00+07:00,0.0,0.0,0.0
2024-10-22 00:00:00+07:00,1900.0,1900.0,1900.0,1900.0,0,0.0,0.0,2024-10-22 00:00:00+07:00,0.0,0.0,0.0
2024-10-23 00:00:00+07:00,1900.0,1900.0,1900.0,1900.0,0,0.0,0.0,2024-10-23 00:00:00+07:00,0.0,0.0,0.0
2024-10-24 00:00:00+07:00,1900.0,1900.0,1900.0,1900.0,0,0.0,0.0,2024-10-24 00:00:00+07:00,0.0,0.0,0.0
2024-10-25 00:00:00+07:00,1900.0,1900.0,1900.0,1900.0,0,0.0,0.0,2024-10-25 00:00:00+07:00,0.0,0.0,0.0
2024-10-28 00:00:00+07:00,1900.0,1900.0,1900.0,1900.0,0,0.0,0.0,2024-10-28 00:00:00+07:00,0.0,0.0,0.0
2024-10-29 00:00:00+07:00,1900.0,1900.0,1900.0,1900.0,0,0.0,0.0,2024-10-29 00:00:00+07:00,0.0,0.0,0.0
2024-10-30 00:00:00+07:00,1900.0,1900.0,1900.0,1900.0,0,0.0,0.0,2024-10-30 00:00:00+07:00,0.0,0.0,0.0
2024-10-31 00:00:00+07:00,1900.0,1900.0,1900.0,1900.0,0,0.0,0.0,2024-10-31 00:00:00+07:00,0.0,0.0,0.0
2024-11-01 00:00:00+07:00,1900.0,1900.0,1900.0,1900.0,0,0.0,0.0,2024-11-01 00:00:00+07:00,0.0,0.0,0.0
2024-11-04 00:00:00+07:00,1900.0,1900.0,1900.0,1900.0,0,0.0,0.0,2024-11-04 00:00:00+07:00,0.0,0.0,0.0
2024-11-05 00:00:00+07:00,1900.0,1900.0,1900.0,1900.0,0,0.0,0.0,2024-11-05 00:00:00+07:00,0.0,0.0,0.0
2024-11-06 00:00:00+07:00,1900.0,1900.0,1900.0,1900.0,0,0.0,0.0,2024-11-06 00:00:00+07:00,0.0,0.0,0.0
2024-11-07 00:00:00+07:00,1900.0,1900.0,1900.0,1900.0,0,0.0,0.0,2024-11-07 00:00:00+07:00,0.0,0.0,0.0
2024-11-08 00:00:00+07:00,1900.0,1900.0,1900.0,1900.0,0,0.0,0.0,2024-11-08 00:00:00+07:00,0.0,0.0,0.0
2024-11-11 00:00:00+07:00,1900.0,1900.0,1900.0,1900.0,0,0.0,0.0,2024-11-11 00:00:00+07:00,0.0,0.0,0.0
2024-11-12 00:00:00+07:00,1900.0,1900.0,1900.0,1900.0,0,0.0,0.0,2024-11-12 00:00:00+07:00,0.0,0.0,0.0
2024-11-13 00:00:00+07:00,1900.0,1900.0,1900.0,1900.0,0,0.0,0.0,2024-11-13 00:00:00+07:00,0.0,0.0,0.0
2024-11-14 00:00:00+07:00,1900.0,1900.0,1900.0,1900.0,0,0.0,0.0,2024-11-14 00:00:00+07:00,0.0,0.0,0.0
2024-11-15 00:00:00+07:00,1900.0,1900.0,1900.0,1900.0,0,0.0,0.0,2024-11-15 00:00:00+07:00,0.0,0.0,0.0
2024-11-18 00:00:00+07:00,1900.0,1900.0,1900.0,1900.0,0,0.0,0.0,2024-11-18 00:00:00+07:00,0.0,0.0,0.0
2024-11-19 00:00:00+07:00,1900.0,1900.0,1900.0,1900.0,0,0.0,0.0,2024-11-19 00:00:00+07:00,0.0,0.0,0.0
2024-11-20 00:00:00+07:00,1900.0,1900.0,1900.0,1900.0,0,0.0,0.0,2024-11-20 00:00:00+07:00,0.0,0.0,0.0
2024-11-21 00:00:00+07:00,1900.0,1900.0,1900.0,1900.0,0,0.0,0.0,2024-11-21 00:00:00+07:00,0.0,0.0,0.0
2024-11-22 00:00:00+07:00,1900.0,1900.0,1900.0,1900.0,0,0.0,0.0,2024-11-22 00:00:00+07:00,0.0,0.0,0.0
2024-11-25 00:00:00+07:00,1900.0,1900.0,1900.0,1900.0,0,0.0,0.0,2024-11-25 00:00:00+07:00,0.0,0.0,0.0
2024-11-26 00:00:00+07:00,1900.0,1900.0,1900.0,1900.0,0,0.0,0.0,2024-11-26 00:00:00+07:00,0.0,0.0,0.0
2024-11-27 00:00:00+07:00,1900.0,1900.0,1900.0,1900.0,0,0.0,0.0,2024-11-27 00:00:00+07:00,0.0,0.0,0.0
2024-11-28 00:00:00+07:00,1900.0,1900.0,1900.0,1900.0,0,0.0,0.0,2024-11-28 00:00:00+07:00,0.0,0.0,0.0
2024-11-29 00:00:00+07:00,1900.0,1900.0,1900.0,1900.0,0,0.0,0.0,2024-11-29 00:00:00+07:00,0.0,0.0,0.0
2024-12-02 00:00:00+07:00,1900.0,1900.0,1900.0,1900.0,0,0.0,0.0,2024-12-02 00:00:00+07:00,0.0,0.0,0.0
2024-12-03 00:00:00+07:00,1900.0,1900.0,1900.0,1900.0,0,0.0,0.0,2024-12-03 00:00:00+07:00,0.0,0.0,0.0
2024-12-04 00:00:00+07:00,1900.0,1900.0,1900.0,1900.0,0,0.0,0.0,2024-12-04 00:00:00+07:00,0.0,0.0,0.0
2024-12-05 00:00:00+07:00,1900.0,1900.0,1900.0,1900.0,0,0.0,0.0,2024-12-05 00:00:00+07:00,0.0,0.0,0.0
2024-12-06 00:00:00+07:00,1900.0,1900.0,1900.0,1900.0,0,0.0,0.0,2024-12-06 00:00:00+07:00,0.0,0.0,0.0
2024-12-09 00:00:00+07:00,1900.0,1900.0,1900.0,1900.0,0,0.0,0.0,2024-12-09 00:00:00+07:00,0.0,0.0,0.0
2024-12-10 00:00:00+07:00,1900.0,1900.0,1900.0,1900.0,0,0.0,0.0,2024-12-10 00:00:00+07:00,0.0,0.0,0.0
2024-12-11 00:00:00+07:00,1900.0,1900.0,1900.0,1900.0,0,0.0,0.0,2024-12-11 00:00:00+07:00,0.0,0.0,0.0
2024-12-12 00:00:00+07:00,1900.0,1900.0,1900.0,1900.0,0,0.0,0.0,2024-12-12 00:00:00+07:00,0.0,0.0,0.0
2024-12-13 00:00:00+07:00,1900.0,1900.0,1900.0,1900.0,0,0.0,0.0,2024-12-13 00:00:00+07:00,0.0,0.0,0.0
2024-12-16 00:00:00+07:00,1900.0,1900.0,1900.0,1900.0,0,0.0,0.0,2024-12-16 00:00:00+07:00,0.0,0.0,0.0
2024-12-17 00:00:00+07:00,1900.0,1900.0,1900.0,1900.0,0,0.0,0.0,2024-12-17 00:00:00+07:00,0.0,0.0,0.0
2024-12-18 00:00:00+07:00,1900.0,1900.0,1900.0,1900.0,0,0.0,0.0,2024-12-18 00:00:00+07:00,0.0,0.0,0.0
2024-12-19 00:00:00+07:00,1900.0,1900.0,1900.0,1900.0,0,0.0,0.0,2024-12-19 00:00:00+07:00,0.0,0.0,0.0
2024-12-20 00:00:00+07:00,1900.0,1900.0,1900.0,1900.0,0,0.0,0.0,2024-12-20 00:00:00+07:00,0.0,0.0,0.0
2024-12-23 00:00:00+07:00,1900.0,1900.0,1900.0,1900.0,0,0.0,0.0,2024-12-23 00:00:00+07:00,0.0,0.0,0.0
2024-12-24 00:00:00+07:00,1900.0,1900.0,1900.0,1900.0,0,0.0,0.0,2024-12-24 00:00:00+07:00,0.0,0.0,0.0
2024-12-25 00:00:00+07:00,1900.0,1900.0,1900.0,1900.0,0,0.0,0.0,2024-12-25 00:00:00+07:00,0.0,0.0,0.0
2024-12-26 00:00:00+07:00,1900.0,1900.0,1900.0,1900.0,0,0.0,0.0,2024-12-26 00:00:00+07:00,0.0,0.0,0.0
2024-12-27 00:00:00+07:00,1900.0,1900.0,1900.0,1900.0,0,0.0,0.0,2024-12-27 00:00:00+07:00,0.0,0.0,0.0
2024-12-30 00:00:00+07:00,1900.0,1900.0,1900.0,1900.0,0,0.0,0.0,2024-12-30 00:00:00+07:00,0.0,0.0,0.0
2024-12-31 00:00:00+07:00,1900.0,1900.0,1900.0,1900.0,0,0.0,0.0,2024-12-31 00:00:00+07:00,0.0,0.0,0.0
2025-01-02 00:00:00+07:00,1900.0,1900.0,1900.0,1900.0,0,0.0,0.0,2025-01-02 00:00:00+07:00,0.0,0.0,0.0
2025-01-03 00:00:00+07:00,1900.0,1900.0,1900.0,1900.0,0,0.0,0.0,2025-01-03 00:00:00+07:00,0.0,0.0,0.0
2025-01-06 00:00:00+07:00,1900.0,1900.0,1900.0,1900.0,0,0.0,0.0,2025-01-06 00:00:00+07:00,0.0,0.0,0.0
2025-01-07 00:00:00+07:00,1900.0,1900.0,1900.0,1900.0,0,0.0,0.0,2025-01-07 00:00:00+07:00,0.0,0.0,0.0
2025-01-08 00:00:00+07:00,1900.0,1900.0,1900.0,1900.0,0,0.0,0.0,2025-01-08 00:00:00+07:00,0.0,0.0,0.0
2025-01-09 00:00:00+07:00,1900.0,1900.0,1900.0,1900.0,0,0.0,0.0,2025-01-09 00:00:00+07:00,0.0,0.0,0.0
2025-01-10 00:00:00+07:00,1900.0,1900.0,1900.0,1900.0,0,0.0,0.0,2025-01-10 00:00:00+07:00,0.0,0.0,0.0
2025-01-13 00:00:00+07:00,1900.0,1900.0,1900.0,1900.0,0,0.0,0.0,2025-01-13 00:00:00+07:00,0.0,0.0,0.0
2025-01-14 00:00:00+07:00,1900.0,1900.0,1900.0,1900.0,0,0.0,0.0,2025-01-14 00:00:00+07:00,0.0,0.0,0.0
2025-01-15 00:00:00+07:00,1900.0,1900.0,1900.0,1900.0,0,0.0,0.0,2025-01-15 00:00:00+07:00,0.0,0.0,0.0
2025-01-16 00:00:00+07:00,1900.0,1900.0,1900.0,1900.0,0,0.0,0.0,2025-01-16 00:00:00+07:00,0.0,0.0,0.0
2025-01-17 00:00:00+07:00,1900.0,1900.0,1900.0,1900.0,0,0.0,0.0,2025-01-17 00:00:00+07:00,0.0,0.0,0.0
2025-01-20 00:00:00+07:00,1900.0,1900.0,1900.0,1900.0,0,0.0,0.0,2025-01-20 00:00:00+07:00,0.0,0.0,0.0
2025-01-21 00:00:00+07:00,1900.0,1900.0,1900.0,1900.0,0,0.0,0.0,2025-01-21 00:00:00+07:00,0.0,0.0,0.0
2025-01-22 00:00:00+07:00,1900.0,1900.0,1900.0,1900.0,0,0.0,0.0,2025-01-22 00:00:00+07:00,0.0,0.0,0.0
2025-01-23 00:00:00+07:00,1900.0,1900.0,1900.0,1900.0,0,0.0,0.0,2025-01-23 00:00:00+07:00,0.0,0.0,0.0
2025-01-24 00:00:00+07:00,1900.0,1900.0,1900.0,1900.0,0,0.0,0.0,2025-01-24 00:00:00+07:00,0.0,0.0,0.0
2025-01-27 00:00:00+07:00,1900.0,1900.0,1900.0,1900.0,0,0.0,0.0,2025-01-27 00:00:00+07:00,0.0,0.0,0.0
2025-01-28 00:00:00+07:00,1900.0,1900.0,1900.0,1900.0,0,0.0,0.0,2025-01-28 00:00:00+07:00,0.0,0.0,0.0
2025-01-29 00:00:00+07:00,1900.0,1900.0,1900.0,1900.0,0,0.0,0.0,2025-01-29 00:00:00+07:00,0.0,0.0,0.0
2025-01-30 00:00:00+07:00,1900.0,1900.0,1900.0,1900.0,0,0.0,0.0,2025-01-30 00:00:00+07:00,0.0,0.0,0.0
2025-01-31 00:00:00+07:00,1900.0,1900.0,1900.0,1900.0,0,0.0,0.0,2025-01-31 00:00:00+07:00,0.0,0.0,0.0
2025-02-03 00:00:00+07:00,1900.0,1900.0,1900.0,1900.0,0,0.0,0.0,2025-02-03 00:00:00+07:00,0.0,0.0,0.0
2025-02-04 00:00:00+07:00,1900.0,1900.0,1900.0,1900.0,0,0.0,0.0,2025-02-04 00:00:00+07:00,0.0,0.0,0.0
2025-02-05 00:00:00+07:00,1900.0,1900.0,1900.0,1900.0,0,0.0,0.0,2025-02-05 00:00:00+07:00,0.0,0.0,0.0
2025-02-06 00:00:00+07:00,1900.0,1900.0,1900.0,1900.0,0,0.0,0.0,2025-02-06 00:00:00+07:00,0.0,0.0,0.0
2025-02-07 00:00:00+07:00,1900.0,1900.0,1900.0,1900.0,0,0.0,0.0,2025-02-07 00:00:00+07:00,0.0,0.0,0.0
2025-02-10 00:00:00+07:00,1900.0,1900.0,1900.0,1900.0,0,0.0,0.0,2025-02-10 00:00:00+07:00,0.0,0.0,0.0
2025-02-11 00:00:00+07:00,1900.0,1900.0,1900.0,1900.0,0,0.0,0.0,2025-02-11 00:00:00+07:00,0.0,0.0,0.0
2025-02-12 00:00:00+07:00,1900.0,1900.0,1900.0,1900.0,0,0.0,0.0,2025-02-12 00:00:00+07:00,0.0,0.0,0.0
2025-02-13 00:00:00+07:00,1900.0,1900.0,1900.0,1900.0,0,0.0,0.0,2025-02-13 00:00:00+07:00,0.0,0.0,0.0
2025-02-14 00:00:00+07:00,1900.0,1900.0,1900.0,1900.0,0,0.0,0.0,2025-02-14 00:00:00+07:00,0.0,0.0,0.0
2025-02-17 00:00:00+07:00,1900.0,1900.0,1900.0,1900.0,0,0.0,0.0,2025-02-17 00:00:00+07:00,0.0,0.0,0.0
2025-02-18 00:00:00+07:00,1900.0,1900.0,1900.0,1900.0,0,0.0,0.0,2025-02-18 00:00:00+07:00,0.0,0.0,0.0
2025-02-19 00:00:00+07:00,1900.0,1900.0,1900.0,1900.0,0,0.0,0.0,2025-02-19 00:00:00+07:00,0.0,0.0,0.0
2025-02-20 00:00:00+07:00,1900.0,1900.0,1900.0,1900.0,0,0.0,0.0,2025-02-20 00:00:00+07:00,0.0,0.0,0.0
2025-02-21 00:00:00+07:00,1900.0,1900.0,1900.0,1900.0,0,0.0,0.0,2025-02-21 00:00:00+07:00,0.0,0.0,0.0
2025-02-24 00:00:00+07:00,1900.0,1900.0,1900.0,1900.0,0,0.0,0.0,2025-02-24 00:00:00+07:00,0.0,0.0,0.0
2025-02-25 00:00:00+07:00,1900.0,1900.0,1900.0,1900.0,0,0.0,0.0,2025-02-25 00:00:00+07:00,0.0,0.0,0.0
2025-02-26 00:00:00+07:00,1900.0,1900.0,1900.0,1900.0,0,0.0,0.0,2025-02-26 00:00:00+07:00,0.0,0.0,0.0
2025-02-27 00:00:00+07:00,1900.0,1900.0,1900.0,1900.0,0,0.0,0.0,2025-02-27 00:00:00+07:00,0.0,0.0,0.0
2025-02-28 00:00:00+07:00,1900.0,1900.0,1900.0,1900.0,0,0.0,0.0,2025-02-28 00:00:00+07:00,0.0,0.0,0.0
2025-03-03 00:00:00+07:00,1900.0,1900.0,1900.0,1900.0,0,0.0,0.0,2025-03-03 00:00:00+07:00,0.0,0.0,0.0
2025-03-04 00:00:00+07:00,1900.0,1900.0,1900.0,1900.0,0,0.0,0.0,2025-03-04 00:00:00+07:00,0.0,0.0,0.0
2025-03-05 00:00:00+07:00,1900.0,1900.0,1900.0,1900.0,0,0.0,0.0,2025-03-05 00:00:00+07:00,0.0,0.0,0.0
2025-03-06 00:00:00+07:00,1900.0,1900.0,1900.0,1900.0,0,0.0,0.0,2025-03-06 00:00:00+07:00,0.0,0.0,0.0
2025-03-07 00:00:00+07:00,1900.0,1900.0,1900.0,1900.0,0,0.0,0.0,2025-03-07 00:00:00+07:00,0.0,0.0,0.0
2025-03-10 00:00:00+07:00,1900.0,1900.0,1900.0,1900.0,0,0.0,0.0,2025-03-10 00:00:00+07:00,0.0,0.0,0.0
2025-03-11 00:00:00+07:00,1900.0,1900.0,1900.0,1900.0,0,0.0,0.0,2025-03-11 00:00:00+07:00,0.0,0.0,0.0
2025-03-12 00:00:00+07:00,1900.0,1900.0,1900.0,1900.0,0,0.0,0.0,2025-03-12 00:00:00+07:00,0.0,0.0,0.0
2025-03-13 00:00:00+07:00,1900.0,1900.0,1900.0,1900.0,0,0.0,0.0,2025-03-13 00:00:00+07:00,0.0,0.0,0.0
2025-03-14 00:00:00+07:00,1900.0,1900.0,1900.0,1900.0,0,0.0,0.0,2025-03-14 00:00:00+07:00,0.0,0.0,0.0
2025-03-17 00:00:00+07:00,1900.0,1900.0,1900.0,1900.0,0,0.0,0.0,2025-03-17 00:00:00+07:00,0.0,0.0,0.0
2025-03-18 00:00:00+07:00,1900.0,1900.0,1900.0,1900.0,0,0.0,0.0,2025-03-18 00:00:00+07:00,0.0,0.0,0.0
2025-03-19 00:00:00+07:00,1900.0,1900.0,1900.0,1900.0,0,0.0,0.0,2025-03-19 00:00:00+07:00,0.0,0.0,0.0
2025-03-20 00:00:00+07:00,1900.0,1900.0,1900.0,1900.0,0,0.0,0.0,2025-03-20 00:00:00+07:00,0.0,0.0,0.0
2025-03-21 00:00:00+07:00,1900.0,1900.0,1900.0,1900.0,0,0.0,0.0,2025-03-21 00:00:00+07:00,0.0,0.0,0.0
2025-03-24 00:00:00+07:00,1900.0,1900.0,1900.0,1900.0,0,0.0,0.0,2025-03-24 00:00:00+07:00,0.0,0.0,0.0
2025-03-25 00:00:00+07:00,1900.0,1900.0,1900.0,1900.0,0,0.0,0.0,2025-03-25 00:00:00+07:00,0.0,0.0,0.0
2025-03-26 00:00:00+07:00,1900.0,1900.0,1900.0,1900.0,0,0.0,0.0,2025-03-26 00:00:00+07:00,0.0,0.0,0.0
2025-03-27 00:00:00+07:00,1900.0,1900.0,1900.0,1900.0,0,0.0,0.0,2025-03-27 00:00:00+07:00,0.0,0.0,0.0
2025-03-28 00:00:00+07:00,1900.0,1900.0,1900.0,1900.0,0,0.0,0.0,2025-03-28 00:00:00+07:00,0.0,0.0,0.0
2025-03-31 00:00:00+07:00,1900.0,1900.0,1900.0,1900.0,0,0.0,0.0,2025-03-31 00:00:00+07:00,0.0,0.0,0.0
2025-04-01 00:00:00+07:00,1900.0,1900.0,1900.0,1900.0,0,0.0,0.0,2025-04-01 00:00:00+07:00,0.0,0.0,0.0
2025-04-02 00:00:00+07:00,1900.0,1900.0,1900.0,1900.0,0,0.0,0.0,2025-04-02 00:00:00+07:00,0.0,0.0,0.0
2025-04-03 00:00:00+07:00,1900.0,1900.0,1900.0,1900.0,0,0.0,0.0,2025-04-03 00:00:00+07:00,0.0,0.0,0.0
2025-04-04 00:00:00+07:00,1900.0,1900.0,1900.0,1900.0,0,0.0,0.0,2025-04-04 00:00:00+07:00,0.0,0.0,0.0
2025-04-07 00:00:00+07:00,1900.0,1900.0,1900.0,1900.0,0,0.0,0.0,2025-04-07 00:00:00+07:00,0.0,0.0,0.0
2025-04-08 00:00:00+07:00,1900.0,1900.0,1900.0,1900.0,0,0.0,0.0,2025-04-08 00:00:00+07:00,0.0,0.0,0.0
2025-04-09 00:00:00+07:00,1900.0,1900.0,1900.0,1900.0,0,0.0,0.0,2025-04-09 00:00:00+07:00,0.0,0.0,0.0
2025-04-10 00:00:00+07:00,2280.0,2280.0,2260.0,2280.0,2134600,0.008810629682154906,2.799809245900685e-05,2025-04-10 00:00:00+07:00,2.799809245900685e-05,5.599618491801197e-06,1.2726405663184932e-06
2025-04-14 00:00:00+07:00,2250.0,2250.0,2080.0,2080.0,1938100,0.07856232250310209,0.0022260923401922596,2025-04-14 00:00:00+07:00,0.0022260923401922596,0.00045081808653025314,0.00010245865602960302
2025-04-15 00:00:00+07:00,2000.0,2080.0,1940.0,1940.0,1747800,0.0696799206379898,0.0017511761846143218,2025-04-15 00:00:00+07:00,0.0017511761846143218,0.0008010533234531176,0.00018205757351207218
2025-04-16 00:00:00+07:00,1950.0,2040.0,1940.0,1940.0,726500,0.0502618347808883,0.0009111528209277753,2025-04-16 00:00:00+07:00,0.0009111528209277753,0.0009832838876386726,0.00022347361082697108
2025-04-17 00:00:00+07:00,1900.0,1970.0,1900.0,1940.0,473400,0.03617965657750226,0.00047211024829119943,2025-04-17 00:00:00+07:00,0.00047211024829119943,0.0010777059372969124,0.00024493316756748015
2025-04-18 00:00:00+07:00,2000.0,2000.0,1940.0,1960.0,821400,0.03045920748470844,0.0003346198854358187,2025-04-18 00:00:00+07:00,0.0003346198854358187,0.0011390302958922747,0.00026014316236001736
2025-04-21 00:00:00+07:00,1940.0,1980.0,1900.0,1920.0,609600,0.041242958534049,0.0006134994400710037,2025-04-21 00:00:00+07:00,0.0006134994400710037,0.0008165117158680237,0.000288029500545063
2025-04-22 00:00:00+07:00,1900.0,1920.0,1790.0,1790.0,1514700,0.07010956618702653,0.0017728382257005953,2025-04-22 00:00:00+07:00,0.0017728382257005953,0.0008208441240852782,0.0003686130562587264
2025-04-23 00:00:00+07:00,1840.0,1850.0,1790.0,1800.0,526100,0.0329700192375699,0.00039206037296710914,2025-04-23 00:00:00+07:00,0.00039206037296710914,0.000717025634493145,0.00038643398230268596
2025-04-24 00:00:00+07:00,1840.0,1880.0,1770.0,1770.0,623100,0.060292230256120044,0.0013111043120453908,2025-04-24 00:00:00+07:00,0.0013111043120453908,0.0008848244472439834,0.0004460296328502037
2025-04-25 00:00:00+07:00,1770.0,1890.0,1770.0,1890.0,813500,0.06559728248581327,0.00155198044160242,2025-04-25 00:00:00+07:00,0.00155198044160242,0.0011282965584773037,0.0005165741983775864
2025-04-28 00:00:00+07:00,1920.0,2020.0,1920.0,2020.0,1399200,0.05077232537342314,0.0009297552872329001,2025-04-28 00:00:00+07:00,0.0009297552872329001,0.0011915477279096829,0.0005588358023427182
2025-04-29 00:00:00+07:00,2100.0,2150.0,2050.0,2090.0,1464600,0.047628048989254664,0.0008181635567969615,2025-04-29 00:00:00+07:00,0.0008181635567969615,0.001000612794128956,0.0005960250549243983
2025-04-30 00:00:00+07:00,2090.0,2090.0,2090.0,2090.0,0,0.0,0.0,2025-04-30 00:00:00+07:00,0.0,0.0009222007195355344,0.0005960250549243983
2025-05-01 00:00:00+07:00,2090.0,2090.0,2090.0,2090.0,0,0.0,0.0,2025-05-01 00:00:00+07:00,0.0,0.0006599798571264562,0.0005960250549243983
2025-05-02 00:00:00+07:00,2090.0,2090.0,2090.0,2090.0,0,0.0,0.0,2025-05-02 00:00:00+07:00,0.0,0.00034958376880597216,0.0005960250549243983
2025-05-05 00:00:00+07:00,2090.0,2090.0,2090.0,2090.0,0,0.0,0.0,2025-05-05 00:00:00+07:00,0.0,0.00016363271135939214,0.0005960250549243983
2025-05-06 00:00:00+07:00,2000.0,2100.0,1980.0,2050.0,744000,0.058840500022933395,0.0012487262950965014,2025-05-06 00:00:00+07:00,0.0012487262950965014,0.0002497452590193001,0.0006527853410651484
2025-05-07 00:00:00+07:00,2080.0,2100.0,2060.0,2060.0,558600,0.019231361927887592,0.00013339348841563206,2025-05-07 00:00:00+07:00,0.00013339348841563206,0.0002764239567024265,0.0006588486814476771
2025-05-08 00:00:00+07:00,2060.0,2080.0,2030.0,2030.0,430100,0.02433210065953072,0.00021353730459787,2025-05-08 00:00:00+07:00,0.00021353730459787,0.0003191314176220005,0.0006685549225657621
2025-05-09 00:00:00+07:00,2080.0,2090.0,2020.0,2040.0,357000,0.03406655456360627,0.00041857276938559135,2025-05-09 00:00:00+07:00,0.00041857276938559135,0.00040284597149911876,0.0006875809575378344
2025-05-12 00:00:00+07:00,2040.0,2040.0,2040.0,2040.0,0,0.0,0.0,2025-05-12 00:00:00+07:00,0.0,0.00040284597149911876,0.0006875809575378344
2025-05-13 00:00:00+07:00,2100.0,2110.0,2070.0,2100.0,472300,0.019139340210697506,0.00013211997176591796,2025-05-13 00:00:00+07:00,0.00013211997176591796,0.0001795247068330021,0.0006923137702336031
2025-05-14 00:00:00+07:00,2100.0,2150.0,2080.0,2100.0,342000,0.03309994842634492,0.0003951565470343649,2025-05-14 00:00:00+07:00,0.0003951565470343649,0.00023187731855674865,0.0006090894159991533
2025-05-15 00:00:00+07:00,2100.0,2240.0,2100.0,2240.0,1707000,0.06453852113757116,0.001502285815856572,2025-05-15 00:00:00+07:00,0.001502285815856572,0.0004896270208084891,0.0005977762174192556
2025-05-16 00:00:00+07:00,2280.0,2350.0,2250.0,2300.0,1093300,0.04348511193973889,0.0006820178359825583,2025-05-16 00:00:00+07:00,0.0006820178359825583,0.0005423160341278824,0.0005873609908308366
2025-05-19 00:00:00+07:00,2310.0,2320.0,2210.0,2250.0,398900,0.04857467014855718,0.0008510092251024731,2025-05-19 00:00:00+07:00,0.0008510092251024731,0.000712517879148377,0.0006045836715949855
2025-05-20 00:00:00+07:00,2310.0,2320.0,2210.0,2250.0,398900,0.04857467014855718,0.0008510092251024731,2025-05-20 00:00:00+07:00,0.0008510092251024731,0.0008562957298156881,0.0006280559143071062
2025-05-21 00:00:00+07:00,2250.0,2250.0,2170.0,2190.0,675200,0.03620304866396064,0.0004727209347898922,2025-05-21 00:00:00+07:00,0.0004727209347898922,0.0008718086073667936,0.000621656891339783
2025-05-22 00:00:00+07:00,2160.0,2240.0,2100.0,2200.0,1115900,0.06453852113757116,0.001502285815856572,2025-05-22 00:00:00+07:00,0.001502285815856572,0.0008718086073667936,0.0006093590545286909
2025-05-23 00:00:00+07:00,2200.0,2260.0,2120.0,2130.0,897800,0.06394872460027351,0.0014749534776647487,2025-05-23 00:00:00+07:00,0.0014749534776647487,0.0010303957357032315,0.0006585814683785835
2025-05-26 00:00:00+07:00,2150.0,2170.0,2100.0,2170.0,509800,0.03278982282299097,0.0003877865015243164,2025-05-26 00:00:00+07:00,0.0003877865015243164,0.0009377511909876002,0.000616612476991262
2025-05-27 00:00:00+07:00,2150.0,2170.0,2100.0,2170.0,509800,0.03278982282299097,0.0003877865015243164,2025-05-27 00:00:00+07:00,0.0003877865015243164,0.0008451066462719689,0.0005636945706240756
2025-05-28 00:00:00+07:00,2190.0,2210.0,2150.0,2200.0,463400,0.027524673390089936,0.0002732491981786273,2025-05-28 00:00:00+07:00,0.0002732491981786273,0.0008052122989497159,0.0005338533847579722
2025-05-29 00:00:00+07:00,2260.0,2280.0,2190.0,2220.0,517700,0.0402738991379399,0.0005850081329273625,2025-05-29 00:00:00+07:00,0.0005850081329273625,0.0006217567623638741,0.0005232554109457177
2025-05-30 00:00:00+07:00,2200.0,2250.0,2200.0,2230.0,1121400,0.022472855852058576,0.00018215079867288267,2025-05-30 00:00:00+07:00,0.00018215079867288267,0.00036319622656550094,0.000531534992703576
2025-06-02 00:00:00+07:00,2200.0,2350.0,2150.0,2330.0,1034200,0.08894748601649612,0.00285352645532782,2025-06-02 00:00:00+07:00,0.00285352645532782,0.0008563442173262017,0.0006612407406730224
2025-06-03 00:00:00+07:00,2200.0,2350.0,2150.0,2330.0,1034200,0.08894748601649612,0.00285352645532782,2025-06-03 00:00:00+07:00,0.00285352645532782,0.0013494922080869024,0.0007909464886424688
2025-06-04 00:00:00+07:00,2370.0,2450.0,2340.0,2400.0,1237100,0.04593709518702561,0.0007610997972022169,2025-06-04 00:00:00+07:00,0.0007610997972022169,0.0014470623278916204,0.0008255419339698422
2025-06-05 00:00:00+07:00,2420.0,2560.0,2400.0,2500.0,1922600,0.06453852113757116,0.001502285815856572,2025-06-05 00:00:00+07:00,0.001502285815856572,0.0016305178644774622,0.0008370673667316635
2025-06-06 00:00:00+07:00,2500.0,2670.0,2500.0,2670.0,1933300,0.06578774053800315,0.00156100570213649,2025-06-06 00:00:00+07:00,0.00156100570213649,0.001906288845170184,0.0009019588309917025
2025-06-09 00:00:00+07:00,3010.0,3020.0,2830.0,2850.0,3121400,0.06498011973163205,0.0015229146416372355,2025-06-09 00:00:00+07:00,0.0015229146416372355,0.0016401664824320667,0.0009614759826753103
2025-06-10 00:00:00+07:00,3010.0,3020.0,2830.0,2850.0,3121400,0.06498011973163205,0.0015229146416372355,2025-06-10 00:00:00+07:00,0.0015229146416372355,0.0013740441196939501,0.0010116733405049303
2025-06-11 00:00:00+07:00,2800.0,2900.0,2750.0,2750.0,983500,0.05310982531394833,0.0010173357203153801,2025-06-11 00:00:00+07:00,0.0010173357203153801,0.0014252913043165823,0.0010579158732465386
2025-06-12 00:00:00+07:00,2750.0,2780.0,2630.0,2750.0,1354900,0.055467081512872454,0.001109647856127132,2025-06-12 00:00:00+07:00,0.001109647856127132,0.0013467637123706945,0.001102348958899321
2025-06-13 00:00:00+07:00,2790.0,2870.0,2760.0,2850.0,776300,0.03908135004247106,0.0005508757605810038,2025-06-13 00:00:00+07:00,0.0005508757605810038,0.0011447377240595973,0.0011094271049696227
2025-06-16 00:00:00+07:00,2780.0,2790.0,2700.0,2750.0,780700,0.03278982282299097,0.0003877865015243164,2025-06-16 00:00:00+07:00,0.0003877865015243164,0.0009177120960370134,0.0010587680452272474
2025-06-17 00:00:00+07:00,2780.0,2790.0,2700.0,2750.0,780700,0.03278982282299097,0.0003877865015243164,2025-06-17 00:00:00+07:00,0.0003877865015243164,0.0006906864680144297,0.0010453938936609637
2025-06-18 00:00:00+07:00,2790.0,2830.0,2740.0,2790.0,923200,0.03231879125516731,0.00037672528197809903,2025-06-18 00:00:00+07:00,0.00037672528197809903,0.0005625643803469735,0.001023835532609856
2025-06-19 00:00:00+07:00,2800.0,2870.0,2770.0,2800.0,892300,0.03546470957228268,0.00045363584398854277,2025-06-19 00:00:00+07:00,0.00045363584398854277,0.0004313619779192556,0.0010057731061955863
2025-06-20 00:00:00+07:00,2830.0,2990.0,2800.0,2950.0,2246000,0.0656539702214368,0.0015546639756780095,2025-06-20 00:00:00+07:00,0.0015546639756780095,0.0006321196209386567,0.0010549523353268644
2025-06-25 00:00:00+07:00,2760.0,2800.0,2750.0,2790.0,703400,0.018018505502678212,0.00011709870199853138,2025-06-25 00:00:00+07:00,0.00011709870199853138,0.0005779820610334996,0.0009919892846969535
2025-06-26 00:00:00+07:00,2800.0,2880.0,2760.0,2760.0,465500,0.0425596144187959,0.0006532958765024985,2025-06-26 00:00:00+07:00,0.0006532958765024985,0.0006310839360291361,0.0009546412119168511
2025-06-27 00:00:00+07:00,2790.0,2800.0,2750.0,2780.0,486100,0.018018505502678212,0.00011709870199853138,2025-06-27 00:00:00+07:00,0.00011709870199853138,0.0005791586200332225,0.0009423372210293154
2025-06-30 00:00:00+07:00,2870.0,2870.0,2790.0,2810.0,872500,0.028270433938255526,0.0002882567575372801,2025-06-30 00:00:00+07:00,0.0002882567575372801,0.00054608280274297,0.0009378131417571774
2025-07-01 00:00:00+07:00,2870.0,2870.0,2790.0,2810.0,872500,0.028270433938255526,0.0002882567575372801,2025-07-01 00:00:00+07:00,0.0002882567575372801,0.0002928013591148242,0.000938495303546207
2025-07-02 00:00:00+07:00,2830.0,2840.0,2700.0,2700.0,1152800,0.05055227916283125,0.0009217136707143443,2025-07-02 00:00:00+07:00,0.0009217136707143443,0.00045372435285798683,0.0009538001007183427
2025-07-03 00:00:00+07:00,2700.0,2820.0,2700.0,2800.0,829700,0.04348511193973889,0.0006820178359825583,2025-07-03 00:00:00+07:00,0.0006820178359825583,0.0004594687447539988,0.0009765213296869642
2025-07-04 00:00:00+07:00,2800.0,2990.0,2780.0,2840.0,1954400,0.07282245970004933,0.001912692854236706,2025-07-04 00:00:00+07:00,0.001912692854236706,0.0008185875752016337,0.0009337561660010045
2025-07-07 00:00:00+07:00,2970.0,2980.0,2870.0,2870.0,795400,0.03761127074578325,0.0005102118737501925,2025-07-07 00:00:00+07:00,0.0005102118737501925,0.0008629785984442162,0.0008272418668383852
2025-07-08 00:00:00+07:00,2970.0,2980.0,2870.0,2870.0,795400,0.03761127074578325,0.0005102118737501925,2025-07-08 00:00:00+07:00,0.0005102118737501925,0.0009073696216867986,0.0008158378703178386
2025-07-09 00:00:00+07:00,2920.0,3070.0,2920.0,3070.0,1567000,0.05009394531891549,0.0009050759449051365,2025-07-09 00:00:00+07:00,0.0009050759449051365,0.000904042076524957,0.0007886919670927734
2025-07-10 00:00:00+07:00,3280.0,3280.0,3280.0,3280.0,900600,0.0,0.0,2025-07-10 00:00:00+07:00,0.0,0.0007676385093284454,0.0007177371624502056
2025-07-11 00:00:00+07:00,3500.0,3500.0,3500.0,3500.0,2267800,0.0,0.0,2025-07-11 00:00:00+07:00,0.0,0.0003850999384811042,0.0006485137696485131
2025-07-14 00:00:00+07:00,3480.0,3760.0,3480.0,3530.0,5372900,0.0773866636154202,0.00215996539893892,2025-07-14 00:00:00+07:00,0.00215996539893892,0.0007150506435188497,0.000677470622253135
2025-07-15 00:00:00+07:00,3480.0,3760.0,3480.0,3530.0,5372900,0.0773866636154202,0.00215996539893892,2025-07-15 00:00:00+07:00,0.00215996539893892,0.001045001348556595,0.0007294083349178415
2025-07-16 00:00:00+07:00,3670.0,3670.0,3410.0,3410.0,3577300,0.07347937077105342,0.0019473562326792872,2025-07-16 00:00:00+07:00,0.0019473562326792872,0.0012534574061114254,0.0007674859883974848
2025-07-17 00:00:00+07:00,3400.0,3580.0,3300.0,3490.0,2183700,0.08144033194017448,0.002392178693263907,2025-07-17 00:00:00+07:00,0.002392178693263907,0.0017318931447642065,0.0008511815762467077
2025-07-18 00:00:00+07:00,3500.0,3570.0,3430.0,3470.0,2562800,0.040005334613699206,0.0005772319510342546,2025-07-18 00:00:00+07:00,0.0005772319510342546,0.0018473395349710576,0.000859792733042614
2025-07-21 00:00:00+07:00,3960.0,3960.0,3800.0,3950.0,6176600,0.041242958534049,0.0006134994400710037,2025-07-21 00:00:00+07:00,0.0006134994400710037,0.0015380463431974743,0.0008700524120674634
2025-07-22 00:00:00+07:00,3960.0,3960.0,3800.0,3950.0,6176600,0.041242958534049,0.0006134994400710037,2025-07-22 00:00:00+07:00,0.0006134994400710037,0.0012287531514238912,0.0008808148737989591
2025-07-23 00:00:00+07:00,3810.0,3930.0,3680.0,3680.0,3510400,0.06572667370033022,0.0015581090700750803,2025-07-23 00:00:00+07:00,0.0015581090700750803,0.0011509037189030495,0.000931018202257438
2025-07-24 00:00:00+07:00,3500.0,3650.0,3430.0,3530.0,5411100,0.06216690641655154,0.001393904628697413,2025-07-24 00:00:00+07:00,0.001393904628697413,0.0009512489059897509,0.0009237109592128655
2025-07-25 00:00:00+07:00,3530.0,3650.0,3470.0,3530.0,1552900,0.050572573635632334,0.0009224538726628592,2025-07-25 00:00:00+07:00,0.0009224538726628592,0.001020293290315472,0.0009603180124248804
2025-07-28 00:00:00+07:00,3570.0,3620.0,3400.0,3500.0,4165700,0.06269859421556398,0.001417849566030219,2025-07-28 00:00:00+07:00,0.001417849566030219,0.001181163315507315,0.0009950704528579586
2025-07-29 00:00:00+07:00,3570.0,3620.0,3400.0,3500.0,4165700,0.06269859421556398,0.001417849566030219,2025-07-29 00:00:00+07:00,0.001417849566030219,0.001342033340699158,0.001054195492132126
2025-07-30 00:00:00+07:00,3570.0,3580.0,3260.0,3260.0,3470100,0.09363560503399275,0.003162252828828913,2025-07-30 00:00:00+07:00,0.003162252828828913,0.0016628620924499244,0.0011848316771908367
2025-07-31 00:00:00+07:00,3120.0,3300.0,3120.0,3210.0,1436400,0.05608946665104358,0.001134689845617302,2025-07-31 00:00:00+07:00,0.001134689845617302,0.001611019135833902,0.0012233059084672015
2025-08-01 00:00:00+07:00,3230.0,3430.0,3230.0,3430.0,1504200,0.06007812394328342,0.0013018090088849374,2025-08-01 00:00:00+07:00,0.0013018090088849374,0.0016868901630783181,0.0012405829692931376
2025-08-04 00:00:00+07:00,3370.0,3440.0,3340.0,3430.0,1030400,0.02950066439669784,0.0003138904781894769,2025-08-04 00:00:00+07:00,0.0003138904781894769,0.0014660983455101694,0.00122384990757527
2025-08-05 00:00:00+07:00,3370.0,3440.0,3340.0,3430.0,1030400,0.02950066439669784,0.0003138904781894769,2025-08-05 00:00:00+07:00,0.0003138904781894769,0.001245306527942021,0.0011511770723003961
2025-08-06 00:00:00+07:00,3510.0,3530.0,3350.0,3370.0,1711600,0.052337525108230434,0.0009879635275446945,2025-08-06 00:00:00+07:00,0.0009879635275446945,0.0008104486676851774,0.0011728930565637825
2025-08-07 00:00:00+07:00,3400.0,3450.0,3340.0,3400.0,1296800,0.03240342405465943,0.00037870091659965863,2025-08-07 00:00:00+07:00,0.00037870091659965863,0.0006592508818816487,0.0011669152857842128
2025-08-08 00:00:00+07:00,3410.0,3500.0,3400.0,3460.0,1277600,0.028987536873252187,0.0003030659712484705,2025-08-08 00:00:00+07:00,0.0003030659712484705,0.0004595022743543553,0.0011395511960725462
2025-08-11 00:00:00+07:00,3550.0,3650.0,3470.0,3490.0,1583900,0.050572573635632334,0.0009224538726628592,2025-08-11 00:00:00+07:00,0.0009224538726628592,0.0005812149532490317,0.0011814809175572218
2025-08-12 00:00:00+07:00,3550.0,3650.0,3470.0,3490.0,1583900,0.050572573635632334,0.0009224538726628592,2025-08-12 00:00:00+07:00,0.0009224538726628592,0.0007029276321437081,0.0012234106390418972
2025-08-13 00:00:00+07:00,3510.0,3530.0,3400.0,3490.0,911700,0.037522439323089775,0.000507804652547812,2025-08-13 00:00:00+07:00,0.000507804652547812,0.0006068958571443317,0.0011483124232968467
2025-08-14 00:00:00+07:00,3530.0,3540.0,3400.0,3500.0,1529300,0.04035129552356745,0.0005872587727742553,2025-08-14 00:00:00+07:00,0.0005872587727742553,0.0006486074283792511,0.0010768257584711802
2025-08-15 00:00:00+07:00,3560.0,3590.0,3480.0,3490.0,1522500,0.031119908713804472,0.0003492940408316966,2025-08-15 00:00:00+07:00,0.0003492940408316966,0.0006578530422958963,0.0010041865679326532
2025-08-18 00:00:00+07:00,3380.0,3430.0,3320.0,3350.0,1161100,0.03259547824945134,0.0003832033196225958,2025-08-18 00:00:00+07:00,0.0003832033196225958,0.0005500029316878436,0.000912869505494412
2025-08-19 00:00:00+07:00,3380.0,3430.0,3320.0,3350.0,1161100,0.03259547824945134,0.0003832033196225958,2025-08-19 00:00:00+07:00,0.0003832033196225958,0.0004421528210797909,0.0009040500222484274
2025-08-20 00:00:00+07:00,3360.0,3580.0,3310.0,3580.0,2644000,0.07841461102363749,0.002217729291281666,2025-08-20 00:00:00+07:00,0.002217729291281666,0.0007841377488265617,0.0009769695609398211
2025-08-21 00:00:00+07:00,3630.0,3640.0,3380.0,3420.0,1693100,0.07410797215372183,0.0019808172386635886,2025-08-21 00:00:00+07:00,0.0019808172386635886,0.0010628494420044283,0.0010391203699667568
2025-08-22 00:00:00+07:00,3450.0,3490.0,3260.0,3360.0,1221900,0.06817454083571955,0.0016763279677508697,2025-08-22 00:00:00+07:00,0.0016763279677508697,0.001328256227388263,0.0010444939562247472
2025-08-25 00:00:00+07:00,3150.0,3300.0,3070.0,3110.0,812000,0.0722449068733288,0.0018824741395181107,2025-08-25 00:00:00+07:00,0.0018824741395181107,0.001628110391367366,0.0010667016612620516
2025-08-26 00:00:00+07:00,3150.0,3300.0,3070.0,3110.0,812000,0.0722449068733288,0.0018824741395181107,2025-08-26 00:00:00+07:00,0.0018824741395181107,0.0019279645553464688,0.0011103389461191084
2025-08-27 00:00:00+07:00,3150.0,3290.0,3100.0,3290.0,554100,0.059485453286179955,0.0012762510084091284,2025-08-27 00:00:00+07:00,0.0012762510084091284,0.0017396688987719616,0.0011039026480454226
2025-08-28 00:00:00+07:00,3180.0,3290.0,3180.0,3210.0,509400,0.03400636798519516,0.00041709506147392266,2025-08-28 00:00:00+07:00,0.00041709506147392266,0.0014269244633340283,0.0010584138069292274
2025-08-29 00:00:00+07:00,3260.0,3260.0,3180.0,3200.0,335300,0.024845998586530804,0.00022265244059104373,2025-08-29 00:00:00+07:00,0.00022265244059104373,0.0011361893579020631,0.0009247956074638695
2025-09-01 00:00:00+07:00,3200.0,3200.0,3200.0,3200.0,0,0.0,0.0,2025-09-01 00:00:00+07:00,0.0,0.000759694529998441,0.0008732187962994468
2025-09-02 00:00:00+07:00,3200.0,3200.0,3200.0,3200.0,0,0.0,0.0,2025-09-02 00:00:00+07:00,0.0,0.0003831997020948188,0.0008140456595319496
2025-09-03 00:00:00+07:00,3230.0,3440.0,3220.0,3380.0,1053800,0.06609011182899006,0.0015753879565808407,2025-09-03 00:00:00+07:00,0.0015753879565808407,0.00044302709172916124,0.0008713864540042843
2025-09-04 00:00:00+07:00,3230.0,3440.0,3220.0,3380.0,1053800,0.06609011182899006,0.0015753879565808407,2025-09-04 00:00:00+07:00,0.0015753879565808407,0.0006746856707505449,0.0009287272484766191
2025-09-05 00:00:00+07:00,3470.0,3470.0,3320.0,3320.0,553900,0.04418981103037055,0.0007043018617353304,2025-09-05 00:00:00+07:00,0.0007043018617353304,0.0007710155549794022,0.0009158335363943753
2025-09-08 00:00:00+07:00,3340.0,3340.0,3180.0,3180.0,1131200,0.049089610196523574,0.0008691479590596942,2025-09-08 00:00:00+07:00,0.0008691479590596942,0.0009448451467913412,0.0009381265837789223
2025-09-09 00:00:00+07:00,3340.0,3340.0,3180.0,3180.0,1131200,0.049089610196523574,0.0008691479590596942,2025-09-09 00:00:00+07:00,0.0008691479590596942,0.00111867473860328,0.000963857583224887
2025-09-10 00:00:00+07:00,3220.0,3220.0,3120.0,3180.0,524000,0.03154835773492606,0.0003589781880692482,2025-09-10 00:00:00+07:00,0.0003589781880692482,0.0008753927849009614,0.0009382450521069956
2025-09-11 00:00:00+07:00,3180.0,3200.0,2960.0,2960.0,2823200,0.07796154146971192,0.0021921758173435897,2025-09-11 00:00:00+07:00,0.0021921758173435897,0.0009987503570535112,0.0009959596859561196
2025-09-12 00:00:00+07:00,2760.0,2850.0,2760.0,2760.0,3239500,0.03208831455150045,0.00037137131897595145,2025-09-12 00:00:00+07:00,0.00037137131897595145,0.0009321642485016354,0.0009897581707937622
2025-09-15 00:00:00+07:00,2760.0,2760.0,2760.0,2760.0,0,0.0,0.0,2025-09-15 00:00:00+07:00,0.0,0.0007583346566896965,0.0009630645902131144
2025-09-16 00:00:00+07:00,3140.0,3140.0,3010.0,3030.0,1733000,0.04228272115937759,0.0006448228308443149,2025-09-16 00:00:00+07:00,0.0006448228308443149,0.0007134696310466207,0.0009764977170318699
2025-09-17 00:00:00+07:00,3080.0,3080.0,2930.0,2930.0,1599300,0.049927173956507254,0.000899059669141855,2025-09-17 00:00:00+07:00,0.000899059669141855,0.0008214859272611421,0.0009999457329191088
2025-09-18 00:00:00+07:00,2950.0,3050.0,2900.0,2990.0,871600,0.050430853626891904,0.000917291113945838,2025-09-18 00:00:00+07:00,0.000917291113945838,0.0005665089865815917,0.0010242224508428927
2025-09-19 00:00:00+07:00,3050.0,3050.0,2970.0,3000.0,560900,0.026579637804712102,0.00025480776869746735,2025-09-19 00:00:00+07:00,0.00025480776869746735,0.000543196276525895,0.0009349987452708836
2025-09-22 00:00:00+07:00,2960.0,2970.0,2890.0,2920.0,565900,0.02730545069026744,0.0002689138967557793,2025-09-22 00:00:00+07:00,0.0002689138967557793,0.0005969790558770507,0.0008571849570023468
2025-09-23 00:00:00+07:00,2960.0,2970.0,2890.0,2920.0,565900,0.02730545069026744,0.0002689138967557793,2025-09-23 00:00:00+07:00,0.0002689138967557793,0.0005217972690593437,0.0007932115901389335
2025-09-24 00:00:00+07:00,2990.0,2990.0,2890.0,2890.0,311600,0.03401688527825435,0.00041735309487197863,2025-09-24 00:00:00+07:00,0.00041735309487197863,0.0004254559542053684,0.0007266151790186549
2025-09-25 00:00:00+07:00,2900.0,2960.0,2840.0,2880.0,468500,0.04138521616285428,0.0006177389755313493,2025-09-25 00:00:00+07:00,0.0006177389755313493,0.0003655455265224706,0.0006691272170192566
2025-09-26 00:00:00+07:00,2860.0,2990.0,2850.0,2890.0,823800,0.04795439312203584,0.0008294139701488263,2025-09-26 00:00:00+07:00,0.0008294139701488263,0.00048046676681274235,0.0006488164425528793
2025-09-29 00:00:00+07:00,2830.0,2870.0,2780.0,2790.0,535500,0.031861102068984064,0.0003661306911146086,2025-09-29 00:00:00+07:00,0.0003661306911146086,0.0004999101256845083,0.0006464998802638196
2025-09-30 00:00:00+07:00,2830.0,2870.0,2780.0,2790.0,535500,0.031861102068984064,0.0003661306911146086,2025-09-30 00:00:00+07:00,0.0003661306911146086,0.0005193534845562741,0.0006530216189239816
2025-10-01 00:00:00+07:00,2790.0,2800.0,2600.0,2600.0,1102400,0.07410797215372183,0.0019808172386635886,2025-10-01 00:00:00+07:00,0.0019808172386635886,0.0008320463133145962,0.0007430587661359629
2025-10-02 00:00:00+07:00,2610.0,2690.0,2560.0,2600.0,605100,0.04953393512227663,0.0008849530076411076,2025-10-02 00:00:00+07:00,0.0008849530076411076,0.0008854891197365479,0.0007832839028469224
2025-10-03 00:00:00+07:00,2670.0,2670.0,2420.0,2420.0,1331400,0.09831093224356312,0.0034859261025886115,2025-10-03 00:00:00+07:00,0.0034859261025886115,0.001416791546224505,0.0008701265458472756
2025-10-06 00:00:00+07:00,2480.0,2490.0,2390.0,2410.0,518100,0.04098934453319695,0.0006059774938072552,2025-10-06 00:00:00+07:00,0.0006059774938072552,0.0014647609067630343,0.0008260624339030217
2025-10-07 00:00:00+07:00,2480.0,2490.0,2390.0,2410.0,518100,0.04098934453319695,0.0006059774938072552,2025-10-07 00:00:00+07:00,0.0006059774938072552,0.0015127302673015636,0.0008215931444517454
2025-10-08 00:00:00+07:00,2420.0,2460.0,2360.0,2360.0,333200,0.04149973090675284,0.0006211623280143869,2025-10-08 00:00:00+07:00,0.0006211623280143869,0.0012407992851717234,0.0008103210703133225
2025-10-09 00:00:00+07:00,2400.0,2450.0,2260.0,2280.0,736700,0.08072321127244113,0.002350235642908896,2025-10-09 00:00:00+07:00,0.002350235642908896,0.001533855812225281,0.0008776432377610135
2025-10-10 00:00:00+07:00,2280.0,2280.0,2130.0,2180.0,1670900,0.06805346324501557,0.0016703789575755765,2025-10-10 00:00:00+07:00,0.0016703789575755765,0.0011707463832226737,0.0009372523636476647
2025-10-13 00:00:00+07:00,2100.0,2320.0,2100.0,2280.0,991200,0.09962984094884134,0.003580085689547498,2025-10-13 00:00:00+07:00,0.003580085689547498,0.0017655680223707226,0.0010003391760205697
2025-10-14 00:00:00+07:00,2100.0,2320.0,2100.0,2280.0,991200,0.09962984094884134,0.003580085689547498,2025-10-14 00:00:00+07:00,0.003580085689547498,0.002360389661518771,0.0011461898292283673
2025-10-15 00:00:00+07:00,2290.0,2330.0,2220.0,2240.0,866600,0.04836107169342106,0.000843541357784527,2025-10-15 00:00:00+07:00,0.000843541357784527,0.002404865467472799,0.001184532618218573
2025-10-16 00:00:00+07:00,2240.0,2300.0,2170.0,2170.0,357800,0.05818195538273589,0.001220931148210129,2025-10-16 00:00:00+07:00,0.001220931148210129,0.0021790045685330457,0.001210719359917019
2025-10-17 00:00:00+07:00,2170.0,2240.0,2150.0,2200.0,447800,0.04100802372737704,0.0006065299178836101,2025-10-17 00:00:00+07:00,0.0006065299178836101,0.0019662347605946522,0.0011974225530416445
2025-10-20 00:00:00+07:00,2200.0,2300.0,2100.0,2120.0,435500,0.09097177820572679,0.0029848871430258337,2025-10-20 00:00:00+07:00,0.0029848871430258337,0.0018471950512903193,0.0012914041907270987
2025-10-21 00:00:00+07:00,2200.0,2300.0,2100.0,2120.0,435500,0.09097177820572679,0.0029848871430258337,2025-10-21 00:00:00+07:00,0.0029848871430258337,0.0017281553419859867,0.0014154987077420243
2025-10-22 00:00:00+07:00,2180.0,2190.0,2050.0,2080.0,757900,0.0660617506780927,0.0015740361589327192,2025-10-22 00:00:00+07:00,0.0015740361589327192,0.001874254302215625,0.0014748224469318854
2025-10-23 00:00:00+07:00,2160.0,2160.0,2000.0,2090.0,554400,0.0769610411361284,0.002136271350037111,2025-10-23 00:00:00+07:00,0.002136271350037111,0.0020573223425810216,0.0015597023311719458
2025-10-24 00:00:00+07:00,2190.0,2190.0,2080.0,2080.0,441600,0.05153365011518288,0.0009578474704494647,2025-10-24 00:00:00+07:00,0.0009578474704494647,0.0021275858530941925,0.0015842702573345589
2025-10-27 00:00:00+07:00,2060.0,2110.0,2050.0,2100.0,346400,0.028848154337658343,0.00030015847717113504,2025-10-27 00:00:00+07:00,0.00030015847717113504,0.0015906401199232527,0.0015698347801363676
2025-10-28 00:00:00+07:00,2060.0,2110.0,2050.0,2100.0,346400,0.028848154337658343,0.00030015847717113504,2025-10-28 00:00:00+07:00,0.00030015847717113504,0.0010536943867523129,0.0015457777122737449
2025-10-29 00:00:00+07:00,2100.0,2220.0,2100.0,2170.0,511000,0.055569851154810786,0.001113763585849559,2025-10-29 00:00:00+07:00,0.001113763585849559,0.000961639872135681,0.0015797610256707883
2025-10-30 00:00:00+07:00,2170.0,2320.0,2170.0,2320.0,1003300,0.06684001812585044,0.001611341771402346,2025-10-30 00:00:00+07:00,0.001611341771402346,0.0008566539564087278,0.001636361529320231
2025-10-31 00:00:00+07:00,2370.0,2480.0,2360.0,2480.0,1465100,0.049596941139372186,0.0008872057188471872,2025-10-31 00:00:00+07:00,0.0008872057188471872,0.0008425256060882723,0.0015866519147831216
2025-11-04 00:00:00+07:00,2210.0,2380.0,2160.0,2370.0,653500,0.0969922659873097,0.0033930382771496567,2025-11-04 00:00:00+07:00,0.0033930382771496567,0.0014611015660839766,0.0017006557906698741
2025-11-05 00:00:00+07:00,2210.0,2380.0,2160.0,2370.0,653500,0.0969922659873097,0.0033930382771496567,2025-11-05 00:00:00+07:00,0.0033930382771496567,0.002079677526079681,0.0016964336167862853
2025-11-06 00:00:00+07:00,2300.0,2360.0,2270.0,2310.0,154000,0.03888178754420748,0.0005452642112067798,2025-11-06 00:00:00+07:00,0.0005452642112067798,0.001965977651151125,0.001693673922122627
2025-11-07 00:00:00+07:00,2360.0,2360.0,2200.0,2230.0,332500,0.07020425867324856,0.0017776303771007524,2025-11-07 00:00:00+07:00,0.0017776303771007524,0.0019992353722908065,0.0017469308713632405
2025-11-10 00:00:00+07:00,2250.0,2290.0,2230.0,2260.0,337900,0.026550232094120964,0.0002542442802992574,2025-11-10 00:00:00+07:00,0.0002542442802992574,0.0018726430845812203,0.0017302527782852802
2025-11-11 00:00:00+07:00,2310.0,2350.0,2270.0,2350.0,351900,0.03463549666275634,0.0004326706011076601,2025-11-11 00:00:00+07:00,0.0004326706011076601,0.0012805695493728212,0.0016430907309306784
2025-11-12 00:00:00+07:00,2380.0,2470.0,2340.0,2400.0,471500,0.05406722127027579,0.0010543447690025448,2025-11-12 00:00:00+07:00,0.0010543447690025448,0.0008128308477433988,0.0016150891769046315
2025-11-13 00:00:00+07:00,2400.0,2490.0,2300.0,2470.0,385500,0.0793735875415122,0.0022723047052289227,2025-11-13 00:00:00+07:00,0.0022723047052289227,0.0011582389465478273,0.0015556445867083329
2025-11-14 00:00:00+07:00,2420.0,2460.0,2400.0,2410.0,199800,0.024692612590371414,0.00021991185048376538,2025-11-14 00:00:00+07:00,0.00021991185048376538,0.0008466952412244299,0.0014029094122054357
2025-11-17 00:00:00+07:00,2410.0,2480.0,2380.0,2390.0,457900,0.04115807249350755,0.0006109766363084565,2025-11-17 00:00:00+07:00,0.0006109766363084565,0.0009180417124262699,0.001392338288501978
2025-11-18 00:00:00+07:00,2380.0,2440.0,2370.0,2380.0,483400,0.029108084158070764,0.00030559186674786415,2025-11-18 00:00:00+07:00,0.00030559186674786415,0.0008926259655543105,0.0013507319575264205
2025-11-19 00:00:00+07:00,2410.0,2410.0,2350.0,2350.0,515200,0.02521141934649607,0.00022924989211937886,2025-11-19 00:00:00+07:00,0.00022924989211937886,0.0007276069901776775,0.0013335828654462282
2025-11-20 00:00:00+07:00,2360.0,2400.0,2350.0,2350.0,205300,0.021053409197832263,0.00015986721553613642,2025-11-20 00:00:00+07:00,0.00015986721553613642,0.0003051194922391201,0.0012051728687421511
2025-11-21 00:00:00+07:00,2350.0,2450.0,2310.0,2310.0,483900,0.058840500022933395,0.0012487262950965014,2025-11-21 00:00:00+07:00,0.0012487262950965014,0.0005108823811616674,0.0011262564665635451
2025-11-24 00:00:00+07:00,2340.0,2390.0,2310.0,2310.0,397300,0.034045841409717066,0.0004180639227152427,2025-11-24 00:00:00+07:00,0.0004180639227152427,0.00047229983844302456,0.0010737122740082051
2025-11-25 00:00:00+07:00,2390.0,2390.0,2250.0,2300.0,195400,0.0603631497270905,0.001314190530945984,2025-11-25 00:00:00+07:00,0.001314190530945984,0.0006740195712826486,0.0010363449640495175
2025-11-26 00:00:00+07:00,2300.0,2380.0,2300.0,2340.0,299800,0.03419136474827934,0.0004216454514052433,2025-11-26 00:00:00+07:00,0.0004216454514052433,0.0007124986831398215,0.001011972145002053
2025-11-27 00:00:00+07:00,2340.0,2350.0,2320.0,2330.0,139100,0.012848142477849059,5.953813625764046e-05,2025-11-27 00:00:00+07:00,5.953813625764046e-05,0.0006924328672841222,0.0010010348567787123
2025-11-28 00:00:00+07:00,2340.0,2360.0,2290.0,2340.0,228800,0.030109801471370382,0.00032698688318726153,2025-11-28 00:00:00+07:00,0.00032698688318726153,0.0005080849849022743,0.0010022543297794455
2025-12-01 00:00:00+07:00,2370.0,2370.0,2300.0,2310.0,191700,0.029980832211935857,0.0003241917176212605,2025-12-01 00:00:00+07:00,0.0003241917176212605,0.0004893105438834777,0.0009663646994054318
2025-12-02 00:00:00+07:00,2300.0,2330.0,2270.0,2330.0,405200,0.026088436084297874,0.00024547690462171424,2025-12-02 00:00:00+07:00,0.00024547690462171424,0.00027556781861862384,0.0009042799327335849
2025-12-03 00:00:00+07:00,2350.0,2380.0,2290.0,2350.0,375900,0.03854867011723503,0.000535961196079227,2025-12-03 00:00:00+07:00,0.000535961196079227,0.0002984309675534206,0.0008883142726077687
2025-12-04 00:00:00+07:00,2350.0,2380.0,2290.0,2350.0,375900,0.03854867011723503,0.000535961196079227,2025-12-04 00:00:00+07:00,0.000535961196079227,0.00039371557951773794,0.0007584471325591125
2025-12-05 00:00:00+07:00,2350.0,2360.0,2300.0,2320.0,325500,0.025752496102414764,0.00023919561173470466,2025-12-05 00:00:00+07:00,0.00023919561173470466,0.00037615732522722656,0.000615090647767524
2025-12-08 00:00:00+07:00,2320.0,2480.0,2320.0,2480.0,1104800,0.06669137449867214,0.001604182905616495,2025-12-08 00:00:00+07:00,0.001604182905616495,0.0006321555628262735,0.0006632233156952382
2025-12-09 00:00:00+07:00,2560.0,2570.0,2410.0,2510.0,1051200,0.06427915140456479,0.0014902351986605367,2025-12-09 00:00:00+07:00,0.0014902351986605367,0.000881107221634038,0.0006501598984934103
2025-12-10 00:00:00+07:00,2510.0,2510.0,2360.0,2400.0,782900,0.06162113410617387,0.0013695374788452578,2025-12-10 00:00:00+07:00,0.0013695374788452578,0.001047822478187244,0.0007008550438818648
2025-12-11 00:00:00+07:00,2400.0,2560.0,2400.0,2560.0,1126000,0.06453852113757116,0.001502285815856572,2025-12-11 00:00:00+07:00,0.001502285815856572,0.0012410874021427129,0.0007494739172795426
2025-12-12 00:00:00+07:00,2500.0,2600.0,2400.0,2400.0,915800,0.08004270767353636,0.002310777289224332,2025-12-12 00:00:00+07:00,0.002310777289224332,0.0016554037376406386,0.0008065844863805329
2025-12-15 00:00:00+07:00,2410.0,2490.0,2380.0,2410.0,669900,0.04518222279323297,0.0007362914088780574,2025-12-15 00:00:00+07:00,0.0007362914088780574,0.0014818254382929512,0.0007367657001827663
2025-12-16 00:00:00+07:00,2410.0,2500.0,2320.0,2430.0,747600,0.07472354619593657,0.0020138610214015655,2025-12-16 00:00:00+07:00,0.0020138610214015655,0.0015865506028411567,0.0008183088443153938
2025-12-17 00:00:00+07:00,2430.0,2450.0,2390.0,2420.0,256300,0.024794658613216274,0.00022173324547367632,2025-12-17 00:00:00+07:00,0.00022173324547367632,0.0013569897561668406,0.0008006159629138127
2025-12-18 00:00:00+07:00,2430.0,2450.0,2390.0,2420.0,256300,0.024794658613216274,0.00022173324547367632,2025-12-18 00:00:00+07:00,0.00022173324547367632,0.0011008792420902614,0.0007968042074013496
2025-12-19 00:00:00+07:00,2420.0,2450.0,2390.0,2400.0,252500,0.024794658613216274,0.00022173324547367632,2025-12-19 00:00:00+07:00,0.00022173324547367632,0.0006830704333401303,0.0007964625416447267
2025-12-22 00:00:00+07:00,2400.0,2440.0,2390.0,2400.0,297400,0.0207046733616912,0.00015461488953472395,2025-12-22 00:00:00+07:00,0.00015461488953472395,0.0005667351294714636,0.0007962237995537535
2025-12-23 00:00:00+07:00,2410.0,2440.0,2380.0,2400.0,404600,0.024897551621727087,0.0002235773635607234,2025-12-23 00:00:00+07:00,0.0002235773635607234,0.0002086783979032952,0.0007496261208475817
2025-12-24 00:00:00+07:00,2410.0,2410.0,2360.0,2390.0,276600,0.02096512846504487,0.00015852932244518535,2025-12-24 00:00:00+07:00,0.00015852932244518535,0.00019603761329759699,0.0007378290935625791
2025-12-25 00:00:00+07:00,2410.0,2410.0,2360.0,2390.0,276600,0.02096512846504487,0.00015852932244518535,2025-12-25 00:00:00+07:00,0.00015852932244518535,0.00018339682869189877,0.0006852990386307247
2025-12-26 00:00:00+07:00,2350.0,2350.0,2250.0,2300.0,450800,0.04348511193973889,0.0006820178359825583,2025-12-26 00:00:00+07:00,0.0006820178359825583,0.0002754537467936752,0.0006971341470206026
2025-12-29 00:00:00+07:00,2330.0,2340.0,2250.0,2290.0,487000,0.03922071315328133,0.0005548115838144644,2025-12-29 00:00:00+07:00,0.0005548115838144644,0.00035549308564962326,0.0007196465764550036
2025-12-30 00:00:00+07:00,2290.0,2290.0,2210.0,2280.0,612900,0.035559302036486926,0.0004560589715955531,2025-12-30 00:00:00+07:00,0.0004560589715955531,0.0004019894072565892,0.0007255134895644714
2025-12-31 00:00:00+07:00,2290.0,2290.0,2220.0,2220.0,295900,0.031044621681960108,0.00034760602163795367,2025-12-31 00:00:00+07:00,0.00034760602163795367,0.00043980474709514293,0.0007265777761106849
2026-01-01 00:00:00+07:00,2220.0,2220.0,2220.0,2220.0,0,0.0,0.0,2026-01-01 00:00:00+07:00,0.0,0.0004080988826061059,0.000715419734991516
2026-01-02 00:00:00+07:00,2220.0,2220.0,2220.0,2220.0,0,0.0,0.0,2026-01-02 00:00:00+07:00,0.0,0.00027169531540959413,0.0006910578624424602
2026-01-05 00:00:00+07:00,2220.0,2260.0,2190.0,2210.0,324000,0.031463269455785106,0.00035704441733703607,2026-01-05 00:00:00+07:00,0.00035704441733703607,0.00023214188211410848,0.0006829252815905425
2026-01-06 00:00:00+07:00,2230.0,2230.0,2130.0,2160.0,610800,0.04587960575069366,0.0007591959842275668,2026-01-06 00:00:00+07:00,0.0007591959842275668,0.0002927692846405112,0.0007065616621583998
2026-01-07 00:00:00+07:00,2150.0,2260.0,2130.0,2260.0,370900,0.05924283356286076,0.0012658615035127058,2026-01-07 00:00:00+07:00,0.0012658615035127058,0.00047642038101546166,0.0006911834166082276
2026-01-08 00:00:00+07:00,2260.0,2260.0,2180.0,2180.0,331500,0.03603993648319687,0.0004684708594874442,2026-01-08 00:00:00+07:00,0.0004684708594874442,0.0005701145529129505,0.0006447395830094506
2026-01-09 00:00:00+07:00,2200.0,2210.0,2120.0,2120.0,405800,0.04157642684574041,0.0006234603983611348,2026-01-09 00:00:00+07:00,0.0006234603983611348,0.0006948066325851775,0.0006108269884419906
2026-01-12 00:00:00+07:00,2090.0,2200.0,2090.0,2140.0,282200,0.05129329438755048,0.000948933402211387,2026-01-12 00:00:00+07:00,0.000948933402211387,0.0008131844295600477,0.000585674606003573
2026-01-13 00:00:00+07:00,2160.0,2180.0,2120.0,2160.0,244500,0.027908788117076658,0.0002809289556420975,2026-01-13 00:00:00+07:00,0.0002809289556420975,0.0007175310238429539,0.000493408772658926
2026-01-14 00:00:00+07:00,2130.0,2180.0,2110.0,2110.0,645000,0.03263692931302253,0.0003841785644005481,2026-01-14 00:00:00+07:00,0.0003841785644005481,0.0005411944360205221,0.0004774036433644938
2026-01-15 00:00:00+07:00,2110.0,2150.0,2110.0,2140.0,222800,0.018779894651596275,0.0001272040242738004,2026-01-15 00:00:00+07:00,0.0001272040242738004,0.0004729410689777935,0.0003916465071314136
2026-01-16 00:00:00+07:00,2140.0,2160.0,2120.0,2120.0,294600,0.018692133012152546,0.000126017910172321,2026-01-16 00:00:00+07:00,0.000126017910172321,0.00037345257134003076,0.000387295810072261
2026-01-19 00:00:00+07:00,2130.0,2160.0,2100.0,2130.0,537000,0.028170876966696224,0.00028623008623927576,2026-01-19 00:00:00+07:00,0.00028623008623927576,0.00024091190814560845,0.0003902274846525156
2026-01-20 00:00:00+07:00,2120.0,2270.0,2120.0,2270.0,1503200,0.06836374280939016,0.001685645365798418,2026-01-20 00:00:00+07:00,0.001685645365798418,0.0005218551901768726,0.00045676894466727645
2026-01-21 00:00:00+07:00,2400.0,2400.0,2200.0,2260.0,704100,0.08701137698962969,0.0027306537262098475,2026-01-21 00:00:00+07:00,0.0027306537262098475,0.0009911502225387323,0.0005738616190616003
2026-01-22 00:00:00+07:00,2210.0,2330.0,2210.0,2280.0,414200,0.052875752047947776,0.0010083879849217179,2026-01-22 00:00:00+07:00,0.0010083879849217179,0.0011673870146683158,0.0006095348291234637
2026-01-23 00:00:00+07:00,2280.0,2300.0,2130.0,2130.0,476800,0.0767871432137703,0.002126628199716865,2026-01-23 00:00:00+07:00,0.002126628199716865,0.0015675090725772247,0.0006989938689994491
2026-01-26 00:00:00+07:00,2150.0,2200.0,2120.0,2150.0,477800,0.037041271680349076,0.0004948645273969961,2026-01-26 00:00:00+07:00,0.0004948645273969961,0.0016092359608087688,0.0007142818328608951
2026-01-27 00:00:00+07:00,2290.0,2290.0,2180.0,2180.0,500400,0.04922694076515067,0.0008740177285068246,2026-01-27 00:00:00+07:00,0.0008740177285068246,0.00144691043335045,0.0007230091007029072
2026-01-28 00:00:00+07:00,2330.0,2330.0,2330.0,2330.0,572800,0.0,0.0,2026-01-28 00:00:00+07:00,0.0,0.0009007796881084804,0.0006977903923477041
2026-01-29 00:00:00+07:00,2490.0,2490.0,2490.0,2490.0,403500,0.0,0.0,2026-01-29 00:00:00+07:00,0.0,0.000699102091124137,0.0006770604390933609
2026-01-30 00:00:00+07:00,2660.0,2660.0,2660.0,2660.0,915500,0.0,0.0,2026-01-30 00:00:00+07:00,0.0,0.00027377645118076396,0.0006612601653825448
2026-02-02 00:00:00+07:00,2840.0,2840.0,2680.0,2840.0,4883800,0.057987257650349316,0.0012127734715344468,2026-02-02 00:00:00+07:00,0.0012127734715344468,0.0004173582400082541,0.0007163862322704742
2026-02-03 00:00:00+07:00,2940.0,3000.0,2840.0,2840.0,2083000,0.05480823649499495,0.0010834433407291004,2026-02-03 00:00:00+07:00,0.0010834433407291004,0.0004592433624527093,0.0007656336568490698
2026-02-04 00:00:00+07:00,2840.0,2890.0,2650.0,2670.0,1337900,0.08669686212620993,0.002710948739796908,2026-02-04 00:00:00+07:00,0.002710948739796908,0.0010014331104120909,0.0008726293078699731
2026-02-05 00:00:00+07:00,2700.0,2850.0,2580.0,2850.0,2026900,0.09952959534703307,0.00357288488930362,2026-02-05 00:00:00+07:00,0.00357288488930362,0.0017160100882728149,0.0010005242581007027
2026-02-06 00:00:00+07:00,2810.0,3040.0,2800.0,2940.0,2583600,0.08223809823697201,0.002439274439582376,2026-02-06 00:00:00+07:00,0.002439274439582376,0.0022038649761892902,0.0010538612097402331
2026-02-09 00:00:00+07:00,2950.0,3090.0,2900.0,2950.0,1048300,0.06346035391722576,0.0014525113252448938,2026-02-09 00:00:00+07:00,0.0014525113252448938,0.0022518125469313797,0.0010985903218201172
2026-02-10 00:00:00+07:00,2900.0,2990.0,2750.0,2750.0,1211600,0.08367247572411504,0.0025251070011375267,2026-02-10 00:00:00+07:00,0.0025251070011375267,0.002540145279013065,0.0011850288037644986
2026-02-11 00:00:00+07:00,2800.0,2800.0,2560.0,2660.0,987900,0.08961215868968714,0.0028963325575884617,2026-02-11 00:00:00+07:00,0.0028963325575884617,0.0025772220425713754,0.0012735469471907292
2026-02-12 00:00:00+07:00,2660.0,2800.0,2660.0,2710.0,417500,0.05129329438755048,0.000948933402211387,2026-02-12 00:00:00+07:00,0.000948933402211387,0.002052431745152929,0.0013039107856711518
2026-02-13 00:00:00+07:00,2660.0,2770.0,2660.0,2670.0,432000,0.0405211974056394,0.0005922145704539858,2026-02-13 00:00:00+07:00,0.0005922145704539858,0.0016830197713272508,0.0013133669677644897
2026-02-16 00:00:00+07:00,2670.0,2670.0,2670.0,2670.0,0,0.0,0.0,2026-02-16 00:00:00+07:00,0.0,0.0013925175062782721,0.0013075849666611351
2026-02-17 00:00:00+07:00,2670.0,2670.0,2670.0,2670.0,0,0.0,0.0,2026-02-17 00:00:00+07:00,0.0,0.0008874961060507667,0.0013018568798351204
2026-02-18 00:00:00+07:00,2670.0,2670.0,2670.0,2670.0,0,0.0,0.0,2026-02-18 00:00:00+07:00,0.0,0.0003082295945330744,0.001288846421369699
2026-02-19 00:00:00+07:00,2670.0,2670.0,2670.0,2670.0,0,0.0,0.0,2026-02-19 00:00:00+07:00,0.0,0.00011844291409079698,0.001212226177469771
2026-02-20 00:00:00+07:00,2670.0,2670.0,2670.0,2670.0,0,0.0,0.0,2026-02-20 00:00:00+07:00,0.0,0.0,0.0010881055535511414
2026-02-23 00:00:00+07:00,2820.0,2820.0,2680.0,2700.0,725400,0.050920090427256946,0.000935174982254648,2026-02-23 00:00:00+07:00,0.000935174982254648,0.00018703499645092943,0.0010847776897935472
2026-02-24 00:00:00+07:00,2710.0,2880.0,2710.0,2880.0,1148700,0.060841659256245066,0.0013351087636476714,2026-02-24 00:00:00+07:00,0.0013351087636476714,0.00045405674918046375,0.001048799533608584
2026-02-25 00:00:00+07:00,3080.0,3080.0,3000.0,3080.0,2087300,0.026317308317373358,0.00024980290495886645,2026-02-25 00:00:00+07:00,0.00024980290495886645,0.0005040173301722369,0.0010376603689523053
2026-02-26 00:00:00+07:00,3270.0,3290.0,3180.0,3290.0,3748800,0.03400636798519516,0.00041709506147392266,2026-02-26 00:00:00+07:00,0.00041709506147392266,0.0005874363424670215,0.0010168911568144462
2026-02-27 00:00:00+07:00,3360.0,3470.0,3270.0,3310.0,1837200,0.059364609049605735,0.00127107088741442,2026-02-27 00:00:00+07:00,0.00127107088741442,0.0008416505199499056,0.0010746671062423743
2026-03-02 00:00:00+07:00,3080.0,3260.0,3080.0,3080.0,2658500,0.056797598393133246,0.001163521714328268,2026-03-02 00:00:00+07:00,0.001163521714328268,0.0008873198663646297,0.0011275544568936592
2026-03-03 00:00:00+07:00,3080.0,3260.0,3080.0,3080.0,2658500,0.056797598393133246,0.001163521714328268,2026-03-03 00:00:00+07:00,0.001163521714328268,0.0008530024565007487,0.001180441807544944
2026-03-04 00:00:00+07:00,2880.0,3030.0,2750.0,2920.0,1384700,0.09696170784279784,0.0033909006093760666,2026-03-04 00:00:00+07:00,0.0033909006093760666,0.001481221997384189,0.001279447586537745
2026-03-05 00:00:00+07:00,3030.0,3030.0,2810.0,2850.0,660800,0.07537813617562335,0.002049299042347989,2026-03-05 00:00:00+07:00,0.002049299042347989,0.001807662793559002,0.0013233501184295128
2026-03-06 00:00:00+07:00,2860.0,2890.0,2670.0,2680.0,1095900,0.07917802971218262,0.0022611216509742043,2026-03-06 00:00:00+07:00,0.0022611216509742043,0.0020056729462709587,0.0013029034325739352
2026-03-09 00:00:00+07:00,2500.0,2580.0,2500.0,2500.0,774800,0.031498667059371016,0.0003578482515486837,2026-03-09 00:00:00+07:00,0.0003578482515486837,0.0018445382537150422,0.0011567654035850746
2026-03-10 00:00:00+07:00,2440.0,2580.0,2390.0,2460.0,1354100,0.0764960329901068,0.002110534107091214,2026-03-10 00:00:00+07:00,0.002110534107091214,0.0020339407322676312,0.0011418226611991126
2026-03-11 00:00:00+07:00,2450.0,2630.0,2400.0,2630.0,670800,0.09151510883577334,0.003020648204345954,2026-03-11 00:00:00+07:00,0.003020648204345954,0.001959890251261609,0.001213101610249161
2026-03-12 00:00:00+07:00,2680.0,2780.0,2600.0,2710.0,575800,0.06693948267510931,0.0016161410110589562,2026-03-12 00:00:00+07:00,0.0016161410110589562,0.0018732586450038024,0.0011717849743364984
2026-03-13 00:00:00+07:00,2650.0,2780.0,2650.0,2680.0,420800,0.04789128770441485,0.0008272324775721577,2026-03-13 00:00:00+07:00,0.0008272324775721577,0.001586480810323393,0.0010777349706993938
2026-03-16 00:00:00+07:00,2700.0,2720.0,2660.0,2680.0,399000,0.022305757514298186,0.00017945208183806527,2026-03-16 00:00:00+07:00,0.00017945208183806527,0.0015508015763812694,0.001042758547046061
2026-03-17 00:00:00+07:00,2750.0,2750.0,2610.0,2670.0,424600,0.052250690343877894,0.0009846879270309983,2026-03-17 00:00:00+07:00,0.0009846879270309983,0.001325632340369226,0.001060598245072289
2026-03-18 00:00:00+07:00,2680.0,2680.0,2510.0,2530.0,1291200,0.06553404137907273,0.001548989413765133,2026-03-18 00:00:00+07:00,0.001548989413765133,0.001031300582253062,0.0011310068547888859
2026-03-19 00:00:00+07:00,2530.0,2600.0,2510.0,2530.0,277200,0.035228691883743814,0.00044761804081681135,2026-03-19 00:00:00+07:00,0.00044761804081681135,0.0007975959882046329,0.0011513531293714683
2026-03-20 00:00:00+07:00,2570.0,2570.0,2460.0,2470.0,605500,0.04374454896285696,0.0006901801008618176,2026-03-20 00:00:00+07:00,0.0006901801008618176,0.0007701855128625649,0.0011827249521379145
2026-03-23 00:00:00+07:00,2480.0,2570.0,2380.0,2390.0,1015500,0.07680541122374504,0.002127640189087667,2026-03-23 00:00:00+07:00,0.002127640189087667,0.0011598231343124851,0.0012794358698237174
2026-03-24 00:00:00+07:00,2450.0,2550.0,2450.0,2530.0,419000,0.040005334613699206,0.0005772319510342546,2026-03-24 00:00:00+07:00,0.0005772319510342546,0.0010783319391131365,0.00130567368577982
2026-03-25 00:00:00+07:00,2530.0,2600.0,2520.0,2520.0,609600,0.03125254350410453,0.0003522778072497247,2026-03-25 00:00:00+07:00,0.0003522778072497247,0.0008389896178100549,0.0012791783596432325
2026-03-26 00:00:00+07:00,2520.0,2570.0,2470.0,2530.0,394800,0.03968774826724254,0.0005681035019328744,2026-03-26 00:00:00+07:00,0.0005681035019328744,0.0008630867100332676,0.0012443144841107418
2026-03-27 00:00:00+07:00,2530.0,2650.0,2480.0,2640.0,427700,0.06630107982124007,0.001585461684310452,2026-03-27 00:00:00+07:00,0.001585461684310452,0.0010421430267229946,0.001305026246808541
2026-03-30 00:00:00+07:00,2590.0,2640.0,2530.0,2620.0,316200,0.0425596144187959,0.0006532958765024985,2026-03-30 00:00:00+07:00,0.0006532958765024985,0.0007472741642059607,0.0013157626474916582
2026-03-31 00:00:00+07:00,2630.0,2730.0,2620.0,2640.0,328200,0.04112729142386279,0.0006100631104410356,2026-03-31 00:00:00+07:00,0.0006100631104410356,0.0007538403960873169,0.0012857168394474134
2026-04-01 00:00:00+07:00,2650.0,2720.0,2550.0,2560.0,502000,0.06453852113757116,0.001502285815856572,2026-04-01 00:00:00+07:00,0.001502285815856572,0.0009838419978086864,0.0013011152076986999
2026-04-02 00:00:00+07:00,2560.0,2610.0,2490.0,2530.0,404000,0.04706751085798573,0.0007990188233099994,2026-04-02 00:00:00+07:00,0.0007990188233099994,0.0010300250620841112,0.0012845468944705969
2026-04-03 00:00:00+07:00,2500.0,2600.0,2480.0,2500.0,321400,0.04725288485054551,0.0008053250411028007,2026-04-03 00:00:00+07:00,0.0008053250411028007,0.0008739977334425811,0.0011670207322763573
2026-04-06 00:00:00+07:00,2500.0,2530.0,2480.0,2500.0,249200,0.01996074256253815,0.0001437036948365199,2026-04-06 00:00:00+07:00,0.0001437036948365199,0.0007720792971093854,0.001080402761934927
2026-04-07 00:00:00+07:00,2500.0,2520.0,2350.0,2510.0,401400,0.06984357336726434,0.0017594115930644552,2026-04-07 00:00:00+07:00,0.0017594115930644552,0.0010019489936340695,0.0010575977593026658
2026-04-08 00:00:00+07:00,2550.0,2630.0,2540.0,2610.0,453300,0.03481976515922791,0.00043728665417219016,2026-04-08 00:00:00+07:00,0.00043728665417219016,0.0007889491612971929,0.0010612085957855523
2026-04-09 00:00:00+07:00,2610.0,2650.0,2580.0,2610.0,437600,0.026770241064604832,0.00025847533783450097,2026-04-09 00:00:00+07:00,0.00025847533783450097,0.0006808404642020932,0.0009770241062738835
2026-04-10 00:00:00+07:00,2610.0,2650.0,2550.0,2560.0,488700,0.03846628082779614,0.0005336726463806602,2026-04-10 00:00:00+07:00,0.0005336726463806602,0.0006265099852576651,0.0008639797627300066
2026-04-13 00:00:00+07:00,2530.0,2580.0,2500.0,2520.0,349800,0.031498667059371016,0.0003578482515486837,2026-04-13 00:00:00+07:00,0.0003578482515486837,0.0006693388966000979,0.0008067846372977215
2026-04-14 00:00:00+07:00,2540.0,2590.0,2480.0,2510.0,789200,0.043399315534555644,0.0006793292397677986,2026-04-14 00:00:00+07:00,0.0006793292397677986,0.0004533224259407665,0.0008000617628520688
2026-04-15 00:00:00+07:00,2550.0,2550.0,2440.0,2470.0,682300,0.04409531986522438,0.0007012930617584381,2026-04-15 00:00:00+07:00,0.0007012930617584381,0.0005061237074580161,0.000823781807393904
2026-04-16 00:00:00+07:00,2440.0,2470.0,2400.0,2400.0,855400,0.028749413285985792,0.00029810723734774534,2026-04-16 00:00:00+07:00,0.00029810723734774534,0.000514050087360665,0.0007925735942264834
2026-04-17 00:00:00+07:00,2420.0,2430.0,2390.0,2390.0,338100,0.01659789140903783,9.936201392454004e-05,2026-04-17 00:00:00+07:00,9.936201392454004e-05,0.0004271879608694409,0.0007266814396882746
2026-04-20 00:00:00+07:00,2350.0,2400.0,2340.0,2360.0,533600,0.025317807984289786,0.00023118877891545173,2026-04-20 00:00:00+07:00,0.00023118877891545173,0.00040185606634279456,0.0007168437459654856
2026-04-21 00:00:00+07:00,2360.0,2360.0,2280.0,2300.0,851800,0.034486176071169404,0.0004289479829705675,2026-04-21 00:00:00+07:00,0.0004289479829705675,0.0003517798149833483,0.0007049695587886105
2026-04-22 00:00:00+07:00,2300.0,2460.0,2290.0,2460.0,366700,0.07160953237812322,0.0018495080378423325,2026-04-22 00:00:00+07:00,0.0018495080378423325,0.0005814228102001273,0.000692327188277459
2026-04-23 00:00:00+07:00,2550.0,2570.0,2400.0,2450.0,845700,0.06843716155322847,0.0016892678830775533,2026-04-23 00:00:00+07:00,0.0016892678830775533,0.0008596549393460889,0.0007428742760976089
2026-04-24 00:00:00+07:00,2450.0,2450.0,2310.0,2410.0,552800,0.058840500022933395,0.0012487262950965014,2026-04-24 00:00:00+07:00,0.0012487262950965014,0.0010895277955804811,0.0007836219346360986
2026-04-27 00:00:00+07:00,2410.0,2410.0,2410.0,2410.0,0,0.0,0.0,2026-04-27 00:00:00+07:00,0.0,0.001043290039797391,0.0007577990481846043
2026-04-28 00:00:00+07:00,2410.0,2410.0,2320.0,2380.0,365600,0.03805956182434498,0.0005224468507146531,2026-04-28 00:00:00+07:00,0.0005224468507146531,0.0010619898133462078,0.0007094801921120682
2026-04-29 00:00:00+07:00,2390.0,2450.0,2360.0,2390.0,281700,0.037426405519116815,0.0005052086589134722,2026-04-29 00:00:00+07:00,0.0005052086589134722,0.0007931299375604359,0.0007027489549489306
2026-04-30 00:00:00+07:00,2390.0,2390.0,2390.0,2390.0,0,0.0,0.0,2026-04-30 00:00:00+07:00,0.0,0.0004552763609449252,0.0006750188135652472
2026-05-01 00:00:00+07:00,2390.0,2390.0,2390.0,2390.0,0,0.0,0.0,2026-05-01 00:00:00+07:00,0.0,0.0002055311019256249,0.0006067330946626756
2026-05-04 00:00:00+07:00,2380.0,2400.0,2330.0,2340.0,415900,0.029600469776290682,0.000316017952446004,2026-05-04 00:00:00+07:00,0.000316017952446004,0.00026873469241482574,0.0005847785096234031
2026-05-05 00:00:00+07:00,2260.0,2360.0,2260.0,2280.0,435000,0.04329680575332426,0.000676123859772005,2026-05-05 00:00:00+07:00,0.000676123859772005,0.0002994700942262962,0.0005789057286538215
2026-05-06 00:00:00+07:00,2310.0,2330.0,2280.0,2300.0,361000,0.021692824611259754,0.0001697253674301644,2026-05-06 00:00:00+07:00,0.0001697253674301644,0.0002323734359296346,0.0005800885319535326
2026-05-07 00:00:00+07:00,2310.0,2340.0,2300.0,2310.0,379400,0.017241806434505954,0.00010722105544915411,2026-05-07 00:00:00+07:00,0.00010722105544915411,0.0002538176470194654,0.000504988962061928
2026-05-08 00:00:00+07:00,2340.0,2340.0,2260.0,2270.0,372100,0.034786116085415604,0.00043644189367201777,2026-05-08 00:00:00+07:00,0.00043644189367201777,0.00034110602575386896,0.0005049505638573746
2026-05-11 00:00:00+07:00,2290.0,2310.0,2180.0,2250.0,423500,0.05792264773270451,0.0012100724111929163,2026-05-11 00:00:00+07:00,0.0012100724111929163,0.0005199169175032514,0.0005482049762827572
2026-05-12 00:00:00+07:00,2220.0,2260.0,2170.0,2190.0,392400,0.04063764573182626,0.0005956232301527041,2026-05-12 00:00:00+07:00,0.0005956232301527041,0.0005038167915793911,0.0005510209119087592
2026-05-13 00:00:00+07:00,2160.0,2250.0,2160.0,2200.0,367500,0.0408219945202552,0.000601039462955598,2026-05-13 00:00:00+07:00,0.000601039462955598,0.0005900796106844779,0.0005620750578818008
2026-05-14 00:00:00+07:00,2210.0,2230.0,2190.0,2200.0,230600,0.018100041643617937,0.0001181608743023556,2026-05-14 00:00:00+07:00,0.0001181608743023556,0.0005922675744551182,0.0005365674049060988
2026-05-15 00:00:00+07:00,2200.0,2230.0,2180.0,2190.0,373700,0.02267670867102972,0.000185470391632893,2026-05-15 00:00:00+07:00,0.000185470391632893,0.0005420732740472933,0.0005131209199003922
2026-05-18 00:00:00+07:00,2190.0,2200.0,2150.0,2160.0,360700,0.02298951822469878,0.00019062255572359273,2026-05-18 00:00:00+07:00,0.00019062255572359273,0.00033818330295342855,0.0005082352525538398
2026-05-19 00:00:00+07:00,2180.0,2190.0,2140.0,2140.0,388000,0.023095714794649395,0.00019238772689116347,2026-05-19 00:00:00+07:00,0.00019238772689116347,0.0002575362023011204,0.0005124636940523228
2026-05-20 00:00:00+07:00,2170.0,2170.0,2050.0,2080.0,482500,0.056887374402051424,0.0011672028167758314,2026-05-20 00:00:00+07:00,0.0011672028167758314,0.0003707688730651671,0.00055500978668234
2026-05-21 00:00:00+07:00,2190.0,2220.0,2150.0,2220.0,158100,0.03203935374461666,0.00037023889628441805,2026-05-21 00:00:00+07:00,0.00037023889628441805,0.0004211844774615796,0.0005523411918329696
2026-05-22 00:00:00+07:00,2340.0,2340.0,2260.0,2260.0,735500,0.034786116085415604,0.00043644189367201777,2026-05-22 00:00:00+07:00,0.00043644189367201777,0.0004713787778694046,0.0004881109125525007
2026-05-25 00:00:00+07:00,2260.0,2260.0,2170.0,2170.0,232400,0.04063764573182626,0.0005956232301527041,2026-05-25 00:00:00+07:00,0.0005956232301527041,0.0005523789127552268,0.00043839979196500753
2026-05-26 00:00:00+07:00,2250.0,2250.0,2100.0,2120.0,510900,0.06899287148695142,0.0017168129834163463,2026-05-26 00:00:00+07:00,0.0017168129834163463,0.0008572639640602633,0.00045967645961590963
2026-05-27 00:00:00+07:00,2120.0,2140.0,2080.0,2090.0,379800,0.02843793532053341,0.0002916827002894018,2026-05-27 00:00:00+07:00,0.0002916827002894018,0.0006821599407629774,0.0004729347641745188
2026-05-28 00:00:00+07:00,2090.0,2120.0,2020.0,2030.0,396900,0.04831857727080773,0.0008420595852344766,2026-05-28 00:00:00+07:00,0.0008420595852344766,0.0007765240785529892,0.0004874626157436017
2026-05-29 00:00:00+07:00,2090.0,2090.0,2010.0,2020.0,315600,0.03902934390573529,0.0005494106188535591,2026-05-29 00:00:00+07:00,0.0005494106188535591,0.0007991178235892974,0.0004894717957408784
2026-06-01 00:00:00+07:00,2040.0,2060.0,2010.0,2040.0,252500,0.024571260730505327,0.00021775564801358212,2026-06-01 00:00:00+07:00,0.00021775564801358212,0.0007235443071614729,0.0004993697797414957
2026-06-02 00:00:00+07:00,2020.0,2050.0,2020.0,2030.0,379000,0.014742281737203431,7.83869850857332e-05,2026-06-02 00:00:00+07:00,7.83869850857332e-05,0.00039585910749535033,0.0005029328245181199
2026-06-03 00:00:00+07:00,2030.0,2100.0,2030.0,2080.0,361800,0.033901551675681416,0.00041452783703543514,2026-06-03 00:00:00+07:00,0.00041452783703543514,0.0004204281348445571,0.0005074105465449123
2026-06-04 00:00:00+07:00,2090.0,2090.0,2050.0,2060.0,50500,0.019324272826402842,0.00013468550790597794,2026-06-04 00:00:00+07:00,0.00013468550790597794,0.0002789533193788573,0.0004827997123691837
2026-06-05 00:00:00+07:00,2060.0,2090.0,2040.0,2040.0,174600,0.02421425812059453,0.0002114739527098425,2026-06-05 00:00:00+07:00,0.0002114739527098425,0.000211365986150114,0.00048469737533644186
2026-06-08 00:00:00+07:00,2040.0,2050.0,2020.0,2030.0,455800,0.014742281737203431,7.83869850857332e-05,2026-06-08 00:00:00+07:00,7.83869850857332e-05,0.00018349225356454425,0.0004833867357744682
2026-06-09 00:00:00+07:00,2050.0,2070.0,2030.0,2040.0,125000,0.01951281422358172,0.00013732650496263714,2026-06-09 00:00:00+07:00,0.00013732650496263714,0.000195280157539925,0.0004697905817422236
2026-06-10 00:00:00+07:00,2090.0,2140.0,2050.0,2130.0,371300,0.04296603588344334,0.0006658327016659078,2026-06-10 00:00:00+07:00,0.0006658327016659078,0.00024554113046601955,0.00044505241312735956
2026-06-11 00:00:00+07:00,2190.0,2190.0,2080.0,2080.0,124100,0.05153365011518288,0.0009578474704494647,2026-06-11 00:00:00+07:00,0.0009578474704494647,0.00041017352297471687,0.0004615171513226669
2026-06-12 00:00:00+07:00,2130.0,2130.0,2040.0,2040.0,155900,0.04317217186520878,0.0006722368913242427,2026-06-12 00:00:00+07:00,0.0006722368913242427,0.0005023261106975969,0.0004647533980666962
2026-06-15 00:00:00+07:00,2060.0,2140.0,2050.0,2060.0,254400,0.04296603588344334,0.0006658327016659078,2026-06-15 00:00:00+07:00,0.0006658327016659078,0.0006198152540136319,0.0004896475720377667
2026-06-16 00:00:00+07:00,2060.0,2080.0,2050.0,2060.0,171400,0.014528100562909808,7.612586182472639e-05,2026-06-16 00:00:00+07:00,7.612586182472639e-05,0.0006075751253860498,0.00048467736613739556
2026-06-17 00:00:00+07:00,2090.0,2090.0,2040.0,2040.0,218500,0.02421425812059453,0.0002114739527098425,2026-06-17 00:00:00+07:00,0.0002114739527098425,0.0005167033755948366,0.0004856251569094978
2026-06-18 00:00:00+07:00,2040.0,2050.0,2030.0,2040.0,135500,0.009804000096620835,3.466739120863695e-05,2026-06-18 00:00:00+07:00,3.466739120863695e-05,0.00033206735974667106,0.0004784560507421103
2026-06-19 00:00:00+07:00,2060.0,2100.0,2040.0,2050.0,321500,0.028987536873252187,0.0003030659712484705,2026-06-19 00:00:00+07:00,0.0003030659712484705,0.00025823317573151665,0.00043917710321813934
